INSERT INTO PESSOA ( "ID", "NOME" ) VALUES(11, 'Noel Dach');
INSERT INTO USUARIO ( "ID", "PESSOA_ID" ) VALUES('homorganic@email.com',11);
INSERT INTO RANKING ( "ID", "USUARIO_ID" ) VALUES (11,'homorganic@email.com');
INSERT INTO VOTO ( "ID", "NOTA", "TIPO_VOTO", "RESTAURANTE_ID" ) VALUES(251,3,'ATENDIMENTO',1);
INSERT INTO RANKING_VOTOS ( "RANKING", "VOTOS" ) VALUES(11,251);
INSERT INTO VOTO ( "ID", "NOTA", "TIPO_VOTO", "RESTAURANTE_ID" ) VALUES(252,3,'DEMORA',1);
INSERT INTO RANKING_VOTOS ( "RANKING", "VOTOS" ) VALUES(11,252);
INSERT INTO VOTO ( "ID", "NOTA", "TIPO_VOTO", "RESTAURANTE_ID" ) VALUES(253,4,'SABOR',1);
INSERT INTO RANKING_VOTOS ( "RANKING", "VOTOS" ) VALUES(11,253);
INSERT INTO VOTO ( "ID", "NOTA", "TIPO_VOTO", "RESTAURANTE_ID" ) VALUES(254,1,'PRECO',1);
INSERT INTO RANKING_VOTOS ( "RANKING", "VOTOS" ) VALUES(11,254);
INSERT INTO VOTO ( "ID", "NOTA", "TIPO_VOTO", "RESTAURANTE_ID" ) VALUES(255,3,'LOCALIZACAO',1);
INSERT INTO RANKING_VOTOS ( "RANKING", "VOTOS" ) VALUES(11,255);
INSERT INTO VOTO ( "ID", "NOTA", "TIPO_VOTO", "RESTAURANTE_ID" ) VALUES(256,3,'ATENDIMENTO',2);
INSERT INTO RANKING_VOTOS ( "RANKING", "VOTOS" ) VALUES(11,256);
INSERT INTO VOTO ( "ID", "NOTA", "TIPO_VOTO", "RESTAURANTE_ID" ) VALUES(257,5,'DEMORA',2);
INSERT INTO RANKING_VOTOS ( "RANKING", "VOTOS" ) VALUES(11,257);
INSERT INTO VOTO ( "ID", "NOTA", "TIPO_VOTO", "RESTAURANTE_ID" ) VALUES(258,3,'SABOR',2);
INSERT INTO RANKING_VOTOS ( "RANKING", "VOTOS" ) VALUES(11,258);
INSERT INTO VOTO ( "ID", "NOTA", "TIPO_VOTO", "RESTAURANTE_ID" ) VALUES(259,2,'PRECO',2);
INSERT INTO RANKING_VOTOS ( "RANKING", "VOTOS" ) VALUES(11,259);
INSERT INTO VOTO ( "ID", "NOTA", "TIPO_VOTO", "RESTAURANTE_ID" ) VALUES(260,5,'LOCALIZACAO',2);
INSERT INTO RANKING_VOTOS ( "RANKING", "VOTOS" ) VALUES(11,260);
INSERT INTO VOTO ( "ID", "NOTA", "TIPO_VOTO", "RESTAURANTE_ID" ) VALUES(261,2,'ATENDIMENTO',3);
INSERT INTO RANKING_VOTOS ( "RANKING", "VOTOS" ) VALUES(11,261);
INSERT INTO VOTO ( "ID", "NOTA", "TIPO_VOTO", "RESTAURANTE_ID" ) VALUES(262,1,'DEMORA',3);
INSERT INTO RANKING_VOTOS ( "RANKING", "VOTOS" ) VALUES(11,262);
INSERT INTO VOTO ( "ID", "NOTA", "TIPO_VOTO", "RESTAURANTE_ID" ) VALUES(263,5,'SABOR',3);
INSERT INTO RANKING_VOTOS ( "RANKING", "VOTOS" ) VALUES(11,263);
INSERT INTO VOTO ( "ID", "NOTA", "TIPO_VOTO", "RESTAURANTE_ID" ) VALUES(264,2,'PRECO',3);
INSERT INTO RANKING_VOTOS ( "RANKING", "VOTOS" ) VALUES(11,264);
INSERT INTO VOTO ( "ID", "NOTA", "TIPO_VOTO", "RESTAURANTE_ID" ) VALUES(265,2,'LOCALIZACAO',3);
INSERT INTO RANKING_VOTOS ( "RANKING", "VOTOS" ) VALUES(11,265);
INSERT INTO VOTO ( "ID", "NOTA", "TIPO_VOTO", "RESTAURANTE_ID" ) VALUES(266,5,'ATENDIMENTO',4);
INSERT INTO RANKING_VOTOS ( "RANKING", "VOTOS" ) VALUES(11,266);
INSERT INTO VOTO ( "ID", "NOTA", "TIPO_VOTO", "RESTAURANTE_ID" ) VALUES(267,1,'DEMORA',4);
INSERT INTO RANKING_VOTOS ( "RANKING", "VOTOS" ) VALUES(11,267);
INSERT INTO VOTO ( "ID", "NOTA", "TIPO_VOTO", "RESTAURANTE_ID" ) VALUES(268,3,'SABOR',4);
INSERT INTO RANKING_VOTOS ( "RANKING", "VOTOS" ) VALUES(11,268);
INSERT INTO VOTO ( "ID", "NOTA", "TIPO_VOTO", "RESTAURANTE_ID" ) VALUES(269,2,'PRECO',4);
INSERT INTO RANKING_VOTOS ( "RANKING", "VOTOS" ) VALUES(11,269);
INSERT INTO VOTO ( "ID", "NOTA", "TIPO_VOTO", "RESTAURANTE_ID" ) VALUES(270,2,'LOCALIZACAO',4);
INSERT INTO RANKING_VOTOS ( "RANKING", "VOTOS" ) VALUES(11,270);
INSERT INTO VOTO ( "ID", "NOTA", "TIPO_VOTO", "RESTAURANTE_ID" ) VALUES(271,5,'ATENDIMENTO',5);
INSERT INTO RANKING_VOTOS ( "RANKING", "VOTOS" ) VALUES(11,271);
INSERT INTO VOTO ( "ID", "NOTA", "TIPO_VOTO", "RESTAURANTE_ID" ) VALUES(272,3,'DEMORA',5);
INSERT INTO RANKING_VOTOS ( "RANKING", "VOTOS" ) VALUES(11,272);
INSERT INTO VOTO ( "ID", "NOTA", "TIPO_VOTO", "RESTAURANTE_ID" ) VALUES(273,3,'SABOR',5);
INSERT INTO RANKING_VOTOS ( "RANKING", "VOTOS" ) VALUES(11,273);
INSERT INTO VOTO ( "ID", "NOTA", "TIPO_VOTO", "RESTAURANTE_ID" ) VALUES(274,2,'PRECO',5);
INSERT INTO RANKING_VOTOS ( "RANKING", "VOTOS" ) VALUES(11,274);
INSERT INTO VOTO ( "ID", "NOTA", "TIPO_VOTO", "RESTAURANTE_ID" ) VALUES(275,4,'LOCALIZACAO',5);
INSERT INTO RANKING_VOTOS ( "RANKING", "VOTOS" ) VALUES(11,275);
INSERT INTO PESSOA ( "ID", "NOME" ) VALUES(12, 'Erik Conn');
INSERT INTO USUARIO ( "ID", "PESSOA_ID" ) VALUES('apoplectic@email.com',12);
INSERT INTO RANKING ( "ID", "USUARIO_ID" ) VALUES (12,'apoplectic@email.com');
INSERT INTO VOTO ( "ID", "NOTA", "TIPO_VOTO", "RESTAURANTE_ID" ) VALUES(276,5,'ATENDIMENTO',1);
INSERT INTO RANKING_VOTOS ( "RANKING", "VOTOS" ) VALUES(12,276);
INSERT INTO VOTO ( "ID", "NOTA", "TIPO_VOTO", "RESTAURANTE_ID" ) VALUES(277,4,'DEMORA',1);
INSERT INTO RANKING_VOTOS ( "RANKING", "VOTOS" ) VALUES(12,277);
INSERT INTO VOTO ( "ID", "NOTA", "TIPO_VOTO", "RESTAURANTE_ID" ) VALUES(278,2,'SABOR',1);
INSERT INTO RANKING_VOTOS ( "RANKING", "VOTOS" ) VALUES(12,278);
INSERT INTO VOTO ( "ID", "NOTA", "TIPO_VOTO", "RESTAURANTE_ID" ) VALUES(279,2,'PRECO',1);
INSERT INTO RANKING_VOTOS ( "RANKING", "VOTOS" ) VALUES(12,279);
INSERT INTO VOTO ( "ID", "NOTA", "TIPO_VOTO", "RESTAURANTE_ID" ) VALUES(280,4,'LOCALIZACAO',1);
INSERT INTO RANKING_VOTOS ( "RANKING", "VOTOS" ) VALUES(12,280);
INSERT INTO VOTO ( "ID", "NOTA", "TIPO_VOTO", "RESTAURANTE_ID" ) VALUES(281,3,'ATENDIMENTO',2);
INSERT INTO RANKING_VOTOS ( "RANKING", "VOTOS" ) VALUES(12,281);
INSERT INTO VOTO ( "ID", "NOTA", "TIPO_VOTO", "RESTAURANTE_ID" ) VALUES(282,3,'DEMORA',2);
INSERT INTO RANKING_VOTOS ( "RANKING", "VOTOS" ) VALUES(12,282);
INSERT INTO VOTO ( "ID", "NOTA", "TIPO_VOTO", "RESTAURANTE_ID" ) VALUES(283,5,'SABOR',2);
INSERT INTO RANKING_VOTOS ( "RANKING", "VOTOS" ) VALUES(12,283);
INSERT INTO VOTO ( "ID", "NOTA", "TIPO_VOTO", "RESTAURANTE_ID" ) VALUES(284,4,'PRECO',2);
INSERT INTO RANKING_VOTOS ( "RANKING", "VOTOS" ) VALUES(12,284);
INSERT INTO VOTO ( "ID", "NOTA", "TIPO_VOTO", "RESTAURANTE_ID" ) VALUES(285,1,'LOCALIZACAO',2);
INSERT INTO RANKING_VOTOS ( "RANKING", "VOTOS" ) VALUES(12,285);
INSERT INTO VOTO ( "ID", "NOTA", "TIPO_VOTO", "RESTAURANTE_ID" ) VALUES(286,4,'ATENDIMENTO',3);
INSERT INTO RANKING_VOTOS ( "RANKING", "VOTOS" ) VALUES(12,286);
INSERT INTO VOTO ( "ID", "NOTA", "TIPO_VOTO", "RESTAURANTE_ID" ) VALUES(287,1,'DEMORA',3);
INSERT INTO RANKING_VOTOS ( "RANKING", "VOTOS" ) VALUES(12,287);
INSERT INTO VOTO ( "ID", "NOTA", "TIPO_VOTO", "RESTAURANTE_ID" ) VALUES(288,1,'SABOR',3);
INSERT INTO RANKING_VOTOS ( "RANKING", "VOTOS" ) VALUES(12,288);
INSERT INTO VOTO ( "ID", "NOTA", "TIPO_VOTO", "RESTAURANTE_ID" ) VALUES(289,2,'PRECO',3);
INSERT INTO RANKING_VOTOS ( "RANKING", "VOTOS" ) VALUES(12,289);
INSERT INTO VOTO ( "ID", "NOTA", "TIPO_VOTO", "RESTAURANTE_ID" ) VALUES(290,4,'LOCALIZACAO',3);
INSERT INTO RANKING_VOTOS ( "RANKING", "VOTOS" ) VALUES(12,290);
INSERT INTO VOTO ( "ID", "NOTA", "TIPO_VOTO", "RESTAURANTE_ID" ) VALUES(291,2,'ATENDIMENTO',4);
INSERT INTO RANKING_VOTOS ( "RANKING", "VOTOS" ) VALUES(12,291);
INSERT INTO VOTO ( "ID", "NOTA", "TIPO_VOTO", "RESTAURANTE_ID" ) VALUES(292,3,'DEMORA',4);
INSERT INTO RANKING_VOTOS ( "RANKING", "VOTOS" ) VALUES(12,292);
INSERT INTO VOTO ( "ID", "NOTA", "TIPO_VOTO", "RESTAURANTE_ID" ) VALUES(293,1,'SABOR',4);
INSERT INTO RANKING_VOTOS ( "RANKING", "VOTOS" ) VALUES(12,293);
INSERT INTO VOTO ( "ID", "NOTA", "TIPO_VOTO", "RESTAURANTE_ID" ) VALUES(294,2,'PRECO',4);
INSERT INTO RANKING_VOTOS ( "RANKING", "VOTOS" ) VALUES(12,294);
INSERT INTO VOTO ( "ID", "NOTA", "TIPO_VOTO", "RESTAURANTE_ID" ) VALUES(295,2,'LOCALIZACAO',4);
INSERT INTO RANKING_VOTOS ( "RANKING", "VOTOS" ) VALUES(12,295);
INSERT INTO VOTO ( "ID", "NOTA", "TIPO_VOTO", "RESTAURANTE_ID" ) VALUES(296,1,'ATENDIMENTO',5);
INSERT INTO RANKING_VOTOS ( "RANKING", "VOTOS" ) VALUES(12,296);
INSERT INTO VOTO ( "ID", "NOTA", "TIPO_VOTO", "RESTAURANTE_ID" ) VALUES(297,2,'DEMORA',5);
INSERT INTO RANKING_VOTOS ( "RANKING", "VOTOS" ) VALUES(12,297);
INSERT INTO VOTO ( "ID", "NOTA", "TIPO_VOTO", "RESTAURANTE_ID" ) VALUES(298,2,'SABOR',5);
INSERT INTO RANKING_VOTOS ( "RANKING", "VOTOS" ) VALUES(12,298);
INSERT INTO VOTO ( "ID", "NOTA", "TIPO_VOTO", "RESTAURANTE_ID" ) VALUES(299,2,'PRECO',5);
INSERT INTO RANKING_VOTOS ( "RANKING", "VOTOS" ) VALUES(12,299);
INSERT INTO VOTO ( "ID", "NOTA", "TIPO_VOTO", "RESTAURANTE_ID" ) VALUES(300,2,'LOCALIZACAO',5);
INSERT INTO RANKING_VOTOS ( "RANKING", "VOTOS" ) VALUES(12,300);
INSERT INTO PESSOA ( "ID", "NOME" ) VALUES(13, 'Troy Hane');
INSERT INTO USUARIO ( "ID", "PESSOA_ID" ) VALUES('chlorinity@email.com',13);
INSERT INTO RANKING ( "ID", "USUARIO_ID" ) VALUES (13,'chlorinity@email.com');
INSERT INTO VOTO ( "ID", "NOTA", "TIPO_VOTO", "RESTAURANTE_ID" ) VALUES(301,2,'ATENDIMENTO',1);
INSERT INTO RANKING_VOTOS ( "RANKING", "VOTOS" ) VALUES(13,301);
INSERT INTO VOTO ( "ID", "NOTA", "TIPO_VOTO", "RESTAURANTE_ID" ) VALUES(302,5,'DEMORA',1);
INSERT INTO RANKING_VOTOS ( "RANKING", "VOTOS" ) VALUES(13,302);
INSERT INTO VOTO ( "ID", "NOTA", "TIPO_VOTO", "RESTAURANTE_ID" ) VALUES(303,5,'SABOR',1);
INSERT INTO RANKING_VOTOS ( "RANKING", "VOTOS" ) VALUES(13,303);
INSERT INTO VOTO ( "ID", "NOTA", "TIPO_VOTO", "RESTAURANTE_ID" ) VALUES(304,3,'PRECO',1);
INSERT INTO RANKING_VOTOS ( "RANKING", "VOTOS" ) VALUES(13,304);
INSERT INTO VOTO ( "ID", "NOTA", "TIPO_VOTO", "RESTAURANTE_ID" ) VALUES(305,5,'LOCALIZACAO',1);
INSERT INTO RANKING_VOTOS ( "RANKING", "VOTOS" ) VALUES(13,305);
INSERT INTO VOTO ( "ID", "NOTA", "TIPO_VOTO", "RESTAURANTE_ID" ) VALUES(306,3,'ATENDIMENTO',2);
INSERT INTO RANKING_VOTOS ( "RANKING", "VOTOS" ) VALUES(13,306);
INSERT INTO VOTO ( "ID", "NOTA", "TIPO_VOTO", "RESTAURANTE_ID" ) VALUES(307,2,'DEMORA',2);
INSERT INTO RANKING_VOTOS ( "RANKING", "VOTOS" ) VALUES(13,307);
INSERT INTO VOTO ( "ID", "NOTA", "TIPO_VOTO", "RESTAURANTE_ID" ) VALUES(308,3,'SABOR',2);
INSERT INTO RANKING_VOTOS ( "RANKING", "VOTOS" ) VALUES(13,308);
INSERT INTO VOTO ( "ID", "NOTA", "TIPO_VOTO", "RESTAURANTE_ID" ) VALUES(309,4,'PRECO',2);
INSERT INTO RANKING_VOTOS ( "RANKING", "VOTOS" ) VALUES(13,309);
INSERT INTO VOTO ( "ID", "NOTA", "TIPO_VOTO", "RESTAURANTE_ID" ) VALUES(310,4,'LOCALIZACAO',2);
INSERT INTO RANKING_VOTOS ( "RANKING", "VOTOS" ) VALUES(13,310);
INSERT INTO VOTO ( "ID", "NOTA", "TIPO_VOTO", "RESTAURANTE_ID" ) VALUES(311,5,'ATENDIMENTO',3);
INSERT INTO RANKING_VOTOS ( "RANKING", "VOTOS" ) VALUES(13,311);
INSERT INTO VOTO ( "ID", "NOTA", "TIPO_VOTO", "RESTAURANTE_ID" ) VALUES(312,4,'DEMORA',3);
INSERT INTO RANKING_VOTOS ( "RANKING", "VOTOS" ) VALUES(13,312);
INSERT INTO VOTO ( "ID", "NOTA", "TIPO_VOTO", "RESTAURANTE_ID" ) VALUES(313,5,'SABOR',3);
INSERT INTO RANKING_VOTOS ( "RANKING", "VOTOS" ) VALUES(13,313);
INSERT INTO VOTO ( "ID", "NOTA", "TIPO_VOTO", "RESTAURANTE_ID" ) VALUES(314,2,'PRECO',3);
INSERT INTO RANKING_VOTOS ( "RANKING", "VOTOS" ) VALUES(13,314);
INSERT INTO VOTO ( "ID", "NOTA", "TIPO_VOTO", "RESTAURANTE_ID" ) VALUES(315,5,'LOCALIZACAO',3);
INSERT INTO RANKING_VOTOS ( "RANKING", "VOTOS" ) VALUES(13,315);
INSERT INTO VOTO ( "ID", "NOTA", "TIPO_VOTO", "RESTAURANTE_ID" ) VALUES(316,5,'ATENDIMENTO',4);
INSERT INTO RANKING_VOTOS ( "RANKING", "VOTOS" ) VALUES(13,316);
INSERT INTO VOTO ( "ID", "NOTA", "TIPO_VOTO", "RESTAURANTE_ID" ) VALUES(317,2,'DEMORA',4);
INSERT INTO RANKING_VOTOS ( "RANKING", "VOTOS" ) VALUES(13,317);
INSERT INTO VOTO ( "ID", "NOTA", "TIPO_VOTO", "RESTAURANTE_ID" ) VALUES(318,5,'SABOR',4);
INSERT INTO RANKING_VOTOS ( "RANKING", "VOTOS" ) VALUES(13,318);
INSERT INTO VOTO ( "ID", "NOTA", "TIPO_VOTO", "RESTAURANTE_ID" ) VALUES(319,2,'PRECO',4);
INSERT INTO RANKING_VOTOS ( "RANKING", "VOTOS" ) VALUES(13,319);
INSERT INTO VOTO ( "ID", "NOTA", "TIPO_VOTO", "RESTAURANTE_ID" ) VALUES(320,4,'LOCALIZACAO',4);
INSERT INTO RANKING_VOTOS ( "RANKING", "VOTOS" ) VALUES(13,320);
INSERT INTO VOTO ( "ID", "NOTA", "TIPO_VOTO", "RESTAURANTE_ID" ) VALUES(321,1,'ATENDIMENTO',5);
INSERT INTO RANKING_VOTOS ( "RANKING", "VOTOS" ) VALUES(13,321);
INSERT INTO VOTO ( "ID", "NOTA", "TIPO_VOTO", "RESTAURANTE_ID" ) VALUES(322,2,'DEMORA',5);
INSERT INTO RANKING_VOTOS ( "RANKING", "VOTOS" ) VALUES(13,322);
INSERT INTO VOTO ( "ID", "NOTA", "TIPO_VOTO", "RESTAURANTE_ID" ) VALUES(323,3,'SABOR',5);
INSERT INTO RANKING_VOTOS ( "RANKING", "VOTOS" ) VALUES(13,323);
INSERT INTO VOTO ( "ID", "NOTA", "TIPO_VOTO", "RESTAURANTE_ID" ) VALUES(324,3,'PRECO',5);
INSERT INTO RANKING_VOTOS ( "RANKING", "VOTOS" ) VALUES(13,324);
INSERT INTO VOTO ( "ID", "NOTA", "TIPO_VOTO", "RESTAURANTE_ID" ) VALUES(325,3,'LOCALIZACAO',5);
INSERT INTO RANKING_VOTOS ( "RANKING", "VOTOS" ) VALUES(13,325);
INSERT INTO PESSOA ( "ID", "NOME" ) VALUES(14, 'Jeff Hahn');
INSERT INTO USUARIO ( "ID", "PESSOA_ID" ) VALUES('staurolite@email.com',14);
INSERT INTO RANKING ( "ID", "USUARIO_ID" ) VALUES (14,'staurolite@email.com');
INSERT INTO VOTO ( "ID", "NOTA", "TIPO_VOTO", "RESTAURANTE_ID" ) VALUES(326,4,'ATENDIMENTO',1);
INSERT INTO RANKING_VOTOS ( "RANKING", "VOTOS" ) VALUES(14,326);
INSERT INTO VOTO ( "ID", "NOTA", "TIPO_VOTO", "RESTAURANTE_ID" ) VALUES(327,4,'DEMORA',1);
INSERT INTO RANKING_VOTOS ( "RANKING", "VOTOS" ) VALUES(14,327);
INSERT INTO VOTO ( "ID", "NOTA", "TIPO_VOTO", "RESTAURANTE_ID" ) VALUES(328,5,'SABOR',1);
INSERT INTO RANKING_VOTOS ( "RANKING", "VOTOS" ) VALUES(14,328);
INSERT INTO VOTO ( "ID", "NOTA", "TIPO_VOTO", "RESTAURANTE_ID" ) VALUES(329,5,'PRECO',1);
INSERT INTO RANKING_VOTOS ( "RANKING", "VOTOS" ) VALUES(14,329);
INSERT INTO VOTO ( "ID", "NOTA", "TIPO_VOTO", "RESTAURANTE_ID" ) VALUES(330,4,'LOCALIZACAO',1);
INSERT INTO RANKING_VOTOS ( "RANKING", "VOTOS" ) VALUES(14,330);
INSERT INTO VOTO ( "ID", "NOTA", "TIPO_VOTO", "RESTAURANTE_ID" ) VALUES(331,4,'ATENDIMENTO',2);
INSERT INTO RANKING_VOTOS ( "RANKING", "VOTOS" ) VALUES(14,331);
INSERT INTO VOTO ( "ID", "NOTA", "TIPO_VOTO", "RESTAURANTE_ID" ) VALUES(332,2,'DEMORA',2);
INSERT INTO RANKING_VOTOS ( "RANKING", "VOTOS" ) VALUES(14,332);
INSERT INTO VOTO ( "ID", "NOTA", "TIPO_VOTO", "RESTAURANTE_ID" ) VALUES(333,1,'SABOR',2);
INSERT INTO RANKING_VOTOS ( "RANKING", "VOTOS" ) VALUES(14,333);
INSERT INTO VOTO ( "ID", "NOTA", "TIPO_VOTO", "RESTAURANTE_ID" ) VALUES(334,2,'PRECO',2);
INSERT INTO RANKING_VOTOS ( "RANKING", "VOTOS" ) VALUES(14,334);
INSERT INTO VOTO ( "ID", "NOTA", "TIPO_VOTO", "RESTAURANTE_ID" ) VALUES(335,5,'LOCALIZACAO',2);
INSERT INTO RANKING_VOTOS ( "RANKING", "VOTOS" ) VALUES(14,335);
INSERT INTO VOTO ( "ID", "NOTA", "TIPO_VOTO", "RESTAURANTE_ID" ) VALUES(336,1,'ATENDIMENTO',3);
INSERT INTO RANKING_VOTOS ( "RANKING", "VOTOS" ) VALUES(14,336);
INSERT INTO VOTO ( "ID", "NOTA", "TIPO_VOTO", "RESTAURANTE_ID" ) VALUES(337,1,'DEMORA',3);
INSERT INTO RANKING_VOTOS ( "RANKING", "VOTOS" ) VALUES(14,337);
INSERT INTO VOTO ( "ID", "NOTA", "TIPO_VOTO", "RESTAURANTE_ID" ) VALUES(338,2,'SABOR',3);
INSERT INTO RANKING_VOTOS ( "RANKING", "VOTOS" ) VALUES(14,338);
INSERT INTO VOTO ( "ID", "NOTA", "TIPO_VOTO", "RESTAURANTE_ID" ) VALUES(339,5,'PRECO',3);
INSERT INTO RANKING_VOTOS ( "RANKING", "VOTOS" ) VALUES(14,339);
INSERT INTO VOTO ( "ID", "NOTA", "TIPO_VOTO", "RESTAURANTE_ID" ) VALUES(340,5,'LOCALIZACAO',3);
INSERT INTO RANKING_VOTOS ( "RANKING", "VOTOS" ) VALUES(14,340);
INSERT INTO VOTO ( "ID", "NOTA", "TIPO_VOTO", "RESTAURANTE_ID" ) VALUES(341,4,'ATENDIMENTO',4);
INSERT INTO RANKING_VOTOS ( "RANKING", "VOTOS" ) VALUES(14,341);
INSERT INTO VOTO ( "ID", "NOTA", "TIPO_VOTO", "RESTAURANTE_ID" ) VALUES(342,1,'DEMORA',4);
INSERT INTO RANKING_VOTOS ( "RANKING", "VOTOS" ) VALUES(14,342);
INSERT INTO VOTO ( "ID", "NOTA", "TIPO_VOTO", "RESTAURANTE_ID" ) VALUES(343,1,'SABOR',4);
INSERT INTO RANKING_VOTOS ( "RANKING", "VOTOS" ) VALUES(14,343);
INSERT INTO VOTO ( "ID", "NOTA", "TIPO_VOTO", "RESTAURANTE_ID" ) VALUES(344,2,'PRECO',4);
INSERT INTO RANKING_VOTOS ( "RANKING", "VOTOS" ) VALUES(14,344);
INSERT INTO VOTO ( "ID", "NOTA", "TIPO_VOTO", "RESTAURANTE_ID" ) VALUES(345,4,'LOCALIZACAO',4);
INSERT INTO RANKING_VOTOS ( "RANKING", "VOTOS" ) VALUES(14,345);
INSERT INTO VOTO ( "ID", "NOTA", "TIPO_VOTO", "RESTAURANTE_ID" ) VALUES(346,3,'ATENDIMENTO',5);
INSERT INTO RANKING_VOTOS ( "RANKING", "VOTOS" ) VALUES(14,346);
INSERT INTO VOTO ( "ID", "NOTA", "TIPO_VOTO", "RESTAURANTE_ID" ) VALUES(347,5,'DEMORA',5);
INSERT INTO RANKING_VOTOS ( "RANKING", "VOTOS" ) VALUES(14,347);
INSERT INTO VOTO ( "ID", "NOTA", "TIPO_VOTO", "RESTAURANTE_ID" ) VALUES(348,5,'SABOR',5);
INSERT INTO RANKING_VOTOS ( "RANKING", "VOTOS" ) VALUES(14,348);
INSERT INTO VOTO ( "ID", "NOTA", "TIPO_VOTO", "RESTAURANTE_ID" ) VALUES(349,3,'PRECO',5);
INSERT INTO RANKING_VOTOS ( "RANKING", "VOTOS" ) VALUES(14,349);
INSERT INTO VOTO ( "ID", "NOTA", "TIPO_VOTO", "RESTAURANTE_ID" ) VALUES(350,3,'LOCALIZACAO',5);
INSERT INTO RANKING_VOTOS ( "RANKING", "VOTOS" ) VALUES(14,350);
INSERT INTO PESSOA ( "ID", "NOME" ) VALUES(15, 'Curt Rice');
INSERT INTO USUARIO ( "ID", "PESSOA_ID" ) VALUES('denervated@email.com',15);
INSERT INTO RANKING ( "ID", "USUARIO_ID" ) VALUES (15,'denervated@email.com');
INSERT INTO VOTO ( "ID", "NOTA", "TIPO_VOTO", "RESTAURANTE_ID" ) VALUES(351,1,'ATENDIMENTO',1);
INSERT INTO RANKING_VOTOS ( "RANKING", "VOTOS" ) VALUES(15,351);
INSERT INTO VOTO ( "ID", "NOTA", "TIPO_VOTO", "RESTAURANTE_ID" ) VALUES(352,1,'DEMORA',1);
INSERT INTO RANKING_VOTOS ( "RANKING", "VOTOS" ) VALUES(15,352);
INSERT INTO VOTO ( "ID", "NOTA", "TIPO_VOTO", "RESTAURANTE_ID" ) VALUES(353,2,'SABOR',1);
INSERT INTO RANKING_VOTOS ( "RANKING", "VOTOS" ) VALUES(15,353);
INSERT INTO VOTO ( "ID", "NOTA", "TIPO_VOTO", "RESTAURANTE_ID" ) VALUES(354,1,'PRECO',1);
INSERT INTO RANKING_VOTOS ( "RANKING", "VOTOS" ) VALUES(15,354);
INSERT INTO VOTO ( "ID", "NOTA", "TIPO_VOTO", "RESTAURANTE_ID" ) VALUES(355,1,'LOCALIZACAO',1);
INSERT INTO RANKING_VOTOS ( "RANKING", "VOTOS" ) VALUES(15,355);
INSERT INTO VOTO ( "ID", "NOTA", "TIPO_VOTO", "RESTAURANTE_ID" ) VALUES(356,1,'ATENDIMENTO',2);
INSERT INTO RANKING_VOTOS ( "RANKING", "VOTOS" ) VALUES(15,356);
INSERT INTO VOTO ( "ID", "NOTA", "TIPO_VOTO", "RESTAURANTE_ID" ) VALUES(357,4,'DEMORA',2);
INSERT INTO RANKING_VOTOS ( "RANKING", "VOTOS" ) VALUES(15,357);
INSERT INTO VOTO ( "ID", "NOTA", "TIPO_VOTO", "RESTAURANTE_ID" ) VALUES(358,3,'SABOR',2);
INSERT INTO RANKING_VOTOS ( "RANKING", "VOTOS" ) VALUES(15,358);
INSERT INTO VOTO ( "ID", "NOTA", "TIPO_VOTO", "RESTAURANTE_ID" ) VALUES(359,2,'PRECO',2);
INSERT INTO RANKING_VOTOS ( "RANKING", "VOTOS" ) VALUES(15,359);
INSERT INTO VOTO ( "ID", "NOTA", "TIPO_VOTO", "RESTAURANTE_ID" ) VALUES(360,2,'LOCALIZACAO',2);
INSERT INTO RANKING_VOTOS ( "RANKING", "VOTOS" ) VALUES(15,360);
INSERT INTO VOTO ( "ID", "NOTA", "TIPO_VOTO", "RESTAURANTE_ID" ) VALUES(361,2,'ATENDIMENTO',3);
INSERT INTO RANKING_VOTOS ( "RANKING", "VOTOS" ) VALUES(15,361);
INSERT INTO VOTO ( "ID", "NOTA", "TIPO_VOTO", "RESTAURANTE_ID" ) VALUES(362,2,'DEMORA',3);
INSERT INTO RANKING_VOTOS ( "RANKING", "VOTOS" ) VALUES(15,362);
INSERT INTO VOTO ( "ID", "NOTA", "TIPO_VOTO", "RESTAURANTE_ID" ) VALUES(363,1,'SABOR',3);
INSERT INTO RANKING_VOTOS ( "RANKING", "VOTOS" ) VALUES(15,363);
INSERT INTO VOTO ( "ID", "NOTA", "TIPO_VOTO", "RESTAURANTE_ID" ) VALUES(364,2,'PRECO',3);
INSERT INTO RANKING_VOTOS ( "RANKING", "VOTOS" ) VALUES(15,364);
INSERT INTO VOTO ( "ID", "NOTA", "TIPO_VOTO", "RESTAURANTE_ID" ) VALUES(365,4,'LOCALIZACAO',3);
INSERT INTO RANKING_VOTOS ( "RANKING", "VOTOS" ) VALUES(15,365);
INSERT INTO VOTO ( "ID", "NOTA", "TIPO_VOTO", "RESTAURANTE_ID" ) VALUES(366,1,'ATENDIMENTO',4);
INSERT INTO RANKING_VOTOS ( "RANKING", "VOTOS" ) VALUES(15,366);
INSERT INTO VOTO ( "ID", "NOTA", "TIPO_VOTO", "RESTAURANTE_ID" ) VALUES(367,2,'DEMORA',4);
INSERT INTO RANKING_VOTOS ( "RANKING", "VOTOS" ) VALUES(15,367);
INSERT INTO VOTO ( "ID", "NOTA", "TIPO_VOTO", "RESTAURANTE_ID" ) VALUES(368,2,'SABOR',4);
INSERT INTO RANKING_VOTOS ( "RANKING", "VOTOS" ) VALUES(15,368);
INSERT INTO VOTO ( "ID", "NOTA", "TIPO_VOTO", "RESTAURANTE_ID" ) VALUES(369,5,'PRECO',4);
INSERT INTO RANKING_VOTOS ( "RANKING", "VOTOS" ) VALUES(15,369);
INSERT INTO VOTO ( "ID", "NOTA", "TIPO_VOTO", "RESTAURANTE_ID" ) VALUES(370,3,'LOCALIZACAO',4);
INSERT INTO RANKING_VOTOS ( "RANKING", "VOTOS" ) VALUES(15,370);
INSERT INTO VOTO ( "ID", "NOTA", "TIPO_VOTO", "RESTAURANTE_ID" ) VALUES(371,5,'ATENDIMENTO',5);
INSERT INTO RANKING_VOTOS ( "RANKING", "VOTOS" ) VALUES(15,371);
INSERT INTO VOTO ( "ID", "NOTA", "TIPO_VOTO", "RESTAURANTE_ID" ) VALUES(372,5,'DEMORA',5);
INSERT INTO RANKING_VOTOS ( "RANKING", "VOTOS" ) VALUES(15,372);
INSERT INTO VOTO ( "ID", "NOTA", "TIPO_VOTO", "RESTAURANTE_ID" ) VALUES(373,5,'SABOR',5);
INSERT INTO RANKING_VOTOS ( "RANKING", "VOTOS" ) VALUES(15,373);
INSERT INTO VOTO ( "ID", "NOTA", "TIPO_VOTO", "RESTAURANTE_ID" ) VALUES(374,3,'PRECO',5);
INSERT INTO RANKING_VOTOS ( "RANKING", "VOTOS" ) VALUES(15,374);
INSERT INTO VOTO ( "ID", "NOTA", "TIPO_VOTO", "RESTAURANTE_ID" ) VALUES(375,5,'LOCALIZACAO',5);
INSERT INTO RANKING_VOTOS ( "RANKING", "VOTOS" ) VALUES(15,375);
INSERT INTO PESSOA ( "ID", "NOME" ) VALUES(16, 'Iola Beer');
INSERT INTO USUARIO ( "ID", "PESSOA_ID" ) VALUES('illaudably@email.com',16);
INSERT INTO RANKING ( "ID", "USUARIO_ID" ) VALUES (16,'illaudably@email.com');
INSERT INTO VOTO ( "ID", "NOTA", "TIPO_VOTO", "RESTAURANTE_ID" ) VALUES(376,1,'ATENDIMENTO',1);
INSERT INTO RANKING_VOTOS ( "RANKING", "VOTOS" ) VALUES(16,376);
INSERT INTO VOTO ( "ID", "NOTA", "TIPO_VOTO", "RESTAURANTE_ID" ) VALUES(377,3,'DEMORA',1);
INSERT INTO RANKING_VOTOS ( "RANKING", "VOTOS" ) VALUES(16,377);
INSERT INTO VOTO ( "ID", "NOTA", "TIPO_VOTO", "RESTAURANTE_ID" ) VALUES(378,4,'SABOR',1);
INSERT INTO RANKING_VOTOS ( "RANKING", "VOTOS" ) VALUES(16,378);
INSERT INTO VOTO ( "ID", "NOTA", "TIPO_VOTO", "RESTAURANTE_ID" ) VALUES(379,1,'PRECO',1);
INSERT INTO RANKING_VOTOS ( "RANKING", "VOTOS" ) VALUES(16,379);
INSERT INTO VOTO ( "ID", "NOTA", "TIPO_VOTO", "RESTAURANTE_ID" ) VALUES(380,4,'LOCALIZACAO',1);
INSERT INTO RANKING_VOTOS ( "RANKING", "VOTOS" ) VALUES(16,380);
INSERT INTO VOTO ( "ID", "NOTA", "TIPO_VOTO", "RESTAURANTE_ID" ) VALUES(381,1,'ATENDIMENTO',2);
INSERT INTO RANKING_VOTOS ( "RANKING", "VOTOS" ) VALUES(16,381);
INSERT INTO VOTO ( "ID", "NOTA", "TIPO_VOTO", "RESTAURANTE_ID" ) VALUES(382,5,'DEMORA',2);
INSERT INTO RANKING_VOTOS ( "RANKING", "VOTOS" ) VALUES(16,382);
INSERT INTO VOTO ( "ID", "NOTA", "TIPO_VOTO", "RESTAURANTE_ID" ) VALUES(383,2,'SABOR',2);
INSERT INTO RANKING_VOTOS ( "RANKING", "VOTOS" ) VALUES(16,383);
INSERT INTO VOTO ( "ID", "NOTA", "TIPO_VOTO", "RESTAURANTE_ID" ) VALUES(384,4,'PRECO',2);
INSERT INTO RANKING_VOTOS ( "RANKING", "VOTOS" ) VALUES(16,384);
INSERT INTO VOTO ( "ID", "NOTA", "TIPO_VOTO", "RESTAURANTE_ID" ) VALUES(385,4,'LOCALIZACAO',2);
INSERT INTO RANKING_VOTOS ( "RANKING", "VOTOS" ) VALUES(16,385);
INSERT INTO VOTO ( "ID", "NOTA", "TIPO_VOTO", "RESTAURANTE_ID" ) VALUES(386,2,'ATENDIMENTO',3);
INSERT INTO RANKING_VOTOS ( "RANKING", "VOTOS" ) VALUES(16,386);
INSERT INTO VOTO ( "ID", "NOTA", "TIPO_VOTO", "RESTAURANTE_ID" ) VALUES(387,2,'DEMORA',3);
INSERT INTO RANKING_VOTOS ( "RANKING", "VOTOS" ) VALUES(16,387);
INSERT INTO VOTO ( "ID", "NOTA", "TIPO_VOTO", "RESTAURANTE_ID" ) VALUES(388,5,'SABOR',3);
INSERT INTO RANKING_VOTOS ( "RANKING", "VOTOS" ) VALUES(16,388);
INSERT INTO VOTO ( "ID", "NOTA", "TIPO_VOTO", "RESTAURANTE_ID" ) VALUES(389,2,'PRECO',3);
INSERT INTO RANKING_VOTOS ( "RANKING", "VOTOS" ) VALUES(16,389);
INSERT INTO VOTO ( "ID", "NOTA", "TIPO_VOTO", "RESTAURANTE_ID" ) VALUES(390,3,'LOCALIZACAO',3);
INSERT INTO RANKING_VOTOS ( "RANKING", "VOTOS" ) VALUES(16,390);
INSERT INTO VOTO ( "ID", "NOTA", "TIPO_VOTO", "RESTAURANTE_ID" ) VALUES(391,5,'ATENDIMENTO',4);
INSERT INTO RANKING_VOTOS ( "RANKING", "VOTOS" ) VALUES(16,391);
INSERT INTO VOTO ( "ID", "NOTA", "TIPO_VOTO", "RESTAURANTE_ID" ) VALUES(392,1,'DEMORA',4);
INSERT INTO RANKING_VOTOS ( "RANKING", "VOTOS" ) VALUES(16,392);
INSERT INTO VOTO ( "ID", "NOTA", "TIPO_VOTO", "RESTAURANTE_ID" ) VALUES(393,1,'SABOR',4);
INSERT INTO RANKING_VOTOS ( "RANKING", "VOTOS" ) VALUES(16,393);
INSERT INTO VOTO ( "ID", "NOTA", "TIPO_VOTO", "RESTAURANTE_ID" ) VALUES(394,2,'PRECO',4);
INSERT INTO RANKING_VOTOS ( "RANKING", "VOTOS" ) VALUES(16,394);
INSERT INTO VOTO ( "ID", "NOTA", "TIPO_VOTO", "RESTAURANTE_ID" ) VALUES(395,3,'LOCALIZACAO',4);
INSERT INTO RANKING_VOTOS ( "RANKING", "VOTOS" ) VALUES(16,395);
INSERT INTO VOTO ( "ID", "NOTA", "TIPO_VOTO", "RESTAURANTE_ID" ) VALUES(396,3,'ATENDIMENTO',5);
INSERT INTO RANKING_VOTOS ( "RANKING", "VOTOS" ) VALUES(16,396);
INSERT INTO VOTO ( "ID", "NOTA", "TIPO_VOTO", "RESTAURANTE_ID" ) VALUES(397,4,'DEMORA',5);
INSERT INTO RANKING_VOTOS ( "RANKING", "VOTOS" ) VALUES(16,397);
INSERT INTO VOTO ( "ID", "NOTA", "TIPO_VOTO", "RESTAURANTE_ID" ) VALUES(398,2,'SABOR',5);
INSERT INTO RANKING_VOTOS ( "RANKING", "VOTOS" ) VALUES(16,398);
INSERT INTO VOTO ( "ID", "NOTA", "TIPO_VOTO", "RESTAURANTE_ID" ) VALUES(399,4,'PRECO',5);
INSERT INTO RANKING_VOTOS ( "RANKING", "VOTOS" ) VALUES(16,399);
INSERT INTO VOTO ( "ID", "NOTA", "TIPO_VOTO", "RESTAURANTE_ID" ) VALUES(400,4,'LOCALIZACAO',5);
INSERT INTO RANKING_VOTOS ( "RANKING", "VOTOS" ) VALUES(16,400);
INSERT INTO PESSOA ( "ID", "NOME" ) VALUES(17, 'Amie Kihn');
INSERT INTO USUARIO ( "ID", "PESSOA_ID" ) VALUES('pigmentary@email.com',17);
INSERT INTO RANKING ( "ID", "USUARIO_ID" ) VALUES (17,'pigmentary@email.com');
INSERT INTO VOTO ( "ID", "NOTA", "TIPO_VOTO", "RESTAURANTE_ID" ) VALUES(401,1,'ATENDIMENTO',1);
INSERT INTO RANKING_VOTOS ( "RANKING", "VOTOS" ) VALUES(17,401);
INSERT INTO VOTO ( "ID", "NOTA", "TIPO_VOTO", "RESTAURANTE_ID" ) VALUES(402,5,'DEMORA',1);
INSERT INTO RANKING_VOTOS ( "RANKING", "VOTOS" ) VALUES(17,402);
INSERT INTO VOTO ( "ID", "NOTA", "TIPO_VOTO", "RESTAURANTE_ID" ) VALUES(403,4,'SABOR',1);
INSERT INTO RANKING_VOTOS ( "RANKING", "VOTOS" ) VALUES(17,403);
INSERT INTO VOTO ( "ID", "NOTA", "TIPO_VOTO", "RESTAURANTE_ID" ) VALUES(404,1,'PRECO',1);
INSERT INTO RANKING_VOTOS ( "RANKING", "VOTOS" ) VALUES(17,404);
INSERT INTO VOTO ( "ID", "NOTA", "TIPO_VOTO", "RESTAURANTE_ID" ) VALUES(405,1,'LOCALIZACAO',1);
INSERT INTO RANKING_VOTOS ( "RANKING", "VOTOS" ) VALUES(17,405);
INSERT INTO VOTO ( "ID", "NOTA", "TIPO_VOTO", "RESTAURANTE_ID" ) VALUES(406,4,'ATENDIMENTO',2);
INSERT INTO RANKING_VOTOS ( "RANKING", "VOTOS" ) VALUES(17,406);
INSERT INTO VOTO ( "ID", "NOTA", "TIPO_VOTO", "RESTAURANTE_ID" ) VALUES(407,1,'DEMORA',2);
INSERT INTO RANKING_VOTOS ( "RANKING", "VOTOS" ) VALUES(17,407);
INSERT INTO VOTO ( "ID", "NOTA", "TIPO_VOTO", "RESTAURANTE_ID" ) VALUES(408,1,'SABOR',2);
INSERT INTO RANKING_VOTOS ( "RANKING", "VOTOS" ) VALUES(17,408);
INSERT INTO VOTO ( "ID", "NOTA", "TIPO_VOTO", "RESTAURANTE_ID" ) VALUES(409,2,'PRECO',2);
INSERT INTO RANKING_VOTOS ( "RANKING", "VOTOS" ) VALUES(17,409);
INSERT INTO VOTO ( "ID", "NOTA", "TIPO_VOTO", "RESTAURANTE_ID" ) VALUES(410,1,'LOCALIZACAO',2);
INSERT INTO RANKING_VOTOS ( "RANKING", "VOTOS" ) VALUES(17,410);
INSERT INTO VOTO ( "ID", "NOTA", "TIPO_VOTO", "RESTAURANTE_ID" ) VALUES(411,4,'ATENDIMENTO',3);
INSERT INTO RANKING_VOTOS ( "RANKING", "VOTOS" ) VALUES(17,411);
INSERT INTO VOTO ( "ID", "NOTA", "TIPO_VOTO", "RESTAURANTE_ID" ) VALUES(412,5,'DEMORA',3);
INSERT INTO RANKING_VOTOS ( "RANKING", "VOTOS" ) VALUES(17,412);
INSERT INTO VOTO ( "ID", "NOTA", "TIPO_VOTO", "RESTAURANTE_ID" ) VALUES(413,4,'SABOR',3);
INSERT INTO RANKING_VOTOS ( "RANKING", "VOTOS" ) VALUES(17,413);
INSERT INTO VOTO ( "ID", "NOTA", "TIPO_VOTO", "RESTAURANTE_ID" ) VALUES(414,5,'PRECO',3);
INSERT INTO RANKING_VOTOS ( "RANKING", "VOTOS" ) VALUES(17,414);
INSERT INTO VOTO ( "ID", "NOTA", "TIPO_VOTO", "RESTAURANTE_ID" ) VALUES(415,1,'LOCALIZACAO',3);
INSERT INTO RANKING_VOTOS ( "RANKING", "VOTOS" ) VALUES(17,415);
INSERT INTO VOTO ( "ID", "NOTA", "TIPO_VOTO", "RESTAURANTE_ID" ) VALUES(416,5,'ATENDIMENTO',4);
INSERT INTO RANKING_VOTOS ( "RANKING", "VOTOS" ) VALUES(17,416);
INSERT INTO VOTO ( "ID", "NOTA", "TIPO_VOTO", "RESTAURANTE_ID" ) VALUES(417,4,'DEMORA',4);
INSERT INTO RANKING_VOTOS ( "RANKING", "VOTOS" ) VALUES(17,417);
INSERT INTO VOTO ( "ID", "NOTA", "TIPO_VOTO", "RESTAURANTE_ID" ) VALUES(418,1,'SABOR',4);
INSERT INTO RANKING_VOTOS ( "RANKING", "VOTOS" ) VALUES(17,418);
INSERT INTO VOTO ( "ID", "NOTA", "TIPO_VOTO", "RESTAURANTE_ID" ) VALUES(419,3,'PRECO',4);
INSERT INTO RANKING_VOTOS ( "RANKING", "VOTOS" ) VALUES(17,419);
INSERT INTO VOTO ( "ID", "NOTA", "TIPO_VOTO", "RESTAURANTE_ID" ) VALUES(420,2,'LOCALIZACAO',4);
INSERT INTO RANKING_VOTOS ( "RANKING", "VOTOS" ) VALUES(17,420);
INSERT INTO VOTO ( "ID", "NOTA", "TIPO_VOTO", "RESTAURANTE_ID" ) VALUES(421,2,'ATENDIMENTO',5);
INSERT INTO RANKING_VOTOS ( "RANKING", "VOTOS" ) VALUES(17,421);
INSERT INTO VOTO ( "ID", "NOTA", "TIPO_VOTO", "RESTAURANTE_ID" ) VALUES(422,2,'DEMORA',5);
INSERT INTO RANKING_VOTOS ( "RANKING", "VOTOS" ) VALUES(17,422);
INSERT INTO VOTO ( "ID", "NOTA", "TIPO_VOTO", "RESTAURANTE_ID" ) VALUES(423,3,'SABOR',5);
INSERT INTO RANKING_VOTOS ( "RANKING", "VOTOS" ) VALUES(17,423);
INSERT INTO VOTO ( "ID", "NOTA", "TIPO_VOTO", "RESTAURANTE_ID" ) VALUES(424,4,'PRECO',5);
INSERT INTO RANKING_VOTOS ( "RANKING", "VOTOS" ) VALUES(17,424);
INSERT INTO VOTO ( "ID", "NOTA", "TIPO_VOTO", "RESTAURANTE_ID" ) VALUES(425,1,'LOCALIZACAO',5);
INSERT INTO RANKING_VOTOS ( "RANKING", "VOTOS" ) VALUES(17,425);
INSERT INTO PESSOA ( "ID", "NOME" ) VALUES(18, 'Buck Koch');
INSERT INTO USUARIO ( "ID", "PESSOA_ID" ) VALUES('gluttonous@email.com',18);
INSERT INTO RANKING ( "ID", "USUARIO_ID" ) VALUES (18,'gluttonous@email.com');
INSERT INTO VOTO ( "ID", "NOTA", "TIPO_VOTO", "RESTAURANTE_ID" ) VALUES(426,1,'ATENDIMENTO',1);
INSERT INTO RANKING_VOTOS ( "RANKING", "VOTOS" ) VALUES(18,426);
INSERT INTO VOTO ( "ID", "NOTA", "TIPO_VOTO", "RESTAURANTE_ID" ) VALUES(427,1,'DEMORA',1);
INSERT INTO RANKING_VOTOS ( "RANKING", "VOTOS" ) VALUES(18,427);
INSERT INTO VOTO ( "ID", "NOTA", "TIPO_VOTO", "RESTAURANTE_ID" ) VALUES(428,4,'SABOR',1);
INSERT INTO RANKING_VOTOS ( "RANKING", "VOTOS" ) VALUES(18,428);
INSERT INTO VOTO ( "ID", "NOTA", "TIPO_VOTO", "RESTAURANTE_ID" ) VALUES(429,4,'PRECO',1);
INSERT INTO RANKING_VOTOS ( "RANKING", "VOTOS" ) VALUES(18,429);
INSERT INTO VOTO ( "ID", "NOTA", "TIPO_VOTO", "RESTAURANTE_ID" ) VALUES(430,1,'LOCALIZACAO',1);
INSERT INTO RANKING_VOTOS ( "RANKING", "VOTOS" ) VALUES(18,430);
INSERT INTO VOTO ( "ID", "NOTA", "TIPO_VOTO", "RESTAURANTE_ID" ) VALUES(431,3,'ATENDIMENTO',2);
INSERT INTO RANKING_VOTOS ( "RANKING", "VOTOS" ) VALUES(18,431);
INSERT INTO VOTO ( "ID", "NOTA", "TIPO_VOTO", "RESTAURANTE_ID" ) VALUES(432,3,'DEMORA',2);
INSERT INTO RANKING_VOTOS ( "RANKING", "VOTOS" ) VALUES(18,432);
INSERT INTO VOTO ( "ID", "NOTA", "TIPO_VOTO", "RESTAURANTE_ID" ) VALUES(433,5,'SABOR',2);
INSERT INTO RANKING_VOTOS ( "RANKING", "VOTOS" ) VALUES(18,433);
INSERT INTO VOTO ( "ID", "NOTA", "TIPO_VOTO", "RESTAURANTE_ID" ) VALUES(434,3,'PRECO',2);
INSERT INTO RANKING_VOTOS ( "RANKING", "VOTOS" ) VALUES(18,434);
INSERT INTO VOTO ( "ID", "NOTA", "TIPO_VOTO", "RESTAURANTE_ID" ) VALUES(435,1,'LOCALIZACAO',2);
INSERT INTO RANKING_VOTOS ( "RANKING", "VOTOS" ) VALUES(18,435);
INSERT INTO VOTO ( "ID", "NOTA", "TIPO_VOTO", "RESTAURANTE_ID" ) VALUES(436,2,'ATENDIMENTO',3);
INSERT INTO RANKING_VOTOS ( "RANKING", "VOTOS" ) VALUES(18,436);
INSERT INTO VOTO ( "ID", "NOTA", "TIPO_VOTO", "RESTAURANTE_ID" ) VALUES(437,4,'DEMORA',3);
INSERT INTO RANKING_VOTOS ( "RANKING", "VOTOS" ) VALUES(18,437);
INSERT INTO VOTO ( "ID", "NOTA", "TIPO_VOTO", "RESTAURANTE_ID" ) VALUES(438,1,'SABOR',3);
INSERT INTO RANKING_VOTOS ( "RANKING", "VOTOS" ) VALUES(18,438);
INSERT INTO VOTO ( "ID", "NOTA", "TIPO_VOTO", "RESTAURANTE_ID" ) VALUES(439,3,'PRECO',3);
INSERT INTO RANKING_VOTOS ( "RANKING", "VOTOS" ) VALUES(18,439);
INSERT INTO VOTO ( "ID", "NOTA", "TIPO_VOTO", "RESTAURANTE_ID" ) VALUES(440,3,'LOCALIZACAO',3);
INSERT INTO RANKING_VOTOS ( "RANKING", "VOTOS" ) VALUES(18,440);
INSERT INTO VOTO ( "ID", "NOTA", "TIPO_VOTO", "RESTAURANTE_ID" ) VALUES(441,4,'ATENDIMENTO',4);
INSERT INTO RANKING_VOTOS ( "RANKING", "VOTOS" ) VALUES(18,441);
INSERT INTO VOTO ( "ID", "NOTA", "TIPO_VOTO", "RESTAURANTE_ID" ) VALUES(442,3,'DEMORA',4);
INSERT INTO RANKING_VOTOS ( "RANKING", "VOTOS" ) VALUES(18,442);
INSERT INTO VOTO ( "ID", "NOTA", "TIPO_VOTO", "RESTAURANTE_ID" ) VALUES(443,3,'SABOR',4);
INSERT INTO RANKING_VOTOS ( "RANKING", "VOTOS" ) VALUES(18,443);
INSERT INTO VOTO ( "ID", "NOTA", "TIPO_VOTO", "RESTAURANTE_ID" ) VALUES(444,4,'PRECO',4);
INSERT INTO RANKING_VOTOS ( "RANKING", "VOTOS" ) VALUES(18,444);
INSERT INTO VOTO ( "ID", "NOTA", "TIPO_VOTO", "RESTAURANTE_ID" ) VALUES(445,5,'LOCALIZACAO',4);
INSERT INTO RANKING_VOTOS ( "RANKING", "VOTOS" ) VALUES(18,445);
INSERT INTO VOTO ( "ID", "NOTA", "TIPO_VOTO", "RESTAURANTE_ID" ) VALUES(446,3,'ATENDIMENTO',5);
INSERT INTO RANKING_VOTOS ( "RANKING", "VOTOS" ) VALUES(18,446);
INSERT INTO VOTO ( "ID", "NOTA", "TIPO_VOTO", "RESTAURANTE_ID" ) VALUES(447,3,'DEMORA',5);
INSERT INTO RANKING_VOTOS ( "RANKING", "VOTOS" ) VALUES(18,447);
INSERT INTO VOTO ( "ID", "NOTA", "TIPO_VOTO", "RESTAURANTE_ID" ) VALUES(448,3,'SABOR',5);
INSERT INTO RANKING_VOTOS ( "RANKING", "VOTOS" ) VALUES(18,448);
INSERT INTO VOTO ( "ID", "NOTA", "TIPO_VOTO", "RESTAURANTE_ID" ) VALUES(449,3,'PRECO',5);
INSERT INTO RANKING_VOTOS ( "RANKING", "VOTOS" ) VALUES(18,449);
INSERT INTO VOTO ( "ID", "NOTA", "TIPO_VOTO", "RESTAURANTE_ID" ) VALUES(450,3,'LOCALIZACAO',5);
INSERT INTO RANKING_VOTOS ( "RANKING", "VOTOS" ) VALUES(18,450);
INSERT INTO PESSOA ( "ID", "NOME" ) VALUES(19, 'Deon Lind');
INSERT INTO USUARIO ( "ID", "PESSOA_ID" ) VALUES('headhunter@email.com',19);
INSERT INTO RANKING ( "ID", "USUARIO_ID" ) VALUES (19,'headhunter@email.com');
INSERT INTO VOTO ( "ID", "NOTA", "TIPO_VOTO", "RESTAURANTE_ID" ) VALUES(451,4,'ATENDIMENTO',1);
INSERT INTO RANKING_VOTOS ( "RANKING", "VOTOS" ) VALUES(19,451);
INSERT INTO VOTO ( "ID", "NOTA", "TIPO_VOTO", "RESTAURANTE_ID" ) VALUES(452,3,'DEMORA',1);
INSERT INTO RANKING_VOTOS ( "RANKING", "VOTOS" ) VALUES(19,452);
INSERT INTO VOTO ( "ID", "NOTA", "TIPO_VOTO", "RESTAURANTE_ID" ) VALUES(453,2,'SABOR',1);
INSERT INTO RANKING_VOTOS ( "RANKING", "VOTOS" ) VALUES(19,453);
INSERT INTO VOTO ( "ID", "NOTA", "TIPO_VOTO", "RESTAURANTE_ID" ) VALUES(454,2,'PRECO',1);
INSERT INTO RANKING_VOTOS ( "RANKING", "VOTOS" ) VALUES(19,454);
INSERT INTO VOTO ( "ID", "NOTA", "TIPO_VOTO", "RESTAURANTE_ID" ) VALUES(455,3,'LOCALIZACAO',1);
INSERT INTO RANKING_VOTOS ( "RANKING", "VOTOS" ) VALUES(19,455);
INSERT INTO VOTO ( "ID", "NOTA", "TIPO_VOTO", "RESTAURANTE_ID" ) VALUES(456,4,'ATENDIMENTO',2);
INSERT INTO RANKING_VOTOS ( "RANKING", "VOTOS" ) VALUES(19,456);
INSERT INTO VOTO ( "ID", "NOTA", "TIPO_VOTO", "RESTAURANTE_ID" ) VALUES(457,4,'DEMORA',2);
INSERT INTO RANKING_VOTOS ( "RANKING", "VOTOS" ) VALUES(19,457);
INSERT INTO VOTO ( "ID", "NOTA", "TIPO_VOTO", "RESTAURANTE_ID" ) VALUES(458,5,'SABOR',2);
INSERT INTO RANKING_VOTOS ( "RANKING", "VOTOS" ) VALUES(19,458);
INSERT INTO VOTO ( "ID", "NOTA", "TIPO_VOTO", "RESTAURANTE_ID" ) VALUES(459,5,'PRECO',2);
INSERT INTO RANKING_VOTOS ( "RANKING", "VOTOS" ) VALUES(19,459);
INSERT INTO VOTO ( "ID", "NOTA", "TIPO_VOTO", "RESTAURANTE_ID" ) VALUES(460,1,'LOCALIZACAO',2);
INSERT INTO RANKING_VOTOS ( "RANKING", "VOTOS" ) VALUES(19,460);
INSERT INTO VOTO ( "ID", "NOTA", "TIPO_VOTO", "RESTAURANTE_ID" ) VALUES(461,3,'ATENDIMENTO',3);
INSERT INTO RANKING_VOTOS ( "RANKING", "VOTOS" ) VALUES(19,461);
INSERT INTO VOTO ( "ID", "NOTA", "TIPO_VOTO", "RESTAURANTE_ID" ) VALUES(462,1,'DEMORA',3);
INSERT INTO RANKING_VOTOS ( "RANKING", "VOTOS" ) VALUES(19,462);
INSERT INTO VOTO ( "ID", "NOTA", "TIPO_VOTO", "RESTAURANTE_ID" ) VALUES(463,3,'SABOR',3);
INSERT INTO RANKING_VOTOS ( "RANKING", "VOTOS" ) VALUES(19,463);
INSERT INTO VOTO ( "ID", "NOTA", "TIPO_VOTO", "RESTAURANTE_ID" ) VALUES(464,4,'PRECO',3);
INSERT INTO RANKING_VOTOS ( "RANKING", "VOTOS" ) VALUES(19,464);
INSERT INTO VOTO ( "ID", "NOTA", "TIPO_VOTO", "RESTAURANTE_ID" ) VALUES(465,3,'LOCALIZACAO',3);
INSERT INTO RANKING_VOTOS ( "RANKING", "VOTOS" ) VALUES(19,465);
INSERT INTO VOTO ( "ID", "NOTA", "TIPO_VOTO", "RESTAURANTE_ID" ) VALUES(466,1,'ATENDIMENTO',4);
INSERT INTO RANKING_VOTOS ( "RANKING", "VOTOS" ) VALUES(19,466);
INSERT INTO VOTO ( "ID", "NOTA", "TIPO_VOTO", "RESTAURANTE_ID" ) VALUES(467,2,'DEMORA',4);
INSERT INTO RANKING_VOTOS ( "RANKING", "VOTOS" ) VALUES(19,467);
INSERT INTO VOTO ( "ID", "NOTA", "TIPO_VOTO", "RESTAURANTE_ID" ) VALUES(468,3,'SABOR',4);
INSERT INTO RANKING_VOTOS ( "RANKING", "VOTOS" ) VALUES(19,468);
INSERT INTO VOTO ( "ID", "NOTA", "TIPO_VOTO", "RESTAURANTE_ID" ) VALUES(469,1,'PRECO',4);
INSERT INTO RANKING_VOTOS ( "RANKING", "VOTOS" ) VALUES(19,469);
INSERT INTO VOTO ( "ID", "NOTA", "TIPO_VOTO", "RESTAURANTE_ID" ) VALUES(470,3,'LOCALIZACAO',4);
INSERT INTO RANKING_VOTOS ( "RANKING", "VOTOS" ) VALUES(19,470);
INSERT INTO VOTO ( "ID", "NOTA", "TIPO_VOTO", "RESTAURANTE_ID" ) VALUES(471,2,'ATENDIMENTO',5);
INSERT INTO RANKING_VOTOS ( "RANKING", "VOTOS" ) VALUES(19,471);
INSERT INTO VOTO ( "ID", "NOTA", "TIPO_VOTO", "RESTAURANTE_ID" ) VALUES(472,5,'DEMORA',5);
INSERT INTO RANKING_VOTOS ( "RANKING", "VOTOS" ) VALUES(19,472);
INSERT INTO VOTO ( "ID", "NOTA", "TIPO_VOTO", "RESTAURANTE_ID" ) VALUES(473,2,'SABOR',5);
INSERT INTO RANKING_VOTOS ( "RANKING", "VOTOS" ) VALUES(19,473);
INSERT INTO VOTO ( "ID", "NOTA", "TIPO_VOTO", "RESTAURANTE_ID" ) VALUES(474,4,'PRECO',5);
INSERT INTO RANKING_VOTOS ( "RANKING", "VOTOS" ) VALUES(19,474);
INSERT INTO VOTO ( "ID", "NOTA", "TIPO_VOTO", "RESTAURANTE_ID" ) VALUES(475,2,'LOCALIZACAO',5);
INSERT INTO RANKING_VOTOS ( "RANKING", "VOTOS" ) VALUES(19,475);
INSERT INTO PESSOA ( "ID", "NOME" ) VALUES(20, 'Dane Bins');
INSERT INTO USUARIO ( "ID", "PESSOA_ID" ) VALUES('poultryman@email.com',20);
INSERT INTO RANKING ( "ID", "USUARIO_ID" ) VALUES (20,'poultryman@email.com');
INSERT INTO VOTO ( "ID", "NOTA", "TIPO_VOTO", "RESTAURANTE_ID" ) VALUES(476,4,'ATENDIMENTO',1);
INSERT INTO RANKING_VOTOS ( "RANKING", "VOTOS" ) VALUES(20,476);
INSERT INTO VOTO ( "ID", "NOTA", "TIPO_VOTO", "RESTAURANTE_ID" ) VALUES(477,2,'DEMORA',1);
INSERT INTO RANKING_VOTOS ( "RANKING", "VOTOS" ) VALUES(20,477);
INSERT INTO VOTO ( "ID", "NOTA", "TIPO_VOTO", "RESTAURANTE_ID" ) VALUES(478,1,'SABOR',1);
INSERT INTO RANKING_VOTOS ( "RANKING", "VOTOS" ) VALUES(20,478);
INSERT INTO VOTO ( "ID", "NOTA", "TIPO_VOTO", "RESTAURANTE_ID" ) VALUES(479,2,'PRECO',1);
INSERT INTO RANKING_VOTOS ( "RANKING", "VOTOS" ) VALUES(20,479);
INSERT INTO VOTO ( "ID", "NOTA", "TIPO_VOTO", "RESTAURANTE_ID" ) VALUES(480,4,'LOCALIZACAO',1);
INSERT INTO RANKING_VOTOS ( "RANKING", "VOTOS" ) VALUES(20,480);
INSERT INTO VOTO ( "ID", "NOTA", "TIPO_VOTO", "RESTAURANTE_ID" ) VALUES(481,4,'ATENDIMENTO',2);
INSERT INTO RANKING_VOTOS ( "RANKING", "VOTOS" ) VALUES(20,481);
INSERT INTO VOTO ( "ID", "NOTA", "TIPO_VOTO", "RESTAURANTE_ID" ) VALUES(482,1,'DEMORA',2);
INSERT INTO RANKING_VOTOS ( "RANKING", "VOTOS" ) VALUES(20,482);
INSERT INTO VOTO ( "ID", "NOTA", "TIPO_VOTO", "RESTAURANTE_ID" ) VALUES(483,5,'SABOR',2);
INSERT INTO RANKING_VOTOS ( "RANKING", "VOTOS" ) VALUES(20,483);
INSERT INTO VOTO ( "ID", "NOTA", "TIPO_VOTO", "RESTAURANTE_ID" ) VALUES(484,1,'PRECO',2);
INSERT INTO RANKING_VOTOS ( "RANKING", "VOTOS" ) VALUES(20,484);
INSERT INTO VOTO ( "ID", "NOTA", "TIPO_VOTO", "RESTAURANTE_ID" ) VALUES(485,2,'LOCALIZACAO',2);
INSERT INTO RANKING_VOTOS ( "RANKING", "VOTOS" ) VALUES(20,485);
INSERT INTO VOTO ( "ID", "NOTA", "TIPO_VOTO", "RESTAURANTE_ID" ) VALUES(486,1,'ATENDIMENTO',3);
INSERT INTO RANKING_VOTOS ( "RANKING", "VOTOS" ) VALUES(20,486);
INSERT INTO VOTO ( "ID", "NOTA", "TIPO_VOTO", "RESTAURANTE_ID" ) VALUES(487,2,'DEMORA',3);
INSERT INTO RANKING_VOTOS ( "RANKING", "VOTOS" ) VALUES(20,487);
INSERT INTO VOTO ( "ID", "NOTA", "TIPO_VOTO", "RESTAURANTE_ID" ) VALUES(488,1,'SABOR',3);
INSERT INTO RANKING_VOTOS ( "RANKING", "VOTOS" ) VALUES(20,488);
INSERT INTO VOTO ( "ID", "NOTA", "TIPO_VOTO", "RESTAURANTE_ID" ) VALUES(489,2,'PRECO',3);
INSERT INTO RANKING_VOTOS ( "RANKING", "VOTOS" ) VALUES(20,489);
INSERT INTO VOTO ( "ID", "NOTA", "TIPO_VOTO", "RESTAURANTE_ID" ) VALUES(490,1,'LOCALIZACAO',3);
INSERT INTO RANKING_VOTOS ( "RANKING", "VOTOS" ) VALUES(20,490);
INSERT INTO VOTO ( "ID", "NOTA", "TIPO_VOTO", "RESTAURANTE_ID" ) VALUES(491,5,'ATENDIMENTO',4);
INSERT INTO RANKING_VOTOS ( "RANKING", "VOTOS" ) VALUES(20,491);
INSERT INTO VOTO ( "ID", "NOTA", "TIPO_VOTO", "RESTAURANTE_ID" ) VALUES(492,1,'DEMORA',4);
INSERT INTO RANKING_VOTOS ( "RANKING", "VOTOS" ) VALUES(20,492);
INSERT INTO VOTO ( "ID", "NOTA", "TIPO_VOTO", "RESTAURANTE_ID" ) VALUES(493,3,'SABOR',4);
INSERT INTO RANKING_VOTOS ( "RANKING", "VOTOS" ) VALUES(20,493);
INSERT INTO VOTO ( "ID", "NOTA", "TIPO_VOTO", "RESTAURANTE_ID" ) VALUES(494,2,'PRECO',4);
INSERT INTO RANKING_VOTOS ( "RANKING", "VOTOS" ) VALUES(20,494);
INSERT INTO VOTO ( "ID", "NOTA", "TIPO_VOTO", "RESTAURANTE_ID" ) VALUES(495,1,'LOCALIZACAO',4);
INSERT INTO RANKING_VOTOS ( "RANKING", "VOTOS" ) VALUES(20,495);
INSERT INTO VOTO ( "ID", "NOTA", "TIPO_VOTO", "RESTAURANTE_ID" ) VALUES(496,2,'ATENDIMENTO',5);
INSERT INTO RANKING_VOTOS ( "RANKING", "VOTOS" ) VALUES(20,496);
INSERT INTO VOTO ( "ID", "NOTA", "TIPO_VOTO", "RESTAURANTE_ID" ) VALUES(497,1,'DEMORA',5);
INSERT INTO RANKING_VOTOS ( "RANKING", "VOTOS" ) VALUES(20,497);
INSERT INTO VOTO ( "ID", "NOTA", "TIPO_VOTO", "RESTAURANTE_ID" ) VALUES(498,5,'SABOR',5);
INSERT INTO RANKING_VOTOS ( "RANKING", "VOTOS" ) VALUES(20,498);
INSERT INTO VOTO ( "ID", "NOTA", "TIPO_VOTO", "RESTAURANTE_ID" ) VALUES(499,1,'PRECO',5);
INSERT INTO RANKING_VOTOS ( "RANKING", "VOTOS" ) VALUES(20,499);
INSERT INTO VOTO ( "ID", "NOTA", "TIPO_VOTO", "RESTAURANTE_ID" ) VALUES(500,3,'LOCALIZACAO',5);
INSERT INTO RANKING_VOTOS ( "RANKING", "VOTOS" ) VALUES(20,500);
INSERT INTO PESSOA ( "ID", "NOME" ) VALUES(21, 'Paul Cole');
INSERT INTO USUARIO ( "ID", "PESSOA_ID" ) VALUES('tautonymic@email.com',21);
INSERT INTO RANKING ( "ID", "USUARIO_ID" ) VALUES (21,'tautonymic@email.com');
INSERT INTO VOTO ( "ID", "NOTA", "TIPO_VOTO", "RESTAURANTE_ID" ) VALUES(501,4,'ATENDIMENTO',1);
INSERT INTO RANKING_VOTOS ( "RANKING", "VOTOS" ) VALUES(21,501);
INSERT INTO VOTO ( "ID", "NOTA", "TIPO_VOTO", "RESTAURANTE_ID" ) VALUES(502,4,'DEMORA',1);
INSERT INTO RANKING_VOTOS ( "RANKING", "VOTOS" ) VALUES(21,502);
INSERT INTO VOTO ( "ID", "NOTA", "TIPO_VOTO", "RESTAURANTE_ID" ) VALUES(503,3,'SABOR',1);
INSERT INTO RANKING_VOTOS ( "RANKING", "VOTOS" ) VALUES(21,503);
INSERT INTO VOTO ( "ID", "NOTA", "TIPO_VOTO", "RESTAURANTE_ID" ) VALUES(504,2,'PRECO',1);
INSERT INTO RANKING_VOTOS ( "RANKING", "VOTOS" ) VALUES(21,504);
INSERT INTO VOTO ( "ID", "NOTA", "TIPO_VOTO", "RESTAURANTE_ID" ) VALUES(505,1,'LOCALIZACAO',1);
INSERT INTO RANKING_VOTOS ( "RANKING", "VOTOS" ) VALUES(21,505);
INSERT INTO VOTO ( "ID", "NOTA", "TIPO_VOTO", "RESTAURANTE_ID" ) VALUES(506,2,'ATENDIMENTO',2);
INSERT INTO RANKING_VOTOS ( "RANKING", "VOTOS" ) VALUES(21,506);
INSERT INTO VOTO ( "ID", "NOTA", "TIPO_VOTO", "RESTAURANTE_ID" ) VALUES(507,1,'DEMORA',2);
INSERT INTO RANKING_VOTOS ( "RANKING", "VOTOS" ) VALUES(21,507);
INSERT INTO VOTO ( "ID", "NOTA", "TIPO_VOTO", "RESTAURANTE_ID" ) VALUES(508,1,'SABOR',2);
INSERT INTO RANKING_VOTOS ( "RANKING", "VOTOS" ) VALUES(21,508);
INSERT INTO VOTO ( "ID", "NOTA", "TIPO_VOTO", "RESTAURANTE_ID" ) VALUES(509,5,'PRECO',2);
INSERT INTO RANKING_VOTOS ( "RANKING", "VOTOS" ) VALUES(21,509);
INSERT INTO VOTO ( "ID", "NOTA", "TIPO_VOTO", "RESTAURANTE_ID" ) VALUES(510,2,'LOCALIZACAO',2);
INSERT INTO RANKING_VOTOS ( "RANKING", "VOTOS" ) VALUES(21,510);
INSERT INTO VOTO ( "ID", "NOTA", "TIPO_VOTO", "RESTAURANTE_ID" ) VALUES(511,4,'ATENDIMENTO',3);
INSERT INTO RANKING_VOTOS ( "RANKING", "VOTOS" ) VALUES(21,511);
INSERT INTO VOTO ( "ID", "NOTA", "TIPO_VOTO", "RESTAURANTE_ID" ) VALUES(512,1,'DEMORA',3);
INSERT INTO RANKING_VOTOS ( "RANKING", "VOTOS" ) VALUES(21,512);
INSERT INTO VOTO ( "ID", "NOTA", "TIPO_VOTO", "RESTAURANTE_ID" ) VALUES(513,4,'SABOR',3);
INSERT INTO RANKING_VOTOS ( "RANKING", "VOTOS" ) VALUES(21,513);
INSERT INTO VOTO ( "ID", "NOTA", "TIPO_VOTO", "RESTAURANTE_ID" ) VALUES(514,2,'PRECO',3);
INSERT INTO RANKING_VOTOS ( "RANKING", "VOTOS" ) VALUES(21,514);
INSERT INTO VOTO ( "ID", "NOTA", "TIPO_VOTO", "RESTAURANTE_ID" ) VALUES(515,1,'LOCALIZACAO',3);
INSERT INTO RANKING_VOTOS ( "RANKING", "VOTOS" ) VALUES(21,515);
INSERT INTO VOTO ( "ID", "NOTA", "TIPO_VOTO", "RESTAURANTE_ID" ) VALUES(516,3,'ATENDIMENTO',4);
INSERT INTO RANKING_VOTOS ( "RANKING", "VOTOS" ) VALUES(21,516);
INSERT INTO VOTO ( "ID", "NOTA", "TIPO_VOTO", "RESTAURANTE_ID" ) VALUES(517,1,'DEMORA',4);
INSERT INTO RANKING_VOTOS ( "RANKING", "VOTOS" ) VALUES(21,517);
INSERT INTO VOTO ( "ID", "NOTA", "TIPO_VOTO", "RESTAURANTE_ID" ) VALUES(518,2,'SABOR',4);
INSERT INTO RANKING_VOTOS ( "RANKING", "VOTOS" ) VALUES(21,518);
INSERT INTO VOTO ( "ID", "NOTA", "TIPO_VOTO", "RESTAURANTE_ID" ) VALUES(519,4,'PRECO',4);
INSERT INTO RANKING_VOTOS ( "RANKING", "VOTOS" ) VALUES(21,519);
INSERT INTO VOTO ( "ID", "NOTA", "TIPO_VOTO", "RESTAURANTE_ID" ) VALUES(520,3,'LOCALIZACAO',4);
INSERT INTO RANKING_VOTOS ( "RANKING", "VOTOS" ) VALUES(21,520);
INSERT INTO VOTO ( "ID", "NOTA", "TIPO_VOTO", "RESTAURANTE_ID" ) VALUES(521,1,'ATENDIMENTO',5);
INSERT INTO RANKING_VOTOS ( "RANKING", "VOTOS" ) VALUES(21,521);
INSERT INTO VOTO ( "ID", "NOTA", "TIPO_VOTO", "RESTAURANTE_ID" ) VALUES(522,2,'DEMORA',5);
INSERT INTO RANKING_VOTOS ( "RANKING", "VOTOS" ) VALUES(21,522);
INSERT INTO VOTO ( "ID", "NOTA", "TIPO_VOTO", "RESTAURANTE_ID" ) VALUES(523,5,'SABOR',5);
INSERT INTO RANKING_VOTOS ( "RANKING", "VOTOS" ) VALUES(21,523);
INSERT INTO VOTO ( "ID", "NOTA", "TIPO_VOTO", "RESTAURANTE_ID" ) VALUES(524,2,'PRECO',5);
INSERT INTO RANKING_VOTOS ( "RANKING", "VOTOS" ) VALUES(21,524);
INSERT INTO VOTO ( "ID", "NOTA", "TIPO_VOTO", "RESTAURANTE_ID" ) VALUES(525,2,'LOCALIZACAO',5);
INSERT INTO RANKING_VOTOS ( "RANKING", "VOTOS" ) VALUES(21,525);
INSERT INTO PESSOA ( "ID", "NOME" ) VALUES(22, 'Inge Lind');
INSERT INTO USUARIO ( "ID", "PESSOA_ID" ) VALUES('assailable@email.com',22);
INSERT INTO RANKING ( "ID", "USUARIO_ID" ) VALUES (22,'assailable@email.com');
INSERT INTO VOTO ( "ID", "NOTA", "TIPO_VOTO", "RESTAURANTE_ID" ) VALUES(526,5,'ATENDIMENTO',1);
INSERT INTO RANKING_VOTOS ( "RANKING", "VOTOS" ) VALUES(22,526);
INSERT INTO VOTO ( "ID", "NOTA", "TIPO_VOTO", "RESTAURANTE_ID" ) VALUES(527,5,'DEMORA',1);
INSERT INTO RANKING_VOTOS ( "RANKING", "VOTOS" ) VALUES(22,527);
INSERT INTO VOTO ( "ID", "NOTA", "TIPO_VOTO", "RESTAURANTE_ID" ) VALUES(528,5,'SABOR',1);
INSERT INTO RANKING_VOTOS ( "RANKING", "VOTOS" ) VALUES(22,528);
INSERT INTO VOTO ( "ID", "NOTA", "TIPO_VOTO", "RESTAURANTE_ID" ) VALUES(529,2,'PRECO',1);
INSERT INTO RANKING_VOTOS ( "RANKING", "VOTOS" ) VALUES(22,529);
INSERT INTO VOTO ( "ID", "NOTA", "TIPO_VOTO", "RESTAURANTE_ID" ) VALUES(530,3,'LOCALIZACAO',1);
INSERT INTO RANKING_VOTOS ( "RANKING", "VOTOS" ) VALUES(22,530);
INSERT INTO VOTO ( "ID", "NOTA", "TIPO_VOTO", "RESTAURANTE_ID" ) VALUES(531,4,'ATENDIMENTO',2);
INSERT INTO RANKING_VOTOS ( "RANKING", "VOTOS" ) VALUES(22,531);
INSERT INTO VOTO ( "ID", "NOTA", "TIPO_VOTO", "RESTAURANTE_ID" ) VALUES(532,2,'DEMORA',2);
INSERT INTO RANKING_VOTOS ( "RANKING", "VOTOS" ) VALUES(22,532);
INSERT INTO VOTO ( "ID", "NOTA", "TIPO_VOTO", "RESTAURANTE_ID" ) VALUES(533,1,'SABOR',2);
INSERT INTO RANKING_VOTOS ( "RANKING", "VOTOS" ) VALUES(22,533);
INSERT INTO VOTO ( "ID", "NOTA", "TIPO_VOTO", "RESTAURANTE_ID" ) VALUES(534,2,'PRECO',2);
INSERT INTO RANKING_VOTOS ( "RANKING", "VOTOS" ) VALUES(22,534);
INSERT INTO VOTO ( "ID", "NOTA", "TIPO_VOTO", "RESTAURANTE_ID" ) VALUES(535,1,'LOCALIZACAO',2);
INSERT INTO RANKING_VOTOS ( "RANKING", "VOTOS" ) VALUES(22,535);
INSERT INTO VOTO ( "ID", "NOTA", "TIPO_VOTO", "RESTAURANTE_ID" ) VALUES(536,3,'ATENDIMENTO',3);
INSERT INTO RANKING_VOTOS ( "RANKING", "VOTOS" ) VALUES(22,536);
INSERT INTO VOTO ( "ID", "NOTA", "TIPO_VOTO", "RESTAURANTE_ID" ) VALUES(537,3,'DEMORA',3);
INSERT INTO RANKING_VOTOS ( "RANKING", "VOTOS" ) VALUES(22,537);
INSERT INTO VOTO ( "ID", "NOTA", "TIPO_VOTO", "RESTAURANTE_ID" ) VALUES(538,3,'SABOR',3);
INSERT INTO RANKING_VOTOS ( "RANKING", "VOTOS" ) VALUES(22,538);
INSERT INTO VOTO ( "ID", "NOTA", "TIPO_VOTO", "RESTAURANTE_ID" ) VALUES(539,5,'PRECO',3);
INSERT INTO RANKING_VOTOS ( "RANKING", "VOTOS" ) VALUES(22,539);
INSERT INTO VOTO ( "ID", "NOTA", "TIPO_VOTO", "RESTAURANTE_ID" ) VALUES(540,3,'LOCALIZACAO',3);
INSERT INTO RANKING_VOTOS ( "RANKING", "VOTOS" ) VALUES(22,540);
INSERT INTO VOTO ( "ID", "NOTA", "TIPO_VOTO", "RESTAURANTE_ID" ) VALUES(541,4,'ATENDIMENTO',4);
INSERT INTO RANKING_VOTOS ( "RANKING", "VOTOS" ) VALUES(22,541);
INSERT INTO VOTO ( "ID", "NOTA", "TIPO_VOTO", "RESTAURANTE_ID" ) VALUES(542,3,'DEMORA',4);
INSERT INTO RANKING_VOTOS ( "RANKING", "VOTOS" ) VALUES(22,542);
INSERT INTO VOTO ( "ID", "NOTA", "TIPO_VOTO", "RESTAURANTE_ID" ) VALUES(543,2,'SABOR',4);
INSERT INTO RANKING_VOTOS ( "RANKING", "VOTOS" ) VALUES(22,543);
INSERT INTO VOTO ( "ID", "NOTA", "TIPO_VOTO", "RESTAURANTE_ID" ) VALUES(544,3,'PRECO',4);
INSERT INTO RANKING_VOTOS ( "RANKING", "VOTOS" ) VALUES(22,544);
INSERT INTO VOTO ( "ID", "NOTA", "TIPO_VOTO", "RESTAURANTE_ID" ) VALUES(545,5,'LOCALIZACAO',4);
INSERT INTO RANKING_VOTOS ( "RANKING", "VOTOS" ) VALUES(22,545);
INSERT INTO VOTO ( "ID", "NOTA", "TIPO_VOTO", "RESTAURANTE_ID" ) VALUES(546,5,'ATENDIMENTO',5);
INSERT INTO RANKING_VOTOS ( "RANKING", "VOTOS" ) VALUES(22,546);
INSERT INTO VOTO ( "ID", "NOTA", "TIPO_VOTO", "RESTAURANTE_ID" ) VALUES(547,2,'DEMORA',5);
INSERT INTO RANKING_VOTOS ( "RANKING", "VOTOS" ) VALUES(22,547);
INSERT INTO VOTO ( "ID", "NOTA", "TIPO_VOTO", "RESTAURANTE_ID" ) VALUES(548,5,'SABOR',5);
INSERT INTO RANKING_VOTOS ( "RANKING", "VOTOS" ) VALUES(22,548);
INSERT INTO VOTO ( "ID", "NOTA", "TIPO_VOTO", "RESTAURANTE_ID" ) VALUES(549,3,'PRECO',5);
INSERT INTO RANKING_VOTOS ( "RANKING", "VOTOS" ) VALUES(22,549);
INSERT INTO VOTO ( "ID", "NOTA", "TIPO_VOTO", "RESTAURANTE_ID" ) VALUES(550,3,'LOCALIZACAO',5);
INSERT INTO RANKING_VOTOS ( "RANKING", "VOTOS" ) VALUES(22,550);
INSERT INTO PESSOA ( "ID", "NOME" ) VALUES(23, 'Donn Conn');
INSERT INTO USUARIO ( "ID", "PESSOA_ID" ) VALUES('shovelhead@email.com',23);
INSERT INTO RANKING ( "ID", "USUARIO_ID" ) VALUES (23,'shovelhead@email.com');
INSERT INTO VOTO ( "ID", "NOTA", "TIPO_VOTO", "RESTAURANTE_ID" ) VALUES(551,4,'ATENDIMENTO',1);
INSERT INTO RANKING_VOTOS ( "RANKING", "VOTOS" ) VALUES(23,551);
INSERT INTO VOTO ( "ID", "NOTA", "TIPO_VOTO", "RESTAURANTE_ID" ) VALUES(552,3,'DEMORA',1);
INSERT INTO RANKING_VOTOS ( "RANKING", "VOTOS" ) VALUES(23,552);
INSERT INTO VOTO ( "ID", "NOTA", "TIPO_VOTO", "RESTAURANTE_ID" ) VALUES(553,5,'SABOR',1);
INSERT INTO RANKING_VOTOS ( "RANKING", "VOTOS" ) VALUES(23,553);
INSERT INTO VOTO ( "ID", "NOTA", "TIPO_VOTO", "RESTAURANTE_ID" ) VALUES(554,3,'PRECO',1);
INSERT INTO RANKING_VOTOS ( "RANKING", "VOTOS" ) VALUES(23,554);
INSERT INTO VOTO ( "ID", "NOTA", "TIPO_VOTO", "RESTAURANTE_ID" ) VALUES(555,4,'LOCALIZACAO',1);
INSERT INTO RANKING_VOTOS ( "RANKING", "VOTOS" ) VALUES(23,555);
INSERT INTO VOTO ( "ID", "NOTA", "TIPO_VOTO", "RESTAURANTE_ID" ) VALUES(556,2,'ATENDIMENTO',2);
INSERT INTO RANKING_VOTOS ( "RANKING", "VOTOS" ) VALUES(23,556);
INSERT INTO VOTO ( "ID", "NOTA", "TIPO_VOTO", "RESTAURANTE_ID" ) VALUES(557,4,'DEMORA',2);
INSERT INTO RANKING_VOTOS ( "RANKING", "VOTOS" ) VALUES(23,557);
INSERT INTO VOTO ( "ID", "NOTA", "TIPO_VOTO", "RESTAURANTE_ID" ) VALUES(558,2,'SABOR',2);
INSERT INTO RANKING_VOTOS ( "RANKING", "VOTOS" ) VALUES(23,558);
INSERT INTO VOTO ( "ID", "NOTA", "TIPO_VOTO", "RESTAURANTE_ID" ) VALUES(559,1,'PRECO',2);
INSERT INTO RANKING_VOTOS ( "RANKING", "VOTOS" ) VALUES(23,559);
INSERT INTO VOTO ( "ID", "NOTA", "TIPO_VOTO", "RESTAURANTE_ID" ) VALUES(560,2,'LOCALIZACAO',2);
INSERT INTO RANKING_VOTOS ( "RANKING", "VOTOS" ) VALUES(23,560);
INSERT INTO VOTO ( "ID", "NOTA", "TIPO_VOTO", "RESTAURANTE_ID" ) VALUES(561,1,'ATENDIMENTO',3);
INSERT INTO RANKING_VOTOS ( "RANKING", "VOTOS" ) VALUES(23,561);
INSERT INTO VOTO ( "ID", "NOTA", "TIPO_VOTO", "RESTAURANTE_ID" ) VALUES(562,2,'DEMORA',3);
INSERT INTO RANKING_VOTOS ( "RANKING", "VOTOS" ) VALUES(23,562);
INSERT INTO VOTO ( "ID", "NOTA", "TIPO_VOTO", "RESTAURANTE_ID" ) VALUES(563,5,'SABOR',3);
INSERT INTO RANKING_VOTOS ( "RANKING", "VOTOS" ) VALUES(23,563);
INSERT INTO VOTO ( "ID", "NOTA", "TIPO_VOTO", "RESTAURANTE_ID" ) VALUES(564,1,'PRECO',3);
INSERT INTO RANKING_VOTOS ( "RANKING", "VOTOS" ) VALUES(23,564);
INSERT INTO VOTO ( "ID", "NOTA", "TIPO_VOTO", "RESTAURANTE_ID" ) VALUES(565,2,'LOCALIZACAO',3);
INSERT INTO RANKING_VOTOS ( "RANKING", "VOTOS" ) VALUES(23,565);
INSERT INTO VOTO ( "ID", "NOTA", "TIPO_VOTO", "RESTAURANTE_ID" ) VALUES(566,4,'ATENDIMENTO',4);
INSERT INTO RANKING_VOTOS ( "RANKING", "VOTOS" ) VALUES(23,566);
INSERT INTO VOTO ( "ID", "NOTA", "TIPO_VOTO", "RESTAURANTE_ID" ) VALUES(567,5,'DEMORA',4);
INSERT INTO RANKING_VOTOS ( "RANKING", "VOTOS" ) VALUES(23,567);
INSERT INTO VOTO ( "ID", "NOTA", "TIPO_VOTO", "RESTAURANTE_ID" ) VALUES(568,1,'SABOR',4);
INSERT INTO RANKING_VOTOS ( "RANKING", "VOTOS" ) VALUES(23,568);
INSERT INTO VOTO ( "ID", "NOTA", "TIPO_VOTO", "RESTAURANTE_ID" ) VALUES(569,4,'PRECO',4);
INSERT INTO RANKING_VOTOS ( "RANKING", "VOTOS" ) VALUES(23,569);
INSERT INTO VOTO ( "ID", "NOTA", "TIPO_VOTO", "RESTAURANTE_ID" ) VALUES(570,1,'LOCALIZACAO',4);
INSERT INTO RANKING_VOTOS ( "RANKING", "VOTOS" ) VALUES(23,570);
INSERT INTO VOTO ( "ID", "NOTA", "TIPO_VOTO", "RESTAURANTE_ID" ) VALUES(571,1,'ATENDIMENTO',5);
INSERT INTO RANKING_VOTOS ( "RANKING", "VOTOS" ) VALUES(23,571);
INSERT INTO VOTO ( "ID", "NOTA", "TIPO_VOTO", "RESTAURANTE_ID" ) VALUES(572,5,'DEMORA',5);
INSERT INTO RANKING_VOTOS ( "RANKING", "VOTOS" ) VALUES(23,572);
INSERT INTO VOTO ( "ID", "NOTA", "TIPO_VOTO", "RESTAURANTE_ID" ) VALUES(573,5,'SABOR',5);
INSERT INTO RANKING_VOTOS ( "RANKING", "VOTOS" ) VALUES(23,573);
INSERT INTO VOTO ( "ID", "NOTA", "TIPO_VOTO", "RESTAURANTE_ID" ) VALUES(574,5,'PRECO',5);
INSERT INTO RANKING_VOTOS ( "RANKING", "VOTOS" ) VALUES(23,574);
INSERT INTO VOTO ( "ID", "NOTA", "TIPO_VOTO", "RESTAURANTE_ID" ) VALUES(575,2,'LOCALIZACAO',5);
INSERT INTO RANKING_VOTOS ( "RANKING", "VOTOS" ) VALUES(23,575);
INSERT INTO PESSOA ( "ID", "NOME" ) VALUES(24, 'Karl Metz');
INSERT INTO USUARIO ( "ID", "PESSOA_ID" ) VALUES('extemporal@email.com',24);
INSERT INTO RANKING ( "ID", "USUARIO_ID" ) VALUES (24,'extemporal@email.com');
INSERT INTO VOTO ( "ID", "NOTA", "TIPO_VOTO", "RESTAURANTE_ID" ) VALUES(576,2,'ATENDIMENTO',1);
INSERT INTO RANKING_VOTOS ( "RANKING", "VOTOS" ) VALUES(24,576);
INSERT INTO VOTO ( "ID", "NOTA", "TIPO_VOTO", "RESTAURANTE_ID" ) VALUES(577,3,'DEMORA',1);
INSERT INTO RANKING_VOTOS ( "RANKING", "VOTOS" ) VALUES(24,577);
INSERT INTO VOTO ( "ID", "NOTA", "TIPO_VOTO", "RESTAURANTE_ID" ) VALUES(578,5,'SABOR',1);
INSERT INTO RANKING_VOTOS ( "RANKING", "VOTOS" ) VALUES(24,578);
INSERT INTO VOTO ( "ID", "NOTA", "TIPO_VOTO", "RESTAURANTE_ID" ) VALUES(579,1,'PRECO',1);
INSERT INTO RANKING_VOTOS ( "RANKING", "VOTOS" ) VALUES(24,579);
INSERT INTO VOTO ( "ID", "NOTA", "TIPO_VOTO", "RESTAURANTE_ID" ) VALUES(580,3,'LOCALIZACAO',1);
INSERT INTO RANKING_VOTOS ( "RANKING", "VOTOS" ) VALUES(24,580);
INSERT INTO VOTO ( "ID", "NOTA", "TIPO_VOTO", "RESTAURANTE_ID" ) VALUES(581,5,'ATENDIMENTO',2);
INSERT INTO RANKING_VOTOS ( "RANKING", "VOTOS" ) VALUES(24,581);
INSERT INTO VOTO ( "ID", "NOTA", "TIPO_VOTO", "RESTAURANTE_ID" ) VALUES(582,5,'DEMORA',2);
INSERT INTO RANKING_VOTOS ( "RANKING", "VOTOS" ) VALUES(24,582);
INSERT INTO VOTO ( "ID", "NOTA", "TIPO_VOTO", "RESTAURANTE_ID" ) VALUES(583,3,'SABOR',2);
INSERT INTO RANKING_VOTOS ( "RANKING", "VOTOS" ) VALUES(24,583);
INSERT INTO VOTO ( "ID", "NOTA", "TIPO_VOTO", "RESTAURANTE_ID" ) VALUES(584,5,'PRECO',2);
INSERT INTO RANKING_VOTOS ( "RANKING", "VOTOS" ) VALUES(24,584);
INSERT INTO VOTO ( "ID", "NOTA", "TIPO_VOTO", "RESTAURANTE_ID" ) VALUES(585,2,'LOCALIZACAO',2);
INSERT INTO RANKING_VOTOS ( "RANKING", "VOTOS" ) VALUES(24,585);
INSERT INTO VOTO ( "ID", "NOTA", "TIPO_VOTO", "RESTAURANTE_ID" ) VALUES(586,1,'ATENDIMENTO',3);
INSERT INTO RANKING_VOTOS ( "RANKING", "VOTOS" ) VALUES(24,586);
INSERT INTO VOTO ( "ID", "NOTA", "TIPO_VOTO", "RESTAURANTE_ID" ) VALUES(587,5,'DEMORA',3);
INSERT INTO RANKING_VOTOS ( "RANKING", "VOTOS" ) VALUES(24,587);
INSERT INTO VOTO ( "ID", "NOTA", "TIPO_VOTO", "RESTAURANTE_ID" ) VALUES(588,1,'SABOR',3);
INSERT INTO RANKING_VOTOS ( "RANKING", "VOTOS" ) VALUES(24,588);
INSERT INTO VOTO ( "ID", "NOTA", "TIPO_VOTO", "RESTAURANTE_ID" ) VALUES(589,4,'PRECO',3);
INSERT INTO RANKING_VOTOS ( "RANKING", "VOTOS" ) VALUES(24,589);
INSERT INTO VOTO ( "ID", "NOTA", "TIPO_VOTO", "RESTAURANTE_ID" ) VALUES(590,5,'LOCALIZACAO',3);
INSERT INTO RANKING_VOTOS ( "RANKING", "VOTOS" ) VALUES(24,590);
INSERT INTO VOTO ( "ID", "NOTA", "TIPO_VOTO", "RESTAURANTE_ID" ) VALUES(591,4,'ATENDIMENTO',4);
INSERT INTO RANKING_VOTOS ( "RANKING", "VOTOS" ) VALUES(24,591);
INSERT INTO VOTO ( "ID", "NOTA", "TIPO_VOTO", "RESTAURANTE_ID" ) VALUES(592,4,'DEMORA',4);
INSERT INTO RANKING_VOTOS ( "RANKING", "VOTOS" ) VALUES(24,592);
INSERT INTO VOTO ( "ID", "NOTA", "TIPO_VOTO", "RESTAURANTE_ID" ) VALUES(593,4,'SABOR',4);
INSERT INTO RANKING_VOTOS ( "RANKING", "VOTOS" ) VALUES(24,593);
INSERT INTO VOTO ( "ID", "NOTA", "TIPO_VOTO", "RESTAURANTE_ID" ) VALUES(594,5,'PRECO',4);
INSERT INTO RANKING_VOTOS ( "RANKING", "VOTOS" ) VALUES(24,594);
INSERT INTO VOTO ( "ID", "NOTA", "TIPO_VOTO", "RESTAURANTE_ID" ) VALUES(595,5,'LOCALIZACAO',4);
INSERT INTO RANKING_VOTOS ( "RANKING", "VOTOS" ) VALUES(24,595);
INSERT INTO VOTO ( "ID", "NOTA", "TIPO_VOTO", "RESTAURANTE_ID" ) VALUES(596,3,'ATENDIMENTO',5);
INSERT INTO RANKING_VOTOS ( "RANKING", "VOTOS" ) VALUES(24,596);
INSERT INTO VOTO ( "ID", "NOTA", "TIPO_VOTO", "RESTAURANTE_ID" ) VALUES(597,2,'DEMORA',5);
INSERT INTO RANKING_VOTOS ( "RANKING", "VOTOS" ) VALUES(24,597);
INSERT INTO VOTO ( "ID", "NOTA", "TIPO_VOTO", "RESTAURANTE_ID" ) VALUES(598,5,'SABOR',5);
INSERT INTO RANKING_VOTOS ( "RANKING", "VOTOS" ) VALUES(24,598);
INSERT INTO VOTO ( "ID", "NOTA", "TIPO_VOTO", "RESTAURANTE_ID" ) VALUES(599,4,'PRECO',5);
INSERT INTO RANKING_VOTOS ( "RANKING", "VOTOS" ) VALUES(24,599);
INSERT INTO VOTO ( "ID", "NOTA", "TIPO_VOTO", "RESTAURANTE_ID" ) VALUES(600,3,'LOCALIZACAO',5);
INSERT INTO RANKING_VOTOS ( "RANKING", "VOTOS" ) VALUES(24,600);
INSERT INTO PESSOA ( "ID", "NOME" ) VALUES(25, 'Leonard Hackett');
INSERT INTO USUARIO ( "ID", "PESSOA_ID" ) VALUES('umbilicate@email.com',25);
INSERT INTO RANKING ( "ID", "USUARIO_ID" ) VALUES (25,'umbilicate@email.com');
INSERT INTO VOTO ( "ID", "NOTA", "TIPO_VOTO", "RESTAURANTE_ID" ) VALUES(601,5,'ATENDIMENTO',1);
INSERT INTO RANKING_VOTOS ( "RANKING", "VOTOS" ) VALUES(25,601);
INSERT INTO VOTO ( "ID", "NOTA", "TIPO_VOTO", "RESTAURANTE_ID" ) VALUES(602,4,'DEMORA',1);
INSERT INTO RANKING_VOTOS ( "RANKING", "VOTOS" ) VALUES(25,602);
INSERT INTO VOTO ( "ID", "NOTA", "TIPO_VOTO", "RESTAURANTE_ID" ) VALUES(603,1,'SABOR',1);
INSERT INTO RANKING_VOTOS ( "RANKING", "VOTOS" ) VALUES(25,603);
INSERT INTO VOTO ( "ID", "NOTA", "TIPO_VOTO", "RESTAURANTE_ID" ) VALUES(604,1,'PRECO',1);
INSERT INTO RANKING_VOTOS ( "RANKING", "VOTOS" ) VALUES(25,604);
INSERT INTO VOTO ( "ID", "NOTA", "TIPO_VOTO", "RESTAURANTE_ID" ) VALUES(605,4,'LOCALIZACAO',1);
INSERT INTO RANKING_VOTOS ( "RANKING", "VOTOS" ) VALUES(25,605);
INSERT INTO VOTO ( "ID", "NOTA", "TIPO_VOTO", "RESTAURANTE_ID" ) VALUES(606,5,'ATENDIMENTO',2);
INSERT INTO RANKING_VOTOS ( "RANKING", "VOTOS" ) VALUES(25,606);
INSERT INTO VOTO ( "ID", "NOTA", "TIPO_VOTO", "RESTAURANTE_ID" ) VALUES(607,5,'DEMORA',2);
INSERT INTO RANKING_VOTOS ( "RANKING", "VOTOS" ) VALUES(25,607);
INSERT INTO VOTO ( "ID", "NOTA", "TIPO_VOTO", "RESTAURANTE_ID" ) VALUES(608,5,'SABOR',2);
INSERT INTO RANKING_VOTOS ( "RANKING", "VOTOS" ) VALUES(25,608);
INSERT INTO VOTO ( "ID", "NOTA", "TIPO_VOTO", "RESTAURANTE_ID" ) VALUES(609,1,'PRECO',2);
INSERT INTO RANKING_VOTOS ( "RANKING", "VOTOS" ) VALUES(25,609);
INSERT INTO VOTO ( "ID", "NOTA", "TIPO_VOTO", "RESTAURANTE_ID" ) VALUES(610,5,'LOCALIZACAO',2);
INSERT INTO RANKING_VOTOS ( "RANKING", "VOTOS" ) VALUES(25,610);
INSERT INTO VOTO ( "ID", "NOTA", "TIPO_VOTO", "RESTAURANTE_ID" ) VALUES(611,1,'ATENDIMENTO',3);
INSERT INTO RANKING_VOTOS ( "RANKING", "VOTOS" ) VALUES(25,611);
INSERT INTO VOTO ( "ID", "NOTA", "TIPO_VOTO", "RESTAURANTE_ID" ) VALUES(612,1,'DEMORA',3);
INSERT INTO RANKING_VOTOS ( "RANKING", "VOTOS" ) VALUES(25,612);
INSERT INTO VOTO ( "ID", "NOTA", "TIPO_VOTO", "RESTAURANTE_ID" ) VALUES(613,1,'SABOR',3);
INSERT INTO RANKING_VOTOS ( "RANKING", "VOTOS" ) VALUES(25,613);
INSERT INTO VOTO ( "ID", "NOTA", "TIPO_VOTO", "RESTAURANTE_ID" ) VALUES(614,2,'PRECO',3);
INSERT INTO RANKING_VOTOS ( "RANKING", "VOTOS" ) VALUES(25,614);
INSERT INTO VOTO ( "ID", "NOTA", "TIPO_VOTO", "RESTAURANTE_ID" ) VALUES(615,5,'LOCALIZACAO',3);
INSERT INTO RANKING_VOTOS ( "RANKING", "VOTOS" ) VALUES(25,615);
INSERT INTO VOTO ( "ID", "NOTA", "TIPO_VOTO", "RESTAURANTE_ID" ) VALUES(616,4,'ATENDIMENTO',4);
INSERT INTO RANKING_VOTOS ( "RANKING", "VOTOS" ) VALUES(25,616);
INSERT INTO VOTO ( "ID", "NOTA", "TIPO_VOTO", "RESTAURANTE_ID" ) VALUES(617,3,'DEMORA',4);
INSERT INTO RANKING_VOTOS ( "RANKING", "VOTOS" ) VALUES(25,617);
INSERT INTO VOTO ( "ID", "NOTA", "TIPO_VOTO", "RESTAURANTE_ID" ) VALUES(618,5,'SABOR',4);
INSERT INTO RANKING_VOTOS ( "RANKING", "VOTOS" ) VALUES(25,618);
INSERT INTO VOTO ( "ID", "NOTA", "TIPO_VOTO", "RESTAURANTE_ID" ) VALUES(619,5,'PRECO',4);
INSERT INTO RANKING_VOTOS ( "RANKING", "VOTOS" ) VALUES(25,619);
INSERT INTO VOTO ( "ID", "NOTA", "TIPO_VOTO", "RESTAURANTE_ID" ) VALUES(620,5,'LOCALIZACAO',4);
INSERT INTO RANKING_VOTOS ( "RANKING", "VOTOS" ) VALUES(25,620);
INSERT INTO VOTO ( "ID", "NOTA", "TIPO_VOTO", "RESTAURANTE_ID" ) VALUES(621,4,'ATENDIMENTO',5);
INSERT INTO RANKING_VOTOS ( "RANKING", "VOTOS" ) VALUES(25,621);
INSERT INTO VOTO ( "ID", "NOTA", "TIPO_VOTO", "RESTAURANTE_ID" ) VALUES(622,3,'DEMORA',5);
INSERT INTO RANKING_VOTOS ( "RANKING", "VOTOS" ) VALUES(25,622);
INSERT INTO VOTO ( "ID", "NOTA", "TIPO_VOTO", "RESTAURANTE_ID" ) VALUES(623,5,'SABOR',5);
INSERT INTO RANKING_VOTOS ( "RANKING", "VOTOS" ) VALUES(25,623);
INSERT INTO VOTO ( "ID", "NOTA", "TIPO_VOTO", "RESTAURANTE_ID" ) VALUES(624,3,'PRECO',5);
INSERT INTO RANKING_VOTOS ( "RANKING", "VOTOS" ) VALUES(25,624);
INSERT INTO VOTO ( "ID", "NOTA", "TIPO_VOTO", "RESTAURANTE_ID" ) VALUES(625,1,'LOCALIZACAO',5);
INSERT INTO RANKING_VOTOS ( "RANKING", "VOTOS" ) VALUES(25,625);
INSERT INTO PESSOA ( "ID", "NOME" ) VALUES(26, 'Devorah Dickens');
INSERT INTO USUARIO ( "ID", "PESSOA_ID" ) VALUES('wellington@email.com',26);
INSERT INTO RANKING ( "ID", "USUARIO_ID" ) VALUES (26,'wellington@email.com');
INSERT INTO VOTO ( "ID", "NOTA", "TIPO_VOTO", "RESTAURANTE_ID" ) VALUES(626,5,'ATENDIMENTO',1);
INSERT INTO RANKING_VOTOS ( "RANKING", "VOTOS" ) VALUES(26,626);
INSERT INTO VOTO ( "ID", "NOTA", "TIPO_VOTO", "RESTAURANTE_ID" ) VALUES(627,1,'DEMORA',1);
INSERT INTO RANKING_VOTOS ( "RANKING", "VOTOS" ) VALUES(26,627);
INSERT INTO VOTO ( "ID", "NOTA", "TIPO_VOTO", "RESTAURANTE_ID" ) VALUES(628,4,'SABOR',1);
INSERT INTO RANKING_VOTOS ( "RANKING", "VOTOS" ) VALUES(26,628);
INSERT INTO VOTO ( "ID", "NOTA", "TIPO_VOTO", "RESTAURANTE_ID" ) VALUES(629,1,'PRECO',1);
INSERT INTO RANKING_VOTOS ( "RANKING", "VOTOS" ) VALUES(26,629);
INSERT INTO VOTO ( "ID", "NOTA", "TIPO_VOTO", "RESTAURANTE_ID" ) VALUES(630,4,'LOCALIZACAO',1);
INSERT INTO RANKING_VOTOS ( "RANKING", "VOTOS" ) VALUES(26,630);
INSERT INTO VOTO ( "ID", "NOTA", "TIPO_VOTO", "RESTAURANTE_ID" ) VALUES(631,5,'ATENDIMENTO',2);
INSERT INTO RANKING_VOTOS ( "RANKING", "VOTOS" ) VALUES(26,631);
INSERT INTO VOTO ( "ID", "NOTA", "TIPO_VOTO", "RESTAURANTE_ID" ) VALUES(632,3,'DEMORA',2);
INSERT INTO RANKING_VOTOS ( "RANKING", "VOTOS" ) VALUES(26,632);
INSERT INTO VOTO ( "ID", "NOTA", "TIPO_VOTO", "RESTAURANTE_ID" ) VALUES(633,4,'SABOR',2);
INSERT INTO RANKING_VOTOS ( "RANKING", "VOTOS" ) VALUES(26,633);
INSERT INTO VOTO ( "ID", "NOTA", "TIPO_VOTO", "RESTAURANTE_ID" ) VALUES(634,5,'PRECO',2);
INSERT INTO RANKING_VOTOS ( "RANKING", "VOTOS" ) VALUES(26,634);
INSERT INTO VOTO ( "ID", "NOTA", "TIPO_VOTO", "RESTAURANTE_ID" ) VALUES(635,3,'LOCALIZACAO',2);
INSERT INTO RANKING_VOTOS ( "RANKING", "VOTOS" ) VALUES(26,635);
INSERT INTO VOTO ( "ID", "NOTA", "TIPO_VOTO", "RESTAURANTE_ID" ) VALUES(636,4,'ATENDIMENTO',3);
INSERT INTO RANKING_VOTOS ( "RANKING", "VOTOS" ) VALUES(26,636);
INSERT INTO VOTO ( "ID", "NOTA", "TIPO_VOTO", "RESTAURANTE_ID" ) VALUES(637,5,'DEMORA',3);
INSERT INTO RANKING_VOTOS ( "RANKING", "VOTOS" ) VALUES(26,637);
INSERT INTO VOTO ( "ID", "NOTA", "TIPO_VOTO", "RESTAURANTE_ID" ) VALUES(638,3,'SABOR',3);
INSERT INTO RANKING_VOTOS ( "RANKING", "VOTOS" ) VALUES(26,638);
INSERT INTO VOTO ( "ID", "NOTA", "TIPO_VOTO", "RESTAURANTE_ID" ) VALUES(639,3,'PRECO',3);
INSERT INTO RANKING_VOTOS ( "RANKING", "VOTOS" ) VALUES(26,639);
INSERT INTO VOTO ( "ID", "NOTA", "TIPO_VOTO", "RESTAURANTE_ID" ) VALUES(640,4,'LOCALIZACAO',3);
INSERT INTO RANKING_VOTOS ( "RANKING", "VOTOS" ) VALUES(26,640);
INSERT INTO VOTO ( "ID", "NOTA", "TIPO_VOTO", "RESTAURANTE_ID" ) VALUES(641,3,'ATENDIMENTO',4);
INSERT INTO RANKING_VOTOS ( "RANKING", "VOTOS" ) VALUES(26,641);
INSERT INTO VOTO ( "ID", "NOTA", "TIPO_VOTO", "RESTAURANTE_ID" ) VALUES(642,4,'DEMORA',4);
INSERT INTO RANKING_VOTOS ( "RANKING", "VOTOS" ) VALUES(26,642);
INSERT INTO VOTO ( "ID", "NOTA", "TIPO_VOTO", "RESTAURANTE_ID" ) VALUES(643,1,'SABOR',4);
INSERT INTO RANKING_VOTOS ( "RANKING", "VOTOS" ) VALUES(26,643);
INSERT INTO VOTO ( "ID", "NOTA", "TIPO_VOTO", "RESTAURANTE_ID" ) VALUES(644,3,'PRECO',4);
INSERT INTO RANKING_VOTOS ( "RANKING", "VOTOS" ) VALUES(26,644);
INSERT INTO VOTO ( "ID", "NOTA", "TIPO_VOTO", "RESTAURANTE_ID" ) VALUES(645,5,'LOCALIZACAO',4);
INSERT INTO RANKING_VOTOS ( "RANKING", "VOTOS" ) VALUES(26,645);
INSERT INTO VOTO ( "ID", "NOTA", "TIPO_VOTO", "RESTAURANTE_ID" ) VALUES(646,2,'ATENDIMENTO',5);
INSERT INTO RANKING_VOTOS ( "RANKING", "VOTOS" ) VALUES(26,646);
INSERT INTO VOTO ( "ID", "NOTA", "TIPO_VOTO", "RESTAURANTE_ID" ) VALUES(647,1,'DEMORA',5);
INSERT INTO RANKING_VOTOS ( "RANKING", "VOTOS" ) VALUES(26,647);
INSERT INTO VOTO ( "ID", "NOTA", "TIPO_VOTO", "RESTAURANTE_ID" ) VALUES(648,4,'SABOR',5);
INSERT INTO RANKING_VOTOS ( "RANKING", "VOTOS" ) VALUES(26,648);
INSERT INTO VOTO ( "ID", "NOTA", "TIPO_VOTO", "RESTAURANTE_ID" ) VALUES(649,4,'PRECO',5);
INSERT INTO RANKING_VOTOS ( "RANKING", "VOTOS" ) VALUES(26,649);
INSERT INTO VOTO ( "ID", "NOTA", "TIPO_VOTO", "RESTAURANTE_ID" ) VALUES(650,3,'LOCALIZACAO',5);
INSERT INTO RANKING_VOTOS ( "RANKING", "VOTOS" ) VALUES(26,650);
INSERT INTO PESSOA ( "ID", "NOME" ) VALUES(27, 'Charley Lockman');
INSERT INTO USUARIO ( "ID", "PESSOA_ID" ) VALUES('menstruous@email.com',27);
INSERT INTO RANKING ( "ID", "USUARIO_ID" ) VALUES (27,'menstruous@email.com');
INSERT INTO VOTO ( "ID", "NOTA", "TIPO_VOTO", "RESTAURANTE_ID" ) VALUES(651,4,'ATENDIMENTO',1);
INSERT INTO RANKING_VOTOS ( "RANKING", "VOTOS" ) VALUES(27,651);
INSERT INTO VOTO ( "ID", "NOTA", "TIPO_VOTO", "RESTAURANTE_ID" ) VALUES(652,5,'DEMORA',1);
INSERT INTO RANKING_VOTOS ( "RANKING", "VOTOS" ) VALUES(27,652);
INSERT INTO VOTO ( "ID", "NOTA", "TIPO_VOTO", "RESTAURANTE_ID" ) VALUES(653,1,'SABOR',1);
INSERT INTO RANKING_VOTOS ( "RANKING", "VOTOS" ) VALUES(27,653);
INSERT INTO VOTO ( "ID", "NOTA", "TIPO_VOTO", "RESTAURANTE_ID" ) VALUES(654,2,'PRECO',1);
INSERT INTO RANKING_VOTOS ( "RANKING", "VOTOS" ) VALUES(27,654);
INSERT INTO VOTO ( "ID", "NOTA", "TIPO_VOTO", "RESTAURANTE_ID" ) VALUES(655,1,'LOCALIZACAO',1);
INSERT INTO RANKING_VOTOS ( "RANKING", "VOTOS" ) VALUES(27,655);
INSERT INTO VOTO ( "ID", "NOTA", "TIPO_VOTO", "RESTAURANTE_ID" ) VALUES(656,4,'ATENDIMENTO',2);
INSERT INTO RANKING_VOTOS ( "RANKING", "VOTOS" ) VALUES(27,656);
INSERT INTO VOTO ( "ID", "NOTA", "TIPO_VOTO", "RESTAURANTE_ID" ) VALUES(657,4,'DEMORA',2);
INSERT INTO RANKING_VOTOS ( "RANKING", "VOTOS" ) VALUES(27,657);
INSERT INTO VOTO ( "ID", "NOTA", "TIPO_VOTO", "RESTAURANTE_ID" ) VALUES(658,5,'SABOR',2);
INSERT INTO RANKING_VOTOS ( "RANKING", "VOTOS" ) VALUES(27,658);
INSERT INTO VOTO ( "ID", "NOTA", "TIPO_VOTO", "RESTAURANTE_ID" ) VALUES(659,2,'PRECO',2);
INSERT INTO RANKING_VOTOS ( "RANKING", "VOTOS" ) VALUES(27,659);
INSERT INTO VOTO ( "ID", "NOTA", "TIPO_VOTO", "RESTAURANTE_ID" ) VALUES(660,3,'LOCALIZACAO',2);
INSERT INTO RANKING_VOTOS ( "RANKING", "VOTOS" ) VALUES(27,660);
INSERT INTO VOTO ( "ID", "NOTA", "TIPO_VOTO", "RESTAURANTE_ID" ) VALUES(661,2,'ATENDIMENTO',3);
INSERT INTO RANKING_VOTOS ( "RANKING", "VOTOS" ) VALUES(27,661);
INSERT INTO VOTO ( "ID", "NOTA", "TIPO_VOTO", "RESTAURANTE_ID" ) VALUES(662,3,'DEMORA',3);
INSERT INTO RANKING_VOTOS ( "RANKING", "VOTOS" ) VALUES(27,662);
INSERT INTO VOTO ( "ID", "NOTA", "TIPO_VOTO", "RESTAURANTE_ID" ) VALUES(663,3,'SABOR',3);
INSERT INTO RANKING_VOTOS ( "RANKING", "VOTOS" ) VALUES(27,663);
INSERT INTO VOTO ( "ID", "NOTA", "TIPO_VOTO", "RESTAURANTE_ID" ) VALUES(664,2,'PRECO',3);
INSERT INTO RANKING_VOTOS ( "RANKING", "VOTOS" ) VALUES(27,664);
INSERT INTO VOTO ( "ID", "NOTA", "TIPO_VOTO", "RESTAURANTE_ID" ) VALUES(665,2,'LOCALIZACAO',3);
INSERT INTO RANKING_VOTOS ( "RANKING", "VOTOS" ) VALUES(27,665);
INSERT INTO VOTO ( "ID", "NOTA", "TIPO_VOTO", "RESTAURANTE_ID" ) VALUES(666,2,'ATENDIMENTO',4);
INSERT INTO RANKING_VOTOS ( "RANKING", "VOTOS" ) VALUES(27,666);
INSERT INTO VOTO ( "ID", "NOTA", "TIPO_VOTO", "RESTAURANTE_ID" ) VALUES(667,2,'DEMORA',4);
INSERT INTO RANKING_VOTOS ( "RANKING", "VOTOS" ) VALUES(27,667);
INSERT INTO VOTO ( "ID", "NOTA", "TIPO_VOTO", "RESTAURANTE_ID" ) VALUES(668,1,'SABOR',4);
INSERT INTO RANKING_VOTOS ( "RANKING", "VOTOS" ) VALUES(27,668);
INSERT INTO VOTO ( "ID", "NOTA", "TIPO_VOTO", "RESTAURANTE_ID" ) VALUES(669,4,'PRECO',4);
INSERT INTO RANKING_VOTOS ( "RANKING", "VOTOS" ) VALUES(27,669);
INSERT INTO VOTO ( "ID", "NOTA", "TIPO_VOTO", "RESTAURANTE_ID" ) VALUES(670,4,'LOCALIZACAO',4);
INSERT INTO RANKING_VOTOS ( "RANKING", "VOTOS" ) VALUES(27,670);
INSERT INTO VOTO ( "ID", "NOTA", "TIPO_VOTO", "RESTAURANTE_ID" ) VALUES(671,2,'ATENDIMENTO',5);
INSERT INTO RANKING_VOTOS ( "RANKING", "VOTOS" ) VALUES(27,671);
INSERT INTO VOTO ( "ID", "NOTA", "TIPO_VOTO", "RESTAURANTE_ID" ) VALUES(672,3,'DEMORA',5);
INSERT INTO RANKING_VOTOS ( "RANKING", "VOTOS" ) VALUES(27,672);
INSERT INTO VOTO ( "ID", "NOTA", "TIPO_VOTO", "RESTAURANTE_ID" ) VALUES(673,3,'SABOR',5);
INSERT INTO RANKING_VOTOS ( "RANKING", "VOTOS" ) VALUES(27,673);
INSERT INTO VOTO ( "ID", "NOTA", "TIPO_VOTO", "RESTAURANTE_ID" ) VALUES(674,5,'PRECO',5);
INSERT INTO RANKING_VOTOS ( "RANKING", "VOTOS" ) VALUES(27,674);
INSERT INTO VOTO ( "ID", "NOTA", "TIPO_VOTO", "RESTAURANTE_ID" ) VALUES(675,3,'LOCALIZACAO',5);
INSERT INTO RANKING_VOTOS ( "RANKING", "VOTOS" ) VALUES(27,675);
INSERT INTO PESSOA ( "ID", "NOME" ) VALUES(28, 'Sherrie Okuneva');
INSERT INTO USUARIO ( "ID", "PESSOA_ID" ) VALUES('excludible@email.com',28);
INSERT INTO RANKING ( "ID", "USUARIO_ID" ) VALUES (28,'excludible@email.com');
INSERT INTO VOTO ( "ID", "NOTA", "TIPO_VOTO", "RESTAURANTE_ID" ) VALUES(676,3,'ATENDIMENTO',1);
INSERT INTO RANKING_VOTOS ( "RANKING", "VOTOS" ) VALUES(28,676);
INSERT INTO VOTO ( "ID", "NOTA", "TIPO_VOTO", "RESTAURANTE_ID" ) VALUES(677,2,'DEMORA',1);
INSERT INTO RANKING_VOTOS ( "RANKING", "VOTOS" ) VALUES(28,677);
INSERT INTO VOTO ( "ID", "NOTA", "TIPO_VOTO", "RESTAURANTE_ID" ) VALUES(678,5,'SABOR',1);
INSERT INTO RANKING_VOTOS ( "RANKING", "VOTOS" ) VALUES(28,678);
INSERT INTO VOTO ( "ID", "NOTA", "TIPO_VOTO", "RESTAURANTE_ID" ) VALUES(679,5,'PRECO',1);
INSERT INTO RANKING_VOTOS ( "RANKING", "VOTOS" ) VALUES(28,679);
INSERT INTO VOTO ( "ID", "NOTA", "TIPO_VOTO", "RESTAURANTE_ID" ) VALUES(680,3,'LOCALIZACAO',1);
INSERT INTO RANKING_VOTOS ( "RANKING", "VOTOS" ) VALUES(28,680);
INSERT INTO VOTO ( "ID", "NOTA", "TIPO_VOTO", "RESTAURANTE_ID" ) VALUES(681,4,'ATENDIMENTO',2);
INSERT INTO RANKING_VOTOS ( "RANKING", "VOTOS" ) VALUES(28,681);
INSERT INTO VOTO ( "ID", "NOTA", "TIPO_VOTO", "RESTAURANTE_ID" ) VALUES(682,1,'DEMORA',2);
INSERT INTO RANKING_VOTOS ( "RANKING", "VOTOS" ) VALUES(28,682);
INSERT INTO VOTO ( "ID", "NOTA", "TIPO_VOTO", "RESTAURANTE_ID" ) VALUES(683,5,'SABOR',2);
INSERT INTO RANKING_VOTOS ( "RANKING", "VOTOS" ) VALUES(28,683);
INSERT INTO VOTO ( "ID", "NOTA", "TIPO_VOTO", "RESTAURANTE_ID" ) VALUES(684,5,'PRECO',2);
INSERT INTO RANKING_VOTOS ( "RANKING", "VOTOS" ) VALUES(28,684);
INSERT INTO VOTO ( "ID", "NOTA", "TIPO_VOTO", "RESTAURANTE_ID" ) VALUES(685,2,'LOCALIZACAO',2);
INSERT INTO RANKING_VOTOS ( "RANKING", "VOTOS" ) VALUES(28,685);
INSERT INTO VOTO ( "ID", "NOTA", "TIPO_VOTO", "RESTAURANTE_ID" ) VALUES(686,2,'ATENDIMENTO',3);
INSERT INTO RANKING_VOTOS ( "RANKING", "VOTOS" ) VALUES(28,686);
INSERT INTO VOTO ( "ID", "NOTA", "TIPO_VOTO", "RESTAURANTE_ID" ) VALUES(687,1,'DEMORA',3);
INSERT INTO RANKING_VOTOS ( "RANKING", "VOTOS" ) VALUES(28,687);
INSERT INTO VOTO ( "ID", "NOTA", "TIPO_VOTO", "RESTAURANTE_ID" ) VALUES(688,5,'SABOR',3);
INSERT INTO RANKING_VOTOS ( "RANKING", "VOTOS" ) VALUES(28,688);
INSERT INTO VOTO ( "ID", "NOTA", "TIPO_VOTO", "RESTAURANTE_ID" ) VALUES(689,4,'PRECO',3);
INSERT INTO RANKING_VOTOS ( "RANKING", "VOTOS" ) VALUES(28,689);
INSERT INTO VOTO ( "ID", "NOTA", "TIPO_VOTO", "RESTAURANTE_ID" ) VALUES(690,5,'LOCALIZACAO',3);
INSERT INTO RANKING_VOTOS ( "RANKING", "VOTOS" ) VALUES(28,690);
INSERT INTO VOTO ( "ID", "NOTA", "TIPO_VOTO", "RESTAURANTE_ID" ) VALUES(691,1,'ATENDIMENTO',4);
INSERT INTO RANKING_VOTOS ( "RANKING", "VOTOS" ) VALUES(28,691);
INSERT INTO VOTO ( "ID", "NOTA", "TIPO_VOTO", "RESTAURANTE_ID" ) VALUES(692,5,'DEMORA',4);
INSERT INTO RANKING_VOTOS ( "RANKING", "VOTOS" ) VALUES(28,692);
INSERT INTO VOTO ( "ID", "NOTA", "TIPO_VOTO", "RESTAURANTE_ID" ) VALUES(693,1,'SABOR',4);
INSERT INTO RANKING_VOTOS ( "RANKING", "VOTOS" ) VALUES(28,693);
INSERT INTO VOTO ( "ID", "NOTA", "TIPO_VOTO", "RESTAURANTE_ID" ) VALUES(694,2,'PRECO',4);
INSERT INTO RANKING_VOTOS ( "RANKING", "VOTOS" ) VALUES(28,694);
INSERT INTO VOTO ( "ID", "NOTA", "TIPO_VOTO", "RESTAURANTE_ID" ) VALUES(695,4,'LOCALIZACAO',4);
INSERT INTO RANKING_VOTOS ( "RANKING", "VOTOS" ) VALUES(28,695);
INSERT INTO VOTO ( "ID", "NOTA", "TIPO_VOTO", "RESTAURANTE_ID" ) VALUES(696,2,'ATENDIMENTO',5);
INSERT INTO RANKING_VOTOS ( "RANKING", "VOTOS" ) VALUES(28,696);
INSERT INTO VOTO ( "ID", "NOTA", "TIPO_VOTO", "RESTAURANTE_ID" ) VALUES(697,1,'DEMORA',5);
INSERT INTO RANKING_VOTOS ( "RANKING", "VOTOS" ) VALUES(28,697);
INSERT INTO VOTO ( "ID", "NOTA", "TIPO_VOTO", "RESTAURANTE_ID" ) VALUES(698,5,'SABOR',5);
INSERT INTO RANKING_VOTOS ( "RANKING", "VOTOS" ) VALUES(28,698);
INSERT INTO VOTO ( "ID", "NOTA", "TIPO_VOTO", "RESTAURANTE_ID" ) VALUES(699,3,'PRECO',5);
INSERT INTO RANKING_VOTOS ( "RANKING", "VOTOS" ) VALUES(28,699);
INSERT INTO VOTO ( "ID", "NOTA", "TIPO_VOTO", "RESTAURANTE_ID" ) VALUES(700,5,'LOCALIZACAO',5);
INSERT INTO RANKING_VOTOS ( "RANKING", "VOTOS" ) VALUES(28,700);
INSERT INTO PESSOA ( "ID", "NOME" ) VALUES(29, 'Deandre Wiegand');
INSERT INTO USUARIO ( "ID", "PESSOA_ID" ) VALUES('simulacrum@email.com',29);
INSERT INTO RANKING ( "ID", "USUARIO_ID" ) VALUES (29,'simulacrum@email.com');
INSERT INTO VOTO ( "ID", "NOTA", "TIPO_VOTO", "RESTAURANTE_ID" ) VALUES(701,1,'ATENDIMENTO',1);
INSERT INTO RANKING_VOTOS ( "RANKING", "VOTOS" ) VALUES(29,701);
INSERT INTO VOTO ( "ID", "NOTA", "TIPO_VOTO", "RESTAURANTE_ID" ) VALUES(702,2,'DEMORA',1);
INSERT INTO RANKING_VOTOS ( "RANKING", "VOTOS" ) VALUES(29,702);
INSERT INTO VOTO ( "ID", "NOTA", "TIPO_VOTO", "RESTAURANTE_ID" ) VALUES(703,4,'SABOR',1);
INSERT INTO RANKING_VOTOS ( "RANKING", "VOTOS" ) VALUES(29,703);
INSERT INTO VOTO ( "ID", "NOTA", "TIPO_VOTO", "RESTAURANTE_ID" ) VALUES(704,1,'PRECO',1);
INSERT INTO RANKING_VOTOS ( "RANKING", "VOTOS" ) VALUES(29,704);
INSERT INTO VOTO ( "ID", "NOTA", "TIPO_VOTO", "RESTAURANTE_ID" ) VALUES(705,3,'LOCALIZACAO',1);
INSERT INTO RANKING_VOTOS ( "RANKING", "VOTOS" ) VALUES(29,705);
INSERT INTO VOTO ( "ID", "NOTA", "TIPO_VOTO", "RESTAURANTE_ID" ) VALUES(706,4,'ATENDIMENTO',2);
INSERT INTO RANKING_VOTOS ( "RANKING", "VOTOS" ) VALUES(29,706);
INSERT INTO VOTO ( "ID", "NOTA", "TIPO_VOTO", "RESTAURANTE_ID" ) VALUES(707,3,'DEMORA',2);
INSERT INTO RANKING_VOTOS ( "RANKING", "VOTOS" ) VALUES(29,707);
INSERT INTO VOTO ( "ID", "NOTA", "TIPO_VOTO", "RESTAURANTE_ID" ) VALUES(708,3,'SABOR',2);
INSERT INTO RANKING_VOTOS ( "RANKING", "VOTOS" ) VALUES(29,708);
INSERT INTO VOTO ( "ID", "NOTA", "TIPO_VOTO", "RESTAURANTE_ID" ) VALUES(709,3,'PRECO',2);
INSERT INTO RANKING_VOTOS ( "RANKING", "VOTOS" ) VALUES(29,709);
INSERT INTO VOTO ( "ID", "NOTA", "TIPO_VOTO", "RESTAURANTE_ID" ) VALUES(710,1,'LOCALIZACAO',2);
INSERT INTO RANKING_VOTOS ( "RANKING", "VOTOS" ) VALUES(29,710);
INSERT INTO VOTO ( "ID", "NOTA", "TIPO_VOTO", "RESTAURANTE_ID" ) VALUES(711,3,'ATENDIMENTO',3);
INSERT INTO RANKING_VOTOS ( "RANKING", "VOTOS" ) VALUES(29,711);
INSERT INTO VOTO ( "ID", "NOTA", "TIPO_VOTO", "RESTAURANTE_ID" ) VALUES(712,3,'DEMORA',3);
INSERT INTO RANKING_VOTOS ( "RANKING", "VOTOS" ) VALUES(29,712);
INSERT INTO VOTO ( "ID", "NOTA", "TIPO_VOTO", "RESTAURANTE_ID" ) VALUES(713,4,'SABOR',3);
INSERT INTO RANKING_VOTOS ( "RANKING", "VOTOS" ) VALUES(29,713);
INSERT INTO VOTO ( "ID", "NOTA", "TIPO_VOTO", "RESTAURANTE_ID" ) VALUES(714,2,'PRECO',3);
INSERT INTO RANKING_VOTOS ( "RANKING", "VOTOS" ) VALUES(29,714);
INSERT INTO VOTO ( "ID", "NOTA", "TIPO_VOTO", "RESTAURANTE_ID" ) VALUES(715,5,'LOCALIZACAO',3);
INSERT INTO RANKING_VOTOS ( "RANKING", "VOTOS" ) VALUES(29,715);
INSERT INTO VOTO ( "ID", "NOTA", "TIPO_VOTO", "RESTAURANTE_ID" ) VALUES(716,3,'ATENDIMENTO',4);
INSERT INTO RANKING_VOTOS ( "RANKING", "VOTOS" ) VALUES(29,716);
INSERT INTO VOTO ( "ID", "NOTA", "TIPO_VOTO", "RESTAURANTE_ID" ) VALUES(717,5,'DEMORA',4);
INSERT INTO RANKING_VOTOS ( "RANKING", "VOTOS" ) VALUES(29,717);
INSERT INTO VOTO ( "ID", "NOTA", "TIPO_VOTO", "RESTAURANTE_ID" ) VALUES(718,3,'SABOR',4);
INSERT INTO RANKING_VOTOS ( "RANKING", "VOTOS" ) VALUES(29,718);
INSERT INTO VOTO ( "ID", "NOTA", "TIPO_VOTO", "RESTAURANTE_ID" ) VALUES(719,2,'PRECO',4);
INSERT INTO RANKING_VOTOS ( "RANKING", "VOTOS" ) VALUES(29,719);
INSERT INTO VOTO ( "ID", "NOTA", "TIPO_VOTO", "RESTAURANTE_ID" ) VALUES(720,5,'LOCALIZACAO',4);
INSERT INTO RANKING_VOTOS ( "RANKING", "VOTOS" ) VALUES(29,720);
INSERT INTO VOTO ( "ID", "NOTA", "TIPO_VOTO", "RESTAURANTE_ID" ) VALUES(721,1,'ATENDIMENTO',5);
INSERT INTO RANKING_VOTOS ( "RANKING", "VOTOS" ) VALUES(29,721);
INSERT INTO VOTO ( "ID", "NOTA", "TIPO_VOTO", "RESTAURANTE_ID" ) VALUES(722,2,'DEMORA',5);
INSERT INTO RANKING_VOTOS ( "RANKING", "VOTOS" ) VALUES(29,722);
INSERT INTO VOTO ( "ID", "NOTA", "TIPO_VOTO", "RESTAURANTE_ID" ) VALUES(723,4,'SABOR',5);
INSERT INTO RANKING_VOTOS ( "RANKING", "VOTOS" ) VALUES(29,723);
INSERT INTO VOTO ( "ID", "NOTA", "TIPO_VOTO", "RESTAURANTE_ID" ) VALUES(724,3,'PRECO',5);
INSERT INTO RANKING_VOTOS ( "RANKING", "VOTOS" ) VALUES(29,724);
INSERT INTO VOTO ( "ID", "NOTA", "TIPO_VOTO", "RESTAURANTE_ID" ) VALUES(725,2,'LOCALIZACAO',5);
INSERT INTO RANKING_VOTOS ( "RANKING", "VOTOS" ) VALUES(29,725);
INSERT INTO PESSOA ( "ID", "NOME" ) VALUES(30, 'Dominga Schmitt');
INSERT INTO USUARIO ( "ID", "PESSOA_ID" ) VALUES('demoniacal@email.com',30);
INSERT INTO RANKING ( "ID", "USUARIO_ID" ) VALUES (30,'demoniacal@email.com');
INSERT INTO VOTO ( "ID", "NOTA", "TIPO_VOTO", "RESTAURANTE_ID" ) VALUES(726,3,'ATENDIMENTO',1);
INSERT INTO RANKING_VOTOS ( "RANKING", "VOTOS" ) VALUES(30,726);
INSERT INTO VOTO ( "ID", "NOTA", "TIPO_VOTO", "RESTAURANTE_ID" ) VALUES(727,3,'DEMORA',1);
INSERT INTO RANKING_VOTOS ( "RANKING", "VOTOS" ) VALUES(30,727);
INSERT INTO VOTO ( "ID", "NOTA", "TIPO_VOTO", "RESTAURANTE_ID" ) VALUES(728,3,'SABOR',1);
INSERT INTO RANKING_VOTOS ( "RANKING", "VOTOS" ) VALUES(30,728);
INSERT INTO VOTO ( "ID", "NOTA", "TIPO_VOTO", "RESTAURANTE_ID" ) VALUES(729,5,'PRECO',1);
INSERT INTO RANKING_VOTOS ( "RANKING", "VOTOS" ) VALUES(30,729);
INSERT INTO VOTO ( "ID", "NOTA", "TIPO_VOTO", "RESTAURANTE_ID" ) VALUES(730,3,'LOCALIZACAO',1);
INSERT INTO RANKING_VOTOS ( "RANKING", "VOTOS" ) VALUES(30,730);
INSERT INTO VOTO ( "ID", "NOTA", "TIPO_VOTO", "RESTAURANTE_ID" ) VALUES(731,5,'ATENDIMENTO',2);
INSERT INTO RANKING_VOTOS ( "RANKING", "VOTOS" ) VALUES(30,731);
INSERT INTO VOTO ( "ID", "NOTA", "TIPO_VOTO", "RESTAURANTE_ID" ) VALUES(732,1,'DEMORA',2);
INSERT INTO RANKING_VOTOS ( "RANKING", "VOTOS" ) VALUES(30,732);
INSERT INTO VOTO ( "ID", "NOTA", "TIPO_VOTO", "RESTAURANTE_ID" ) VALUES(733,3,'SABOR',2);
INSERT INTO RANKING_VOTOS ( "RANKING", "VOTOS" ) VALUES(30,733);
INSERT INTO VOTO ( "ID", "NOTA", "TIPO_VOTO", "RESTAURANTE_ID" ) VALUES(734,2,'PRECO',2);
INSERT INTO RANKING_VOTOS ( "RANKING", "VOTOS" ) VALUES(30,734);
INSERT INTO VOTO ( "ID", "NOTA", "TIPO_VOTO", "RESTAURANTE_ID" ) VALUES(735,3,'LOCALIZACAO',2);
INSERT INTO RANKING_VOTOS ( "RANKING", "VOTOS" ) VALUES(30,735);
INSERT INTO VOTO ( "ID", "NOTA", "TIPO_VOTO", "RESTAURANTE_ID" ) VALUES(736,4,'ATENDIMENTO',3);
INSERT INTO RANKING_VOTOS ( "RANKING", "VOTOS" ) VALUES(30,736);
INSERT INTO VOTO ( "ID", "NOTA", "TIPO_VOTO", "RESTAURANTE_ID" ) VALUES(737,4,'DEMORA',3);
INSERT INTO RANKING_VOTOS ( "RANKING", "VOTOS" ) VALUES(30,737);
INSERT INTO VOTO ( "ID", "NOTA", "TIPO_VOTO", "RESTAURANTE_ID" ) VALUES(738,3,'SABOR',3);
INSERT INTO RANKING_VOTOS ( "RANKING", "VOTOS" ) VALUES(30,738);
INSERT INTO VOTO ( "ID", "NOTA", "TIPO_VOTO", "RESTAURANTE_ID" ) VALUES(739,1,'PRECO',3);
INSERT INTO RANKING_VOTOS ( "RANKING", "VOTOS" ) VALUES(30,739);
INSERT INTO VOTO ( "ID", "NOTA", "TIPO_VOTO", "RESTAURANTE_ID" ) VALUES(740,1,'LOCALIZACAO',3);
INSERT INTO RANKING_VOTOS ( "RANKING", "VOTOS" ) VALUES(30,740);
INSERT INTO VOTO ( "ID", "NOTA", "TIPO_VOTO", "RESTAURANTE_ID" ) VALUES(741,1,'ATENDIMENTO',4);
INSERT INTO RANKING_VOTOS ( "RANKING", "VOTOS" ) VALUES(30,741);
INSERT INTO VOTO ( "ID", "NOTA", "TIPO_VOTO", "RESTAURANTE_ID" ) VALUES(742,1,'DEMORA',4);
INSERT INTO RANKING_VOTOS ( "RANKING", "VOTOS" ) VALUES(30,742);
INSERT INTO VOTO ( "ID", "NOTA", "TIPO_VOTO", "RESTAURANTE_ID" ) VALUES(743,1,'SABOR',4);
INSERT INTO RANKING_VOTOS ( "RANKING", "VOTOS" ) VALUES(30,743);
INSERT INTO VOTO ( "ID", "NOTA", "TIPO_VOTO", "RESTAURANTE_ID" ) VALUES(744,5,'PRECO',4);
INSERT INTO RANKING_VOTOS ( "RANKING", "VOTOS" ) VALUES(30,744);
INSERT INTO VOTO ( "ID", "NOTA", "TIPO_VOTO", "RESTAURANTE_ID" ) VALUES(745,1,'LOCALIZACAO',4);
INSERT INTO RANKING_VOTOS ( "RANKING", "VOTOS" ) VALUES(30,745);
INSERT INTO VOTO ( "ID", "NOTA", "TIPO_VOTO", "RESTAURANTE_ID" ) VALUES(746,5,'ATENDIMENTO',5);
INSERT INTO RANKING_VOTOS ( "RANKING", "VOTOS" ) VALUES(30,746);
INSERT INTO VOTO ( "ID", "NOTA", "TIPO_VOTO", "RESTAURANTE_ID" ) VALUES(747,3,'DEMORA',5);
INSERT INTO RANKING_VOTOS ( "RANKING", "VOTOS" ) VALUES(30,747);
INSERT INTO VOTO ( "ID", "NOTA", "TIPO_VOTO", "RESTAURANTE_ID" ) VALUES(748,5,'SABOR',5);
INSERT INTO RANKING_VOTOS ( "RANKING", "VOTOS" ) VALUES(30,748);
INSERT INTO VOTO ( "ID", "NOTA", "TIPO_VOTO", "RESTAURANTE_ID" ) VALUES(749,1,'PRECO',5);
INSERT INTO RANKING_VOTOS ( "RANKING", "VOTOS" ) VALUES(30,749);
INSERT INTO VOTO ( "ID", "NOTA", "TIPO_VOTO", "RESTAURANTE_ID" ) VALUES(750,1,'LOCALIZACAO',5);
INSERT INTO RANKING_VOTOS ( "RANKING", "VOTOS" ) VALUES(30,750);
INSERT INTO PESSOA ( "ID", "NOME" ) VALUES(31, 'Lavelle Sanford');
INSERT INTO USUARIO ( "ID", "PESSOA_ID" ) VALUES('hootenanny@email.com',31);
INSERT INTO RANKING ( "ID", "USUARIO_ID" ) VALUES (31,'hootenanny@email.com');
INSERT INTO VOTO ( "ID", "NOTA", "TIPO_VOTO", "RESTAURANTE_ID" ) VALUES(751,4,'ATENDIMENTO',1);
INSERT INTO RANKING_VOTOS ( "RANKING", "VOTOS" ) VALUES(31,751);
INSERT INTO VOTO ( "ID", "NOTA", "TIPO_VOTO", "RESTAURANTE_ID" ) VALUES(752,1,'DEMORA',1);
INSERT INTO RANKING_VOTOS ( "RANKING", "VOTOS" ) VALUES(31,752);
INSERT INTO VOTO ( "ID", "NOTA", "TIPO_VOTO", "RESTAURANTE_ID" ) VALUES(753,4,'SABOR',1);
INSERT INTO RANKING_VOTOS ( "RANKING", "VOTOS" ) VALUES(31,753);
INSERT INTO VOTO ( "ID", "NOTA", "TIPO_VOTO", "RESTAURANTE_ID" ) VALUES(754,2,'PRECO',1);
INSERT INTO RANKING_VOTOS ( "RANKING", "VOTOS" ) VALUES(31,754);
INSERT INTO VOTO ( "ID", "NOTA", "TIPO_VOTO", "RESTAURANTE_ID" ) VALUES(755,2,'LOCALIZACAO',1);
INSERT INTO RANKING_VOTOS ( "RANKING", "VOTOS" ) VALUES(31,755);
INSERT INTO VOTO ( "ID", "NOTA", "TIPO_VOTO", "RESTAURANTE_ID" ) VALUES(756,3,'ATENDIMENTO',2);
INSERT INTO RANKING_VOTOS ( "RANKING", "VOTOS" ) VALUES(31,756);
INSERT INTO VOTO ( "ID", "NOTA", "TIPO_VOTO", "RESTAURANTE_ID" ) VALUES(757,3,'DEMORA',2);
INSERT INTO RANKING_VOTOS ( "RANKING", "VOTOS" ) VALUES(31,757);
INSERT INTO VOTO ( "ID", "NOTA", "TIPO_VOTO", "RESTAURANTE_ID" ) VALUES(758,1,'SABOR',2);
INSERT INTO RANKING_VOTOS ( "RANKING", "VOTOS" ) VALUES(31,758);
INSERT INTO VOTO ( "ID", "NOTA", "TIPO_VOTO", "RESTAURANTE_ID" ) VALUES(759,3,'PRECO',2);
INSERT INTO RANKING_VOTOS ( "RANKING", "VOTOS" ) VALUES(31,759);
INSERT INTO VOTO ( "ID", "NOTA", "TIPO_VOTO", "RESTAURANTE_ID" ) VALUES(760,4,'LOCALIZACAO',2);
INSERT INTO RANKING_VOTOS ( "RANKING", "VOTOS" ) VALUES(31,760);
INSERT INTO VOTO ( "ID", "NOTA", "TIPO_VOTO", "RESTAURANTE_ID" ) VALUES(761,4,'ATENDIMENTO',3);
INSERT INTO RANKING_VOTOS ( "RANKING", "VOTOS" ) VALUES(31,761);
INSERT INTO VOTO ( "ID", "NOTA", "TIPO_VOTO", "RESTAURANTE_ID" ) VALUES(762,4,'DEMORA',3);
INSERT INTO RANKING_VOTOS ( "RANKING", "VOTOS" ) VALUES(31,762);
INSERT INTO VOTO ( "ID", "NOTA", "TIPO_VOTO", "RESTAURANTE_ID" ) VALUES(763,3,'SABOR',3);
INSERT INTO RANKING_VOTOS ( "RANKING", "VOTOS" ) VALUES(31,763);
INSERT INTO VOTO ( "ID", "NOTA", "TIPO_VOTO", "RESTAURANTE_ID" ) VALUES(764,2,'PRECO',3);
INSERT INTO RANKING_VOTOS ( "RANKING", "VOTOS" ) VALUES(31,764);
INSERT INTO VOTO ( "ID", "NOTA", "TIPO_VOTO", "RESTAURANTE_ID" ) VALUES(765,5,'LOCALIZACAO',3);
INSERT INTO RANKING_VOTOS ( "RANKING", "VOTOS" ) VALUES(31,765);
INSERT INTO VOTO ( "ID", "NOTA", "TIPO_VOTO", "RESTAURANTE_ID" ) VALUES(766,5,'ATENDIMENTO',4);
INSERT INTO RANKING_VOTOS ( "RANKING", "VOTOS" ) VALUES(31,766);
INSERT INTO VOTO ( "ID", "NOTA", "TIPO_VOTO", "RESTAURANTE_ID" ) VALUES(767,4,'DEMORA',4);
INSERT INTO RANKING_VOTOS ( "RANKING", "VOTOS" ) VALUES(31,767);
INSERT INTO VOTO ( "ID", "NOTA", "TIPO_VOTO", "RESTAURANTE_ID" ) VALUES(768,5,'SABOR',4);
INSERT INTO RANKING_VOTOS ( "RANKING", "VOTOS" ) VALUES(31,768);
INSERT INTO VOTO ( "ID", "NOTA", "TIPO_VOTO", "RESTAURANTE_ID" ) VALUES(769,2,'PRECO',4);
INSERT INTO RANKING_VOTOS ( "RANKING", "VOTOS" ) VALUES(31,769);
INSERT INTO VOTO ( "ID", "NOTA", "TIPO_VOTO", "RESTAURANTE_ID" ) VALUES(770,3,'LOCALIZACAO',4);
INSERT INTO RANKING_VOTOS ( "RANKING", "VOTOS" ) VALUES(31,770);
INSERT INTO VOTO ( "ID", "NOTA", "TIPO_VOTO", "RESTAURANTE_ID" ) VALUES(771,3,'ATENDIMENTO',5);
INSERT INTO RANKING_VOTOS ( "RANKING", "VOTOS" ) VALUES(31,771);
INSERT INTO VOTO ( "ID", "NOTA", "TIPO_VOTO", "RESTAURANTE_ID" ) VALUES(772,3,'DEMORA',5);
INSERT INTO RANKING_VOTOS ( "RANKING", "VOTOS" ) VALUES(31,772);
INSERT INTO VOTO ( "ID", "NOTA", "TIPO_VOTO", "RESTAURANTE_ID" ) VALUES(773,2,'SABOR',5);
INSERT INTO RANKING_VOTOS ( "RANKING", "VOTOS" ) VALUES(31,773);
INSERT INTO VOTO ( "ID", "NOTA", "TIPO_VOTO", "RESTAURANTE_ID" ) VALUES(774,1,'PRECO',5);
INSERT INTO RANKING_VOTOS ( "RANKING", "VOTOS" ) VALUES(31,774);
INSERT INTO VOTO ( "ID", "NOTA", "TIPO_VOTO", "RESTAURANTE_ID" ) VALUES(775,5,'LOCALIZACAO',5);
INSERT INTO RANKING_VOTOS ( "RANKING", "VOTOS" ) VALUES(31,775);
INSERT INTO PESSOA ( "ID", "NOME" ) VALUES(32, 'Enrique Krajcik');
INSERT INTO USUARIO ( "ID", "PESSOA_ID" ) VALUES('trainferry@email.com',32);
INSERT INTO RANKING ( "ID", "USUARIO_ID" ) VALUES (32,'trainferry@email.com');
INSERT INTO VOTO ( "ID", "NOTA", "TIPO_VOTO", "RESTAURANTE_ID" ) VALUES(776,3,'ATENDIMENTO',1);
INSERT INTO RANKING_VOTOS ( "RANKING", "VOTOS" ) VALUES(32,776);
INSERT INTO VOTO ( "ID", "NOTA", "TIPO_VOTO", "RESTAURANTE_ID" ) VALUES(777,3,'DEMORA',1);
INSERT INTO RANKING_VOTOS ( "RANKING", "VOTOS" ) VALUES(32,777);
INSERT INTO VOTO ( "ID", "NOTA", "TIPO_VOTO", "RESTAURANTE_ID" ) VALUES(778,1,'SABOR',1);
INSERT INTO RANKING_VOTOS ( "RANKING", "VOTOS" ) VALUES(32,778);
INSERT INTO VOTO ( "ID", "NOTA", "TIPO_VOTO", "RESTAURANTE_ID" ) VALUES(779,4,'PRECO',1);
INSERT INTO RANKING_VOTOS ( "RANKING", "VOTOS" ) VALUES(32,779);
INSERT INTO VOTO ( "ID", "NOTA", "TIPO_VOTO", "RESTAURANTE_ID" ) VALUES(780,4,'LOCALIZACAO',1);
INSERT INTO RANKING_VOTOS ( "RANKING", "VOTOS" ) VALUES(32,780);
INSERT INTO VOTO ( "ID", "NOTA", "TIPO_VOTO", "RESTAURANTE_ID" ) VALUES(781,1,'ATENDIMENTO',2);
INSERT INTO RANKING_VOTOS ( "RANKING", "VOTOS" ) VALUES(32,781);
INSERT INTO VOTO ( "ID", "NOTA", "TIPO_VOTO", "RESTAURANTE_ID" ) VALUES(782,2,'DEMORA',2);
INSERT INTO RANKING_VOTOS ( "RANKING", "VOTOS" ) VALUES(32,782);
INSERT INTO VOTO ( "ID", "NOTA", "TIPO_VOTO", "RESTAURANTE_ID" ) VALUES(783,3,'SABOR',2);
INSERT INTO RANKING_VOTOS ( "RANKING", "VOTOS" ) VALUES(32,783);
INSERT INTO VOTO ( "ID", "NOTA", "TIPO_VOTO", "RESTAURANTE_ID" ) VALUES(784,4,'PRECO',2);
INSERT INTO RANKING_VOTOS ( "RANKING", "VOTOS" ) VALUES(32,784);
INSERT INTO VOTO ( "ID", "NOTA", "TIPO_VOTO", "RESTAURANTE_ID" ) VALUES(785,1,'LOCALIZACAO',2);
INSERT INTO RANKING_VOTOS ( "RANKING", "VOTOS" ) VALUES(32,785);
INSERT INTO VOTO ( "ID", "NOTA", "TIPO_VOTO", "RESTAURANTE_ID" ) VALUES(786,4,'ATENDIMENTO',3);
INSERT INTO RANKING_VOTOS ( "RANKING", "VOTOS" ) VALUES(32,786);
INSERT INTO VOTO ( "ID", "NOTA", "TIPO_VOTO", "RESTAURANTE_ID" ) VALUES(787,5,'DEMORA',3);
INSERT INTO RANKING_VOTOS ( "RANKING", "VOTOS" ) VALUES(32,787);
INSERT INTO VOTO ( "ID", "NOTA", "TIPO_VOTO", "RESTAURANTE_ID" ) VALUES(788,4,'SABOR',3);
INSERT INTO RANKING_VOTOS ( "RANKING", "VOTOS" ) VALUES(32,788);
INSERT INTO VOTO ( "ID", "NOTA", "TIPO_VOTO", "RESTAURANTE_ID" ) VALUES(789,4,'PRECO',3);
INSERT INTO RANKING_VOTOS ( "RANKING", "VOTOS" ) VALUES(32,789);
INSERT INTO VOTO ( "ID", "NOTA", "TIPO_VOTO", "RESTAURANTE_ID" ) VALUES(790,5,'LOCALIZACAO',3);
INSERT INTO RANKING_VOTOS ( "RANKING", "VOTOS" ) VALUES(32,790);
INSERT INTO VOTO ( "ID", "NOTA", "TIPO_VOTO", "RESTAURANTE_ID" ) VALUES(791,4,'ATENDIMENTO',4);
INSERT INTO RANKING_VOTOS ( "RANKING", "VOTOS" ) VALUES(32,791);
INSERT INTO VOTO ( "ID", "NOTA", "TIPO_VOTO", "RESTAURANTE_ID" ) VALUES(792,4,'DEMORA',4);
INSERT INTO RANKING_VOTOS ( "RANKING", "VOTOS" ) VALUES(32,792);
INSERT INTO VOTO ( "ID", "NOTA", "TIPO_VOTO", "RESTAURANTE_ID" ) VALUES(793,1,'SABOR',4);
INSERT INTO RANKING_VOTOS ( "RANKING", "VOTOS" ) VALUES(32,793);
INSERT INTO VOTO ( "ID", "NOTA", "TIPO_VOTO", "RESTAURANTE_ID" ) VALUES(794,2,'PRECO',4);
INSERT INTO RANKING_VOTOS ( "RANKING", "VOTOS" ) VALUES(32,794);
INSERT INTO VOTO ( "ID", "NOTA", "TIPO_VOTO", "RESTAURANTE_ID" ) VALUES(795,2,'LOCALIZACAO',4);
INSERT INTO RANKING_VOTOS ( "RANKING", "VOTOS" ) VALUES(32,795);
INSERT INTO VOTO ( "ID", "NOTA", "TIPO_VOTO", "RESTAURANTE_ID" ) VALUES(796,3,'ATENDIMENTO',5);
INSERT INTO RANKING_VOTOS ( "RANKING", "VOTOS" ) VALUES(32,796);
INSERT INTO VOTO ( "ID", "NOTA", "TIPO_VOTO", "RESTAURANTE_ID" ) VALUES(797,1,'DEMORA',5);
INSERT INTO RANKING_VOTOS ( "RANKING", "VOTOS" ) VALUES(32,797);
INSERT INTO VOTO ( "ID", "NOTA", "TIPO_VOTO", "RESTAURANTE_ID" ) VALUES(798,2,'SABOR',5);
INSERT INTO RANKING_VOTOS ( "RANKING", "VOTOS" ) VALUES(32,798);
INSERT INTO VOTO ( "ID", "NOTA", "TIPO_VOTO", "RESTAURANTE_ID" ) VALUES(799,1,'PRECO',5);
INSERT INTO RANKING_VOTOS ( "RANKING", "VOTOS" ) VALUES(32,799);
INSERT INTO VOTO ( "ID", "NOTA", "TIPO_VOTO", "RESTAURANTE_ID" ) VALUES(800,3,'LOCALIZACAO',5);
INSERT INTO RANKING_VOTOS ( "RANKING", "VOTOS" ) VALUES(32,800);
INSERT INTO PESSOA ( "ID", "NOME" ) VALUES(33, 'Desmond Pfeffer');
INSERT INTO USUARIO ( "ID", "PESSOA_ID" ) VALUES('pipsissewa@email.com',33);
INSERT INTO RANKING ( "ID", "USUARIO_ID" ) VALUES (33,'pipsissewa@email.com');
INSERT INTO VOTO ( "ID", "NOTA", "TIPO_VOTO", "RESTAURANTE_ID" ) VALUES(801,4,'ATENDIMENTO',1);
INSERT INTO RANKING_VOTOS ( "RANKING", "VOTOS" ) VALUES(33,801);
INSERT INTO VOTO ( "ID", "NOTA", "TIPO_VOTO", "RESTAURANTE_ID" ) VALUES(802,2,'DEMORA',1);
INSERT INTO RANKING_VOTOS ( "RANKING", "VOTOS" ) VALUES(33,802);
INSERT INTO VOTO ( "ID", "NOTA", "TIPO_VOTO", "RESTAURANTE_ID" ) VALUES(803,3,'SABOR',1);
INSERT INTO RANKING_VOTOS ( "RANKING", "VOTOS" ) VALUES(33,803);
INSERT INTO VOTO ( "ID", "NOTA", "TIPO_VOTO", "RESTAURANTE_ID" ) VALUES(804,2,'PRECO',1);
INSERT INTO RANKING_VOTOS ( "RANKING", "VOTOS" ) VALUES(33,804);
INSERT INTO VOTO ( "ID", "NOTA", "TIPO_VOTO", "RESTAURANTE_ID" ) VALUES(805,1,'LOCALIZACAO',1);
INSERT INTO RANKING_VOTOS ( "RANKING", "VOTOS" ) VALUES(33,805);
INSERT INTO VOTO ( "ID", "NOTA", "TIPO_VOTO", "RESTAURANTE_ID" ) VALUES(806,2,'ATENDIMENTO',2);
INSERT INTO RANKING_VOTOS ( "RANKING", "VOTOS" ) VALUES(33,806);
INSERT INTO VOTO ( "ID", "NOTA", "TIPO_VOTO", "RESTAURANTE_ID" ) VALUES(807,2,'DEMORA',2);
INSERT INTO RANKING_VOTOS ( "RANKING", "VOTOS" ) VALUES(33,807);
INSERT INTO VOTO ( "ID", "NOTA", "TIPO_VOTO", "RESTAURANTE_ID" ) VALUES(808,4,'SABOR',2);
INSERT INTO RANKING_VOTOS ( "RANKING", "VOTOS" ) VALUES(33,808);
INSERT INTO VOTO ( "ID", "NOTA", "TIPO_VOTO", "RESTAURANTE_ID" ) VALUES(809,3,'PRECO',2);
INSERT INTO RANKING_VOTOS ( "RANKING", "VOTOS" ) VALUES(33,809);
INSERT INTO VOTO ( "ID", "NOTA", "TIPO_VOTO", "RESTAURANTE_ID" ) VALUES(810,5,'LOCALIZACAO',2);
INSERT INTO RANKING_VOTOS ( "RANKING", "VOTOS" ) VALUES(33,810);
INSERT INTO VOTO ( "ID", "NOTA", "TIPO_VOTO", "RESTAURANTE_ID" ) VALUES(811,2,'ATENDIMENTO',3);
INSERT INTO RANKING_VOTOS ( "RANKING", "VOTOS" ) VALUES(33,811);
INSERT INTO VOTO ( "ID", "NOTA", "TIPO_VOTO", "RESTAURANTE_ID" ) VALUES(812,4,'DEMORA',3);
INSERT INTO RANKING_VOTOS ( "RANKING", "VOTOS" ) VALUES(33,812);
INSERT INTO VOTO ( "ID", "NOTA", "TIPO_VOTO", "RESTAURANTE_ID" ) VALUES(813,2,'SABOR',3);
INSERT INTO RANKING_VOTOS ( "RANKING", "VOTOS" ) VALUES(33,813);
INSERT INTO VOTO ( "ID", "NOTA", "TIPO_VOTO", "RESTAURANTE_ID" ) VALUES(814,4,'PRECO',3);
INSERT INTO RANKING_VOTOS ( "RANKING", "VOTOS" ) VALUES(33,814);
INSERT INTO VOTO ( "ID", "NOTA", "TIPO_VOTO", "RESTAURANTE_ID" ) VALUES(815,5,'LOCALIZACAO',3);
INSERT INTO RANKING_VOTOS ( "RANKING", "VOTOS" ) VALUES(33,815);
INSERT INTO VOTO ( "ID", "NOTA", "TIPO_VOTO", "RESTAURANTE_ID" ) VALUES(816,4,'ATENDIMENTO',4);
INSERT INTO RANKING_VOTOS ( "RANKING", "VOTOS" ) VALUES(33,816);
INSERT INTO VOTO ( "ID", "NOTA", "TIPO_VOTO", "RESTAURANTE_ID" ) VALUES(817,5,'DEMORA',4);
INSERT INTO RANKING_VOTOS ( "RANKING", "VOTOS" ) VALUES(33,817);
INSERT INTO VOTO ( "ID", "NOTA", "TIPO_VOTO", "RESTAURANTE_ID" ) VALUES(818,3,'SABOR',4);
INSERT INTO RANKING_VOTOS ( "RANKING", "VOTOS" ) VALUES(33,818);
INSERT INTO VOTO ( "ID", "NOTA", "TIPO_VOTO", "RESTAURANTE_ID" ) VALUES(819,1,'PRECO',4);
INSERT INTO RANKING_VOTOS ( "RANKING", "VOTOS" ) VALUES(33,819);
INSERT INTO VOTO ( "ID", "NOTA", "TIPO_VOTO", "RESTAURANTE_ID" ) VALUES(820,1,'LOCALIZACAO',4);
INSERT INTO RANKING_VOTOS ( "RANKING", "VOTOS" ) VALUES(33,820);
INSERT INTO VOTO ( "ID", "NOTA", "TIPO_VOTO", "RESTAURANTE_ID" ) VALUES(821,1,'ATENDIMENTO',5);
INSERT INTO RANKING_VOTOS ( "RANKING", "VOTOS" ) VALUES(33,821);
INSERT INTO VOTO ( "ID", "NOTA", "TIPO_VOTO", "RESTAURANTE_ID" ) VALUES(822,4,'DEMORA',5);
INSERT INTO RANKING_VOTOS ( "RANKING", "VOTOS" ) VALUES(33,822);
INSERT INTO VOTO ( "ID", "NOTA", "TIPO_VOTO", "RESTAURANTE_ID" ) VALUES(823,2,'SABOR',5);
INSERT INTO RANKING_VOTOS ( "RANKING", "VOTOS" ) VALUES(33,823);
INSERT INTO VOTO ( "ID", "NOTA", "TIPO_VOTO", "RESTAURANTE_ID" ) VALUES(824,2,'PRECO',5);
INSERT INTO RANKING_VOTOS ( "RANKING", "VOTOS" ) VALUES(33,824);
INSERT INTO VOTO ( "ID", "NOTA", "TIPO_VOTO", "RESTAURANTE_ID" ) VALUES(825,5,'LOCALIZACAO',5);
INSERT INTO RANKING_VOTOS ( "RANKING", "VOTOS" ) VALUES(33,825);
INSERT INTO PESSOA ( "ID", "NOME" ) VALUES(34, 'Gustavo Volkman');
INSERT INTO USUARIO ( "ID", "PESSOA_ID" ) VALUES('shellproof@email.com',34);
INSERT INTO RANKING ( "ID", "USUARIO_ID" ) VALUES (34,'shellproof@email.com');
INSERT INTO VOTO ( "ID", "NOTA", "TIPO_VOTO", "RESTAURANTE_ID" ) VALUES(826,5,'ATENDIMENTO',1);
INSERT INTO RANKING_VOTOS ( "RANKING", "VOTOS" ) VALUES(34,826);
INSERT INTO VOTO ( "ID", "NOTA", "TIPO_VOTO", "RESTAURANTE_ID" ) VALUES(827,1,'DEMORA',1);
INSERT INTO RANKING_VOTOS ( "RANKING", "VOTOS" ) VALUES(34,827);
INSERT INTO VOTO ( "ID", "NOTA", "TIPO_VOTO", "RESTAURANTE_ID" ) VALUES(828,3,'SABOR',1);
INSERT INTO RANKING_VOTOS ( "RANKING", "VOTOS" ) VALUES(34,828);
INSERT INTO VOTO ( "ID", "NOTA", "TIPO_VOTO", "RESTAURANTE_ID" ) VALUES(829,4,'PRECO',1);
INSERT INTO RANKING_VOTOS ( "RANKING", "VOTOS" ) VALUES(34,829);
INSERT INTO VOTO ( "ID", "NOTA", "TIPO_VOTO", "RESTAURANTE_ID" ) VALUES(830,2,'LOCALIZACAO',1);
INSERT INTO RANKING_VOTOS ( "RANKING", "VOTOS" ) VALUES(34,830);
INSERT INTO VOTO ( "ID", "NOTA", "TIPO_VOTO", "RESTAURANTE_ID" ) VALUES(831,3,'ATENDIMENTO',2);
INSERT INTO RANKING_VOTOS ( "RANKING", "VOTOS" ) VALUES(34,831);
INSERT INTO VOTO ( "ID", "NOTA", "TIPO_VOTO", "RESTAURANTE_ID" ) VALUES(832,5,'DEMORA',2);
INSERT INTO RANKING_VOTOS ( "RANKING", "VOTOS" ) VALUES(34,832);
INSERT INTO VOTO ( "ID", "NOTA", "TIPO_VOTO", "RESTAURANTE_ID" ) VALUES(833,5,'SABOR',2);
INSERT INTO RANKING_VOTOS ( "RANKING", "VOTOS" ) VALUES(34,833);
INSERT INTO VOTO ( "ID", "NOTA", "TIPO_VOTO", "RESTAURANTE_ID" ) VALUES(834,1,'PRECO',2);
INSERT INTO RANKING_VOTOS ( "RANKING", "VOTOS" ) VALUES(34,834);
INSERT INTO VOTO ( "ID", "NOTA", "TIPO_VOTO", "RESTAURANTE_ID" ) VALUES(835,2,'LOCALIZACAO',2);
INSERT INTO RANKING_VOTOS ( "RANKING", "VOTOS" ) VALUES(34,835);
INSERT INTO VOTO ( "ID", "NOTA", "TIPO_VOTO", "RESTAURANTE_ID" ) VALUES(836,3,'ATENDIMENTO',3);
INSERT INTO RANKING_VOTOS ( "RANKING", "VOTOS" ) VALUES(34,836);
INSERT INTO VOTO ( "ID", "NOTA", "TIPO_VOTO", "RESTAURANTE_ID" ) VALUES(837,3,'DEMORA',3);
INSERT INTO RANKING_VOTOS ( "RANKING", "VOTOS" ) VALUES(34,837);
INSERT INTO VOTO ( "ID", "NOTA", "TIPO_VOTO", "RESTAURANTE_ID" ) VALUES(838,5,'SABOR',3);
INSERT INTO RANKING_VOTOS ( "RANKING", "VOTOS" ) VALUES(34,838);
INSERT INTO VOTO ( "ID", "NOTA", "TIPO_VOTO", "RESTAURANTE_ID" ) VALUES(839,3,'PRECO',3);
INSERT INTO RANKING_VOTOS ( "RANKING", "VOTOS" ) VALUES(34,839);
INSERT INTO VOTO ( "ID", "NOTA", "TIPO_VOTO", "RESTAURANTE_ID" ) VALUES(840,2,'LOCALIZACAO',3);
INSERT INTO RANKING_VOTOS ( "RANKING", "VOTOS" ) VALUES(34,840);
INSERT INTO VOTO ( "ID", "NOTA", "TIPO_VOTO", "RESTAURANTE_ID" ) VALUES(841,5,'ATENDIMENTO',4);
INSERT INTO RANKING_VOTOS ( "RANKING", "VOTOS" ) VALUES(34,841);
INSERT INTO VOTO ( "ID", "NOTA", "TIPO_VOTO", "RESTAURANTE_ID" ) VALUES(842,5,'DEMORA',4);
INSERT INTO RANKING_VOTOS ( "RANKING", "VOTOS" ) VALUES(34,842);
INSERT INTO VOTO ( "ID", "NOTA", "TIPO_VOTO", "RESTAURANTE_ID" ) VALUES(843,5,'SABOR',4);
INSERT INTO RANKING_VOTOS ( "RANKING", "VOTOS" ) VALUES(34,843);
INSERT INTO VOTO ( "ID", "NOTA", "TIPO_VOTO", "RESTAURANTE_ID" ) VALUES(844,4,'PRECO',4);
INSERT INTO RANKING_VOTOS ( "RANKING", "VOTOS" ) VALUES(34,844);
INSERT INTO VOTO ( "ID", "NOTA", "TIPO_VOTO", "RESTAURANTE_ID" ) VALUES(845,2,'LOCALIZACAO',4);
INSERT INTO RANKING_VOTOS ( "RANKING", "VOTOS" ) VALUES(34,845);
INSERT INTO VOTO ( "ID", "NOTA", "TIPO_VOTO", "RESTAURANTE_ID" ) VALUES(846,1,'ATENDIMENTO',5);
INSERT INTO RANKING_VOTOS ( "RANKING", "VOTOS" ) VALUES(34,846);
INSERT INTO VOTO ( "ID", "NOTA", "TIPO_VOTO", "RESTAURANTE_ID" ) VALUES(847,2,'DEMORA',5);
INSERT INTO RANKING_VOTOS ( "RANKING", "VOTOS" ) VALUES(34,847);
INSERT INTO VOTO ( "ID", "NOTA", "TIPO_VOTO", "RESTAURANTE_ID" ) VALUES(848,1,'SABOR',5);
INSERT INTO RANKING_VOTOS ( "RANKING", "VOTOS" ) VALUES(34,848);
INSERT INTO VOTO ( "ID", "NOTA", "TIPO_VOTO", "RESTAURANTE_ID" ) VALUES(849,4,'PRECO',5);
INSERT INTO RANKING_VOTOS ( "RANKING", "VOTOS" ) VALUES(34,849);
INSERT INTO VOTO ( "ID", "NOTA", "TIPO_VOTO", "RESTAURANTE_ID" ) VALUES(850,3,'LOCALIZACAO',5);
INSERT INTO RANKING_VOTOS ( "RANKING", "VOTOS" ) VALUES(34,850);
INSERT INTO PESSOA ( "ID", "NOME" ) VALUES(35, 'Anthony Koelpin');
INSERT INTO USUARIO ( "ID", "PESSOA_ID" ) VALUES('hepatocyte@email.com',35);
INSERT INTO RANKING ( "ID", "USUARIO_ID" ) VALUES (35,'hepatocyte@email.com');
INSERT INTO VOTO ( "ID", "NOTA", "TIPO_VOTO", "RESTAURANTE_ID" ) VALUES(851,4,'ATENDIMENTO',1);
INSERT INTO RANKING_VOTOS ( "RANKING", "VOTOS" ) VALUES(35,851);
INSERT INTO VOTO ( "ID", "NOTA", "TIPO_VOTO", "RESTAURANTE_ID" ) VALUES(852,5,'DEMORA',1);
INSERT INTO RANKING_VOTOS ( "RANKING", "VOTOS" ) VALUES(35,852);
INSERT INTO VOTO ( "ID", "NOTA", "TIPO_VOTO", "RESTAURANTE_ID" ) VALUES(853,3,'SABOR',1);
INSERT INTO RANKING_VOTOS ( "RANKING", "VOTOS" ) VALUES(35,853);
INSERT INTO VOTO ( "ID", "NOTA", "TIPO_VOTO", "RESTAURANTE_ID" ) VALUES(854,1,'PRECO',1);
INSERT INTO RANKING_VOTOS ( "RANKING", "VOTOS" ) VALUES(35,854);
INSERT INTO VOTO ( "ID", "NOTA", "TIPO_VOTO", "RESTAURANTE_ID" ) VALUES(855,3,'LOCALIZACAO',1);
INSERT INTO RANKING_VOTOS ( "RANKING", "VOTOS" ) VALUES(35,855);
INSERT INTO VOTO ( "ID", "NOTA", "TIPO_VOTO", "RESTAURANTE_ID" ) VALUES(856,4,'ATENDIMENTO',2);
INSERT INTO RANKING_VOTOS ( "RANKING", "VOTOS" ) VALUES(35,856);
INSERT INTO VOTO ( "ID", "NOTA", "TIPO_VOTO", "RESTAURANTE_ID" ) VALUES(857,4,'DEMORA',2);
INSERT INTO RANKING_VOTOS ( "RANKING", "VOTOS" ) VALUES(35,857);
INSERT INTO VOTO ( "ID", "NOTA", "TIPO_VOTO", "RESTAURANTE_ID" ) VALUES(858,1,'SABOR',2);
INSERT INTO RANKING_VOTOS ( "RANKING", "VOTOS" ) VALUES(35,858);
INSERT INTO VOTO ( "ID", "NOTA", "TIPO_VOTO", "RESTAURANTE_ID" ) VALUES(859,4,'PRECO',2);
INSERT INTO RANKING_VOTOS ( "RANKING", "VOTOS" ) VALUES(35,859);
INSERT INTO VOTO ( "ID", "NOTA", "TIPO_VOTO", "RESTAURANTE_ID" ) VALUES(860,5,'LOCALIZACAO',2);
INSERT INTO RANKING_VOTOS ( "RANKING", "VOTOS" ) VALUES(35,860);
INSERT INTO VOTO ( "ID", "NOTA", "TIPO_VOTO", "RESTAURANTE_ID" ) VALUES(861,2,'ATENDIMENTO',3);
INSERT INTO RANKING_VOTOS ( "RANKING", "VOTOS" ) VALUES(35,861);
INSERT INTO VOTO ( "ID", "NOTA", "TIPO_VOTO", "RESTAURANTE_ID" ) VALUES(862,3,'DEMORA',3);
INSERT INTO RANKING_VOTOS ( "RANKING", "VOTOS" ) VALUES(35,862);
INSERT INTO VOTO ( "ID", "NOTA", "TIPO_VOTO", "RESTAURANTE_ID" ) VALUES(863,1,'SABOR',3);
INSERT INTO RANKING_VOTOS ( "RANKING", "VOTOS" ) VALUES(35,863);
INSERT INTO VOTO ( "ID", "NOTA", "TIPO_VOTO", "RESTAURANTE_ID" ) VALUES(864,3,'PRECO',3);
INSERT INTO RANKING_VOTOS ( "RANKING", "VOTOS" ) VALUES(35,864);
INSERT INTO VOTO ( "ID", "NOTA", "TIPO_VOTO", "RESTAURANTE_ID" ) VALUES(865,5,'LOCALIZACAO',3);
INSERT INTO RANKING_VOTOS ( "RANKING", "VOTOS" ) VALUES(35,865);
INSERT INTO VOTO ( "ID", "NOTA", "TIPO_VOTO", "RESTAURANTE_ID" ) VALUES(866,2,'ATENDIMENTO',4);
INSERT INTO RANKING_VOTOS ( "RANKING", "VOTOS" ) VALUES(35,866);
INSERT INTO VOTO ( "ID", "NOTA", "TIPO_VOTO", "RESTAURANTE_ID" ) VALUES(867,2,'DEMORA',4);
INSERT INTO RANKING_VOTOS ( "RANKING", "VOTOS" ) VALUES(35,867);
INSERT INTO VOTO ( "ID", "NOTA", "TIPO_VOTO", "RESTAURANTE_ID" ) VALUES(868,2,'SABOR',4);
INSERT INTO RANKING_VOTOS ( "RANKING", "VOTOS" ) VALUES(35,868);
INSERT INTO VOTO ( "ID", "NOTA", "TIPO_VOTO", "RESTAURANTE_ID" ) VALUES(869,2,'PRECO',4);
INSERT INTO RANKING_VOTOS ( "RANKING", "VOTOS" ) VALUES(35,869);
INSERT INTO VOTO ( "ID", "NOTA", "TIPO_VOTO", "RESTAURANTE_ID" ) VALUES(870,1,'LOCALIZACAO',4);
INSERT INTO RANKING_VOTOS ( "RANKING", "VOTOS" ) VALUES(35,870);
INSERT INTO VOTO ( "ID", "NOTA", "TIPO_VOTO", "RESTAURANTE_ID" ) VALUES(871,3,'ATENDIMENTO',5);
INSERT INTO RANKING_VOTOS ( "RANKING", "VOTOS" ) VALUES(35,871);
INSERT INTO VOTO ( "ID", "NOTA", "TIPO_VOTO", "RESTAURANTE_ID" ) VALUES(872,3,'DEMORA',5);
INSERT INTO RANKING_VOTOS ( "RANKING", "VOTOS" ) VALUES(35,872);
INSERT INTO VOTO ( "ID", "NOTA", "TIPO_VOTO", "RESTAURANTE_ID" ) VALUES(873,4,'SABOR',5);
INSERT INTO RANKING_VOTOS ( "RANKING", "VOTOS" ) VALUES(35,873);
INSERT INTO VOTO ( "ID", "NOTA", "TIPO_VOTO", "RESTAURANTE_ID" ) VALUES(874,1,'PRECO',5);
INSERT INTO RANKING_VOTOS ( "RANKING", "VOTOS" ) VALUES(35,874);
INSERT INTO VOTO ( "ID", "NOTA", "TIPO_VOTO", "RESTAURANTE_ID" ) VALUES(875,1,'LOCALIZACAO',5);
INSERT INTO RANKING_VOTOS ( "RANKING", "VOTOS" ) VALUES(35,875);
INSERT INTO PESSOA ( "ID", "NOME" ) VALUES(36, 'Denisha Shields');
INSERT INTO USUARIO ( "ID", "PESSOA_ID" ) VALUES('demureness@email.com',36);
INSERT INTO RANKING ( "ID", "USUARIO_ID" ) VALUES (36,'demureness@email.com');
INSERT INTO VOTO ( "ID", "NOTA", "TIPO_VOTO", "RESTAURANTE_ID" ) VALUES(876,5,'ATENDIMENTO',1);
INSERT INTO RANKING_VOTOS ( "RANKING", "VOTOS" ) VALUES(36,876);
INSERT INTO VOTO ( "ID", "NOTA", "TIPO_VOTO", "RESTAURANTE_ID" ) VALUES(877,5,'DEMORA',1);
INSERT INTO RANKING_VOTOS ( "RANKING", "VOTOS" ) VALUES(36,877);
INSERT INTO VOTO ( "ID", "NOTA", "TIPO_VOTO", "RESTAURANTE_ID" ) VALUES(878,2,'SABOR',1);
INSERT INTO RANKING_VOTOS ( "RANKING", "VOTOS" ) VALUES(36,878);
INSERT INTO VOTO ( "ID", "NOTA", "TIPO_VOTO", "RESTAURANTE_ID" ) VALUES(879,2,'PRECO',1);
INSERT INTO RANKING_VOTOS ( "RANKING", "VOTOS" ) VALUES(36,879);
INSERT INTO VOTO ( "ID", "NOTA", "TIPO_VOTO", "RESTAURANTE_ID" ) VALUES(880,2,'LOCALIZACAO',1);
INSERT INTO RANKING_VOTOS ( "RANKING", "VOTOS" ) VALUES(36,880);
INSERT INTO VOTO ( "ID", "NOTA", "TIPO_VOTO", "RESTAURANTE_ID" ) VALUES(881,3,'ATENDIMENTO',2);
INSERT INTO RANKING_VOTOS ( "RANKING", "VOTOS" ) VALUES(36,881);
INSERT INTO VOTO ( "ID", "NOTA", "TIPO_VOTO", "RESTAURANTE_ID" ) VALUES(882,2,'DEMORA',2);
INSERT INTO RANKING_VOTOS ( "RANKING", "VOTOS" ) VALUES(36,882);
INSERT INTO VOTO ( "ID", "NOTA", "TIPO_VOTO", "RESTAURANTE_ID" ) VALUES(883,1,'SABOR',2);
INSERT INTO RANKING_VOTOS ( "RANKING", "VOTOS" ) VALUES(36,883);
INSERT INTO VOTO ( "ID", "NOTA", "TIPO_VOTO", "RESTAURANTE_ID" ) VALUES(884,5,'PRECO',2);
INSERT INTO RANKING_VOTOS ( "RANKING", "VOTOS" ) VALUES(36,884);
INSERT INTO VOTO ( "ID", "NOTA", "TIPO_VOTO", "RESTAURANTE_ID" ) VALUES(885,2,'LOCALIZACAO',2);
INSERT INTO RANKING_VOTOS ( "RANKING", "VOTOS" ) VALUES(36,885);
INSERT INTO VOTO ( "ID", "NOTA", "TIPO_VOTO", "RESTAURANTE_ID" ) VALUES(886,4,'ATENDIMENTO',3);
INSERT INTO RANKING_VOTOS ( "RANKING", "VOTOS" ) VALUES(36,886);
INSERT INTO VOTO ( "ID", "NOTA", "TIPO_VOTO", "RESTAURANTE_ID" ) VALUES(887,3,'DEMORA',3);
INSERT INTO RANKING_VOTOS ( "RANKING", "VOTOS" ) VALUES(36,887);
INSERT INTO VOTO ( "ID", "NOTA", "TIPO_VOTO", "RESTAURANTE_ID" ) VALUES(888,2,'SABOR',3);
INSERT INTO RANKING_VOTOS ( "RANKING", "VOTOS" ) VALUES(36,888);
INSERT INTO VOTO ( "ID", "NOTA", "TIPO_VOTO", "RESTAURANTE_ID" ) VALUES(889,5,'PRECO',3);
INSERT INTO RANKING_VOTOS ( "RANKING", "VOTOS" ) VALUES(36,889);
INSERT INTO VOTO ( "ID", "NOTA", "TIPO_VOTO", "RESTAURANTE_ID" ) VALUES(890,2,'LOCALIZACAO',3);
INSERT INTO RANKING_VOTOS ( "RANKING", "VOTOS" ) VALUES(36,890);
INSERT INTO VOTO ( "ID", "NOTA", "TIPO_VOTO", "RESTAURANTE_ID" ) VALUES(891,2,'ATENDIMENTO',4);
INSERT INTO RANKING_VOTOS ( "RANKING", "VOTOS" ) VALUES(36,891);
INSERT INTO VOTO ( "ID", "NOTA", "TIPO_VOTO", "RESTAURANTE_ID" ) VALUES(892,5,'DEMORA',4);
INSERT INTO RANKING_VOTOS ( "RANKING", "VOTOS" ) VALUES(36,892);
INSERT INTO VOTO ( "ID", "NOTA", "TIPO_VOTO", "RESTAURANTE_ID" ) VALUES(893,2,'SABOR',4);
INSERT INTO RANKING_VOTOS ( "RANKING", "VOTOS" ) VALUES(36,893);
INSERT INTO VOTO ( "ID", "NOTA", "TIPO_VOTO", "RESTAURANTE_ID" ) VALUES(894,5,'PRECO',4);
INSERT INTO RANKING_VOTOS ( "RANKING", "VOTOS" ) VALUES(36,894);
INSERT INTO VOTO ( "ID", "NOTA", "TIPO_VOTO", "RESTAURANTE_ID" ) VALUES(895,4,'LOCALIZACAO',4);
INSERT INTO RANKING_VOTOS ( "RANKING", "VOTOS" ) VALUES(36,895);
INSERT INTO VOTO ( "ID", "NOTA", "TIPO_VOTO", "RESTAURANTE_ID" ) VALUES(896,3,'ATENDIMENTO',5);
INSERT INTO RANKING_VOTOS ( "RANKING", "VOTOS" ) VALUES(36,896);
INSERT INTO VOTO ( "ID", "NOTA", "TIPO_VOTO", "RESTAURANTE_ID" ) VALUES(897,2,'DEMORA',5);
INSERT INTO RANKING_VOTOS ( "RANKING", "VOTOS" ) VALUES(36,897);
INSERT INTO VOTO ( "ID", "NOTA", "TIPO_VOTO", "RESTAURANTE_ID" ) VALUES(898,1,'SABOR',5);
INSERT INTO RANKING_VOTOS ( "RANKING", "VOTOS" ) VALUES(36,898);
INSERT INTO VOTO ( "ID", "NOTA", "TIPO_VOTO", "RESTAURANTE_ID" ) VALUES(899,5,'PRECO',5);
INSERT INTO RANKING_VOTOS ( "RANKING", "VOTOS" ) VALUES(36,899);
INSERT INTO VOTO ( "ID", "NOTA", "TIPO_VOTO", "RESTAURANTE_ID" ) VALUES(900,4,'LOCALIZACAO',5);
INSERT INTO RANKING_VOTOS ( "RANKING", "VOTOS" ) VALUES(36,900);
INSERT INTO PESSOA ( "ID", "NOME" ) VALUES(37, 'Cedrick Gutmann');
INSERT INTO USUARIO ( "ID", "PESSOA_ID" ) VALUES('solenoidal@email.com',37);
INSERT INTO RANKING ( "ID", "USUARIO_ID" ) VALUES (37,'solenoidal@email.com');
INSERT INTO VOTO ( "ID", "NOTA", "TIPO_VOTO", "RESTAURANTE_ID" ) VALUES(901,4,'ATENDIMENTO',1);
INSERT INTO RANKING_VOTOS ( "RANKING", "VOTOS" ) VALUES(37,901);
INSERT INTO VOTO ( "ID", "NOTA", "TIPO_VOTO", "RESTAURANTE_ID" ) VALUES(902,3,'DEMORA',1);
INSERT INTO RANKING_VOTOS ( "RANKING", "VOTOS" ) VALUES(37,902);
INSERT INTO VOTO ( "ID", "NOTA", "TIPO_VOTO", "RESTAURANTE_ID" ) VALUES(903,1,'SABOR',1);
INSERT INTO RANKING_VOTOS ( "RANKING", "VOTOS" ) VALUES(37,903);
INSERT INTO VOTO ( "ID", "NOTA", "TIPO_VOTO", "RESTAURANTE_ID" ) VALUES(904,5,'PRECO',1);
INSERT INTO RANKING_VOTOS ( "RANKING", "VOTOS" ) VALUES(37,904);
INSERT INTO VOTO ( "ID", "NOTA", "TIPO_VOTO", "RESTAURANTE_ID" ) VALUES(905,5,'LOCALIZACAO',1);
INSERT INTO RANKING_VOTOS ( "RANKING", "VOTOS" ) VALUES(37,905);
INSERT INTO VOTO ( "ID", "NOTA", "TIPO_VOTO", "RESTAURANTE_ID" ) VALUES(906,1,'ATENDIMENTO',2);
INSERT INTO RANKING_VOTOS ( "RANKING", "VOTOS" ) VALUES(37,906);
INSERT INTO VOTO ( "ID", "NOTA", "TIPO_VOTO", "RESTAURANTE_ID" ) VALUES(907,1,'DEMORA',2);
INSERT INTO RANKING_VOTOS ( "RANKING", "VOTOS" ) VALUES(37,907);
INSERT INTO VOTO ( "ID", "NOTA", "TIPO_VOTO", "RESTAURANTE_ID" ) VALUES(908,2,'SABOR',2);
INSERT INTO RANKING_VOTOS ( "RANKING", "VOTOS" ) VALUES(37,908);
INSERT INTO VOTO ( "ID", "NOTA", "TIPO_VOTO", "RESTAURANTE_ID" ) VALUES(909,2,'PRECO',2);
INSERT INTO RANKING_VOTOS ( "RANKING", "VOTOS" ) VALUES(37,909);
INSERT INTO VOTO ( "ID", "NOTA", "TIPO_VOTO", "RESTAURANTE_ID" ) VALUES(910,3,'LOCALIZACAO',2);
INSERT INTO RANKING_VOTOS ( "RANKING", "VOTOS" ) VALUES(37,910);
INSERT INTO VOTO ( "ID", "NOTA", "TIPO_VOTO", "RESTAURANTE_ID" ) VALUES(911,4,'ATENDIMENTO',3);
INSERT INTO RANKING_VOTOS ( "RANKING", "VOTOS" ) VALUES(37,911);
INSERT INTO VOTO ( "ID", "NOTA", "TIPO_VOTO", "RESTAURANTE_ID" ) VALUES(912,1,'DEMORA',3);
INSERT INTO RANKING_VOTOS ( "RANKING", "VOTOS" ) VALUES(37,912);
INSERT INTO VOTO ( "ID", "NOTA", "TIPO_VOTO", "RESTAURANTE_ID" ) VALUES(913,3,'SABOR',3);
INSERT INTO RANKING_VOTOS ( "RANKING", "VOTOS" ) VALUES(37,913);
INSERT INTO VOTO ( "ID", "NOTA", "TIPO_VOTO", "RESTAURANTE_ID" ) VALUES(914,5,'PRECO',3);
INSERT INTO RANKING_VOTOS ( "RANKING", "VOTOS" ) VALUES(37,914);
INSERT INTO VOTO ( "ID", "NOTA", "TIPO_VOTO", "RESTAURANTE_ID" ) VALUES(915,3,'LOCALIZACAO',3);
INSERT INTO RANKING_VOTOS ( "RANKING", "VOTOS" ) VALUES(37,915);
INSERT INTO VOTO ( "ID", "NOTA", "TIPO_VOTO", "RESTAURANTE_ID" ) VALUES(916,3,'ATENDIMENTO',4);
INSERT INTO RANKING_VOTOS ( "RANKING", "VOTOS" ) VALUES(37,916);
INSERT INTO VOTO ( "ID", "NOTA", "TIPO_VOTO", "RESTAURANTE_ID" ) VALUES(917,3,'DEMORA',4);
INSERT INTO RANKING_VOTOS ( "RANKING", "VOTOS" ) VALUES(37,917);
INSERT INTO VOTO ( "ID", "NOTA", "TIPO_VOTO", "RESTAURANTE_ID" ) VALUES(918,3,'SABOR',4);
INSERT INTO RANKING_VOTOS ( "RANKING", "VOTOS" ) VALUES(37,918);
INSERT INTO VOTO ( "ID", "NOTA", "TIPO_VOTO", "RESTAURANTE_ID" ) VALUES(919,5,'PRECO',4);
INSERT INTO RANKING_VOTOS ( "RANKING", "VOTOS" ) VALUES(37,919);
INSERT INTO VOTO ( "ID", "NOTA", "TIPO_VOTO", "RESTAURANTE_ID" ) VALUES(920,2,'LOCALIZACAO',4);
INSERT INTO RANKING_VOTOS ( "RANKING", "VOTOS" ) VALUES(37,920);
INSERT INTO VOTO ( "ID", "NOTA", "TIPO_VOTO", "RESTAURANTE_ID" ) VALUES(921,2,'ATENDIMENTO',5);
INSERT INTO RANKING_VOTOS ( "RANKING", "VOTOS" ) VALUES(37,921);
INSERT INTO VOTO ( "ID", "NOTA", "TIPO_VOTO", "RESTAURANTE_ID" ) VALUES(922,4,'DEMORA',5);
INSERT INTO RANKING_VOTOS ( "RANKING", "VOTOS" ) VALUES(37,922);
INSERT INTO VOTO ( "ID", "NOTA", "TIPO_VOTO", "RESTAURANTE_ID" ) VALUES(923,4,'SABOR',5);
INSERT INTO RANKING_VOTOS ( "RANKING", "VOTOS" ) VALUES(37,923);
INSERT INTO VOTO ( "ID", "NOTA", "TIPO_VOTO", "RESTAURANTE_ID" ) VALUES(924,1,'PRECO',5);
INSERT INTO RANKING_VOTOS ( "RANKING", "VOTOS" ) VALUES(37,924);
INSERT INTO VOTO ( "ID", "NOTA", "TIPO_VOTO", "RESTAURANTE_ID" ) VALUES(925,4,'LOCALIZACAO',5);
INSERT INTO RANKING_VOTOS ( "RANKING", "VOTOS" ) VALUES(37,925);
INSERT INTO PESSOA ( "ID", "NOME" ) VALUES(38, 'Gabriel Carroll');
INSERT INTO USUARIO ( "ID", "PESSOA_ID" ) VALUES('tropotaxis@email.com',38);
INSERT INTO RANKING ( "ID", "USUARIO_ID" ) VALUES (38,'tropotaxis@email.com');
INSERT INTO VOTO ( "ID", "NOTA", "TIPO_VOTO", "RESTAURANTE_ID" ) VALUES(926,3,'ATENDIMENTO',1);
INSERT INTO RANKING_VOTOS ( "RANKING", "VOTOS" ) VALUES(38,926);
INSERT INTO VOTO ( "ID", "NOTA", "TIPO_VOTO", "RESTAURANTE_ID" ) VALUES(927,4,'DEMORA',1);
INSERT INTO RANKING_VOTOS ( "RANKING", "VOTOS" ) VALUES(38,927);
INSERT INTO VOTO ( "ID", "NOTA", "TIPO_VOTO", "RESTAURANTE_ID" ) VALUES(928,2,'SABOR',1);
INSERT INTO RANKING_VOTOS ( "RANKING", "VOTOS" ) VALUES(38,928);
INSERT INTO VOTO ( "ID", "NOTA", "TIPO_VOTO", "RESTAURANTE_ID" ) VALUES(929,1,'PRECO',1);
INSERT INTO RANKING_VOTOS ( "RANKING", "VOTOS" ) VALUES(38,929);
INSERT INTO VOTO ( "ID", "NOTA", "TIPO_VOTO", "RESTAURANTE_ID" ) VALUES(930,5,'LOCALIZACAO',1);
INSERT INTO RANKING_VOTOS ( "RANKING", "VOTOS" ) VALUES(38,930);
INSERT INTO VOTO ( "ID", "NOTA", "TIPO_VOTO", "RESTAURANTE_ID" ) VALUES(931,4,'ATENDIMENTO',2);
INSERT INTO RANKING_VOTOS ( "RANKING", "VOTOS" ) VALUES(38,931);
INSERT INTO VOTO ( "ID", "NOTA", "TIPO_VOTO", "RESTAURANTE_ID" ) VALUES(932,3,'DEMORA',2);
INSERT INTO RANKING_VOTOS ( "RANKING", "VOTOS" ) VALUES(38,932);
INSERT INTO VOTO ( "ID", "NOTA", "TIPO_VOTO", "RESTAURANTE_ID" ) VALUES(933,3,'SABOR',2);
INSERT INTO RANKING_VOTOS ( "RANKING", "VOTOS" ) VALUES(38,933);
INSERT INTO VOTO ( "ID", "NOTA", "TIPO_VOTO", "RESTAURANTE_ID" ) VALUES(934,5,'PRECO',2);
INSERT INTO RANKING_VOTOS ( "RANKING", "VOTOS" ) VALUES(38,934);
INSERT INTO VOTO ( "ID", "NOTA", "TIPO_VOTO", "RESTAURANTE_ID" ) VALUES(935,1,'LOCALIZACAO',2);
INSERT INTO RANKING_VOTOS ( "RANKING", "VOTOS" ) VALUES(38,935);
INSERT INTO VOTO ( "ID", "NOTA", "TIPO_VOTO", "RESTAURANTE_ID" ) VALUES(936,5,'ATENDIMENTO',3);
INSERT INTO RANKING_VOTOS ( "RANKING", "VOTOS" ) VALUES(38,936);
INSERT INTO VOTO ( "ID", "NOTA", "TIPO_VOTO", "RESTAURANTE_ID" ) VALUES(937,1,'DEMORA',3);
INSERT INTO RANKING_VOTOS ( "RANKING", "VOTOS" ) VALUES(38,937);
INSERT INTO VOTO ( "ID", "NOTA", "TIPO_VOTO", "RESTAURANTE_ID" ) VALUES(938,1,'SABOR',3);
INSERT INTO RANKING_VOTOS ( "RANKING", "VOTOS" ) VALUES(38,938);
INSERT INTO VOTO ( "ID", "NOTA", "TIPO_VOTO", "RESTAURANTE_ID" ) VALUES(939,3,'PRECO',3);
INSERT INTO RANKING_VOTOS ( "RANKING", "VOTOS" ) VALUES(38,939);
INSERT INTO VOTO ( "ID", "NOTA", "TIPO_VOTO", "RESTAURANTE_ID" ) VALUES(940,2,'LOCALIZACAO',3);
INSERT INTO RANKING_VOTOS ( "RANKING", "VOTOS" ) VALUES(38,940);
INSERT INTO VOTO ( "ID", "NOTA", "TIPO_VOTO", "RESTAURANTE_ID" ) VALUES(941,3,'ATENDIMENTO',4);
INSERT INTO RANKING_VOTOS ( "RANKING", "VOTOS" ) VALUES(38,941);
INSERT INTO VOTO ( "ID", "NOTA", "TIPO_VOTO", "RESTAURANTE_ID" ) VALUES(942,5,'DEMORA',4);
INSERT INTO RANKING_VOTOS ( "RANKING", "VOTOS" ) VALUES(38,942);
INSERT INTO VOTO ( "ID", "NOTA", "TIPO_VOTO", "RESTAURANTE_ID" ) VALUES(943,2,'SABOR',4);
INSERT INTO RANKING_VOTOS ( "RANKING", "VOTOS" ) VALUES(38,943);
INSERT INTO VOTO ( "ID", "NOTA", "TIPO_VOTO", "RESTAURANTE_ID" ) VALUES(944,3,'PRECO',4);
INSERT INTO RANKING_VOTOS ( "RANKING", "VOTOS" ) VALUES(38,944);
INSERT INTO VOTO ( "ID", "NOTA", "TIPO_VOTO", "RESTAURANTE_ID" ) VALUES(945,4,'LOCALIZACAO',4);
INSERT INTO RANKING_VOTOS ( "RANKING", "VOTOS" ) VALUES(38,945);
INSERT INTO VOTO ( "ID", "NOTA", "TIPO_VOTO", "RESTAURANTE_ID" ) VALUES(946,2,'ATENDIMENTO',5);
INSERT INTO RANKING_VOTOS ( "RANKING", "VOTOS" ) VALUES(38,946);
INSERT INTO VOTO ( "ID", "NOTA", "TIPO_VOTO", "RESTAURANTE_ID" ) VALUES(947,5,'DEMORA',5);
INSERT INTO RANKING_VOTOS ( "RANKING", "VOTOS" ) VALUES(38,947);
INSERT INTO VOTO ( "ID", "NOTA", "TIPO_VOTO", "RESTAURANTE_ID" ) VALUES(948,3,'SABOR',5);
INSERT INTO RANKING_VOTOS ( "RANKING", "VOTOS" ) VALUES(38,948);
INSERT INTO VOTO ( "ID", "NOTA", "TIPO_VOTO", "RESTAURANTE_ID" ) VALUES(949,3,'PRECO',5);
INSERT INTO RANKING_VOTOS ( "RANKING", "VOTOS" ) VALUES(38,949);
INSERT INTO VOTO ( "ID", "NOTA", "TIPO_VOTO", "RESTAURANTE_ID" ) VALUES(950,4,'LOCALIZACAO',5);
INSERT INTO RANKING_VOTOS ( "RANKING", "VOTOS" ) VALUES(38,950);
INSERT INTO PESSOA ( "ID", "NOME" ) VALUES(39, 'Lawanna Zboncak');
INSERT INTO USUARIO ( "ID", "PESSOA_ID" ) VALUES('affectless@email.com',39);
INSERT INTO RANKING ( "ID", "USUARIO_ID" ) VALUES (39,'affectless@email.com');
INSERT INTO VOTO ( "ID", "NOTA", "TIPO_VOTO", "RESTAURANTE_ID" ) VALUES(951,3,'ATENDIMENTO',1);
INSERT INTO RANKING_VOTOS ( "RANKING", "VOTOS" ) VALUES(39,951);
INSERT INTO VOTO ( "ID", "NOTA", "TIPO_VOTO", "RESTAURANTE_ID" ) VALUES(952,3,'DEMORA',1);
INSERT INTO RANKING_VOTOS ( "RANKING", "VOTOS" ) VALUES(39,952);
INSERT INTO VOTO ( "ID", "NOTA", "TIPO_VOTO", "RESTAURANTE_ID" ) VALUES(953,4,'SABOR',1);
INSERT INTO RANKING_VOTOS ( "RANKING", "VOTOS" ) VALUES(39,953);
INSERT INTO VOTO ( "ID", "NOTA", "TIPO_VOTO", "RESTAURANTE_ID" ) VALUES(954,4,'PRECO',1);
INSERT INTO RANKING_VOTOS ( "RANKING", "VOTOS" ) VALUES(39,954);
INSERT INTO VOTO ( "ID", "NOTA", "TIPO_VOTO", "RESTAURANTE_ID" ) VALUES(955,4,'LOCALIZACAO',1);
INSERT INTO RANKING_VOTOS ( "RANKING", "VOTOS" ) VALUES(39,955);
INSERT INTO VOTO ( "ID", "NOTA", "TIPO_VOTO", "RESTAURANTE_ID" ) VALUES(956,3,'ATENDIMENTO',2);
INSERT INTO RANKING_VOTOS ( "RANKING", "VOTOS" ) VALUES(39,956);
INSERT INTO VOTO ( "ID", "NOTA", "TIPO_VOTO", "RESTAURANTE_ID" ) VALUES(957,1,'DEMORA',2);
INSERT INTO RANKING_VOTOS ( "RANKING", "VOTOS" ) VALUES(39,957);
INSERT INTO VOTO ( "ID", "NOTA", "TIPO_VOTO", "RESTAURANTE_ID" ) VALUES(958,4,'SABOR',2);
INSERT INTO RANKING_VOTOS ( "RANKING", "VOTOS" ) VALUES(39,958);
INSERT INTO VOTO ( "ID", "NOTA", "TIPO_VOTO", "RESTAURANTE_ID" ) VALUES(959,1,'PRECO',2);
INSERT INTO RANKING_VOTOS ( "RANKING", "VOTOS" ) VALUES(39,959);
INSERT INTO VOTO ( "ID", "NOTA", "TIPO_VOTO", "RESTAURANTE_ID" ) VALUES(960,2,'LOCALIZACAO',2);
INSERT INTO RANKING_VOTOS ( "RANKING", "VOTOS" ) VALUES(39,960);
INSERT INTO VOTO ( "ID", "NOTA", "TIPO_VOTO", "RESTAURANTE_ID" ) VALUES(961,1,'ATENDIMENTO',3);
INSERT INTO RANKING_VOTOS ( "RANKING", "VOTOS" ) VALUES(39,961);
INSERT INTO VOTO ( "ID", "NOTA", "TIPO_VOTO", "RESTAURANTE_ID" ) VALUES(962,3,'DEMORA',3);
INSERT INTO RANKING_VOTOS ( "RANKING", "VOTOS" ) VALUES(39,962);
INSERT INTO VOTO ( "ID", "NOTA", "TIPO_VOTO", "RESTAURANTE_ID" ) VALUES(963,4,'SABOR',3);
INSERT INTO RANKING_VOTOS ( "RANKING", "VOTOS" ) VALUES(39,963);
INSERT INTO VOTO ( "ID", "NOTA", "TIPO_VOTO", "RESTAURANTE_ID" ) VALUES(964,2,'PRECO',3);
INSERT INTO RANKING_VOTOS ( "RANKING", "VOTOS" ) VALUES(39,964);
INSERT INTO VOTO ( "ID", "NOTA", "TIPO_VOTO", "RESTAURANTE_ID" ) VALUES(965,5,'LOCALIZACAO',3);
INSERT INTO RANKING_VOTOS ( "RANKING", "VOTOS" ) VALUES(39,965);
INSERT INTO VOTO ( "ID", "NOTA", "TIPO_VOTO", "RESTAURANTE_ID" ) VALUES(966,4,'ATENDIMENTO',4);
INSERT INTO RANKING_VOTOS ( "RANKING", "VOTOS" ) VALUES(39,966);
INSERT INTO VOTO ( "ID", "NOTA", "TIPO_VOTO", "RESTAURANTE_ID" ) VALUES(967,5,'DEMORA',4);
INSERT INTO RANKING_VOTOS ( "RANKING", "VOTOS" ) VALUES(39,967);
INSERT INTO VOTO ( "ID", "NOTA", "TIPO_VOTO", "RESTAURANTE_ID" ) VALUES(968,5,'SABOR',4);
INSERT INTO RANKING_VOTOS ( "RANKING", "VOTOS" ) VALUES(39,968);
INSERT INTO VOTO ( "ID", "NOTA", "TIPO_VOTO", "RESTAURANTE_ID" ) VALUES(969,2,'PRECO',4);
INSERT INTO RANKING_VOTOS ( "RANKING", "VOTOS" ) VALUES(39,969);
INSERT INTO VOTO ( "ID", "NOTA", "TIPO_VOTO", "RESTAURANTE_ID" ) VALUES(970,2,'LOCALIZACAO',4);
INSERT INTO RANKING_VOTOS ( "RANKING", "VOTOS" ) VALUES(39,970);
INSERT INTO VOTO ( "ID", "NOTA", "TIPO_VOTO", "RESTAURANTE_ID" ) VALUES(971,3,'ATENDIMENTO',5);
INSERT INTO RANKING_VOTOS ( "RANKING", "VOTOS" ) VALUES(39,971);
INSERT INTO VOTO ( "ID", "NOTA", "TIPO_VOTO", "RESTAURANTE_ID" ) VALUES(972,2,'DEMORA',5);
INSERT INTO RANKING_VOTOS ( "RANKING", "VOTOS" ) VALUES(39,972);
INSERT INTO VOTO ( "ID", "NOTA", "TIPO_VOTO", "RESTAURANTE_ID" ) VALUES(973,5,'SABOR',5);
INSERT INTO RANKING_VOTOS ( "RANKING", "VOTOS" ) VALUES(39,973);
INSERT INTO VOTO ( "ID", "NOTA", "TIPO_VOTO", "RESTAURANTE_ID" ) VALUES(974,3,'PRECO',5);
INSERT INTO RANKING_VOTOS ( "RANKING", "VOTOS" ) VALUES(39,974);
INSERT INTO VOTO ( "ID", "NOTA", "TIPO_VOTO", "RESTAURANTE_ID" ) VALUES(975,4,'LOCALIZACAO',5);
INSERT INTO RANKING_VOTOS ( "RANKING", "VOTOS" ) VALUES(39,975);
INSERT INTO PESSOA ( "ID", "NOME" ) VALUES(40, 'Tamatha DuBuque');
INSERT INTO USUARIO ( "ID", "PESSOA_ID" ) VALUES('blacksnake@email.com',40);
INSERT INTO RANKING ( "ID", "USUARIO_ID" ) VALUES (40,'blacksnake@email.com');
INSERT INTO VOTO ( "ID", "NOTA", "TIPO_VOTO", "RESTAURANTE_ID" ) VALUES(976,1,'ATENDIMENTO',1);
INSERT INTO RANKING_VOTOS ( "RANKING", "VOTOS" ) VALUES(40,976);
INSERT INTO VOTO ( "ID", "NOTA", "TIPO_VOTO", "RESTAURANTE_ID" ) VALUES(977,2,'DEMORA',1);
INSERT INTO RANKING_VOTOS ( "RANKING", "VOTOS" ) VALUES(40,977);
INSERT INTO VOTO ( "ID", "NOTA", "TIPO_VOTO", "RESTAURANTE_ID" ) VALUES(978,1,'SABOR',1);
INSERT INTO RANKING_VOTOS ( "RANKING", "VOTOS" ) VALUES(40,978);
INSERT INTO VOTO ( "ID", "NOTA", "TIPO_VOTO", "RESTAURANTE_ID" ) VALUES(979,5,'PRECO',1);
INSERT INTO RANKING_VOTOS ( "RANKING", "VOTOS" ) VALUES(40,979);
INSERT INTO VOTO ( "ID", "NOTA", "TIPO_VOTO", "RESTAURANTE_ID" ) VALUES(980,5,'LOCALIZACAO',1);
INSERT INTO RANKING_VOTOS ( "RANKING", "VOTOS" ) VALUES(40,980);
INSERT INTO VOTO ( "ID", "NOTA", "TIPO_VOTO", "RESTAURANTE_ID" ) VALUES(981,1,'ATENDIMENTO',2);
INSERT INTO RANKING_VOTOS ( "RANKING", "VOTOS" ) VALUES(40,981);
INSERT INTO VOTO ( "ID", "NOTA", "TIPO_VOTO", "RESTAURANTE_ID" ) VALUES(982,4,'DEMORA',2);
INSERT INTO RANKING_VOTOS ( "RANKING", "VOTOS" ) VALUES(40,982);
INSERT INTO VOTO ( "ID", "NOTA", "TIPO_VOTO", "RESTAURANTE_ID" ) VALUES(983,3,'SABOR',2);
INSERT INTO RANKING_VOTOS ( "RANKING", "VOTOS" ) VALUES(40,983);
INSERT INTO VOTO ( "ID", "NOTA", "TIPO_VOTO", "RESTAURANTE_ID" ) VALUES(984,1,'PRECO',2);
INSERT INTO RANKING_VOTOS ( "RANKING", "VOTOS" ) VALUES(40,984);
INSERT INTO VOTO ( "ID", "NOTA", "TIPO_VOTO", "RESTAURANTE_ID" ) VALUES(985,4,'LOCALIZACAO',2);
INSERT INTO RANKING_VOTOS ( "RANKING", "VOTOS" ) VALUES(40,985);
INSERT INTO VOTO ( "ID", "NOTA", "TIPO_VOTO", "RESTAURANTE_ID" ) VALUES(986,3,'ATENDIMENTO',3);
INSERT INTO RANKING_VOTOS ( "RANKING", "VOTOS" ) VALUES(40,986);
INSERT INTO VOTO ( "ID", "NOTA", "TIPO_VOTO", "RESTAURANTE_ID" ) VALUES(987,1,'DEMORA',3);
INSERT INTO RANKING_VOTOS ( "RANKING", "VOTOS" ) VALUES(40,987);
INSERT INTO VOTO ( "ID", "NOTA", "TIPO_VOTO", "RESTAURANTE_ID" ) VALUES(988,5,'SABOR',3);
INSERT INTO RANKING_VOTOS ( "RANKING", "VOTOS" ) VALUES(40,988);
INSERT INTO VOTO ( "ID", "NOTA", "TIPO_VOTO", "RESTAURANTE_ID" ) VALUES(989,2,'PRECO',3);
INSERT INTO RANKING_VOTOS ( "RANKING", "VOTOS" ) VALUES(40,989);
INSERT INTO VOTO ( "ID", "NOTA", "TIPO_VOTO", "RESTAURANTE_ID" ) VALUES(990,3,'LOCALIZACAO',3);
INSERT INTO RANKING_VOTOS ( "RANKING", "VOTOS" ) VALUES(40,990);
INSERT INTO VOTO ( "ID", "NOTA", "TIPO_VOTO", "RESTAURANTE_ID" ) VALUES(991,2,'ATENDIMENTO',4);
INSERT INTO RANKING_VOTOS ( "RANKING", "VOTOS" ) VALUES(40,991);
INSERT INTO VOTO ( "ID", "NOTA", "TIPO_VOTO", "RESTAURANTE_ID" ) VALUES(992,1,'DEMORA',4);
INSERT INTO RANKING_VOTOS ( "RANKING", "VOTOS" ) VALUES(40,992);
INSERT INTO VOTO ( "ID", "NOTA", "TIPO_VOTO", "RESTAURANTE_ID" ) VALUES(993,1,'SABOR',4);
INSERT INTO RANKING_VOTOS ( "RANKING", "VOTOS" ) VALUES(40,993);
INSERT INTO VOTO ( "ID", "NOTA", "TIPO_VOTO", "RESTAURANTE_ID" ) VALUES(994,3,'PRECO',4);
INSERT INTO RANKING_VOTOS ( "RANKING", "VOTOS" ) VALUES(40,994);
INSERT INTO VOTO ( "ID", "NOTA", "TIPO_VOTO", "RESTAURANTE_ID" ) VALUES(995,1,'LOCALIZACAO',4);
INSERT INTO RANKING_VOTOS ( "RANKING", "VOTOS" ) VALUES(40,995);
INSERT INTO VOTO ( "ID", "NOTA", "TIPO_VOTO", "RESTAURANTE_ID" ) VALUES(996,5,'ATENDIMENTO',5);
INSERT INTO RANKING_VOTOS ( "RANKING", "VOTOS" ) VALUES(40,996);
INSERT INTO VOTO ( "ID", "NOTA", "TIPO_VOTO", "RESTAURANTE_ID" ) VALUES(997,1,'DEMORA',5);
INSERT INTO RANKING_VOTOS ( "RANKING", "VOTOS" ) VALUES(40,997);
INSERT INTO VOTO ( "ID", "NOTA", "TIPO_VOTO", "RESTAURANTE_ID" ) VALUES(998,5,'SABOR',5);
INSERT INTO RANKING_VOTOS ( "RANKING", "VOTOS" ) VALUES(40,998);
INSERT INTO VOTO ( "ID", "NOTA", "TIPO_VOTO", "RESTAURANTE_ID" ) VALUES(999,2,'PRECO',5);
INSERT INTO RANKING_VOTOS ( "RANKING", "VOTOS" ) VALUES(40,999);
INSERT INTO VOTO ( "ID", "NOTA", "TIPO_VOTO", "RESTAURANTE_ID" ) VALUES(1000,3,'LOCALIZACAO',5);
INSERT INTO RANKING_VOTOS ( "RANKING", "VOTOS" ) VALUES(40,1000);
INSERT INTO PESSOA ( "ID", "NOME" ) VALUES(41, 'Johnson Okuneva');
INSERT INTO USUARIO ( "ID", "PESSOA_ID" ) VALUES('parodistic@email.com',41);
INSERT INTO RANKING ( "ID", "USUARIO_ID" ) VALUES (41,'parodistic@email.com');
INSERT INTO VOTO ( "ID", "NOTA", "TIPO_VOTO", "RESTAURANTE_ID" ) VALUES(1001,2,'ATENDIMENTO',1);
INSERT INTO RANKING_VOTOS ( "RANKING", "VOTOS" ) VALUES(41,1001);
INSERT INTO VOTO ( "ID", "NOTA", "TIPO_VOTO", "RESTAURANTE_ID" ) VALUES(1002,5,'DEMORA',1);
INSERT INTO RANKING_VOTOS ( "RANKING", "VOTOS" ) VALUES(41,1002);
INSERT INTO VOTO ( "ID", "NOTA", "TIPO_VOTO", "RESTAURANTE_ID" ) VALUES(1003,3,'SABOR',1);
INSERT INTO RANKING_VOTOS ( "RANKING", "VOTOS" ) VALUES(41,1003);
INSERT INTO VOTO ( "ID", "NOTA", "TIPO_VOTO", "RESTAURANTE_ID" ) VALUES(1004,1,'PRECO',1);
INSERT INTO RANKING_VOTOS ( "RANKING", "VOTOS" ) VALUES(41,1004);
INSERT INTO VOTO ( "ID", "NOTA", "TIPO_VOTO", "RESTAURANTE_ID" ) VALUES(1005,2,'LOCALIZACAO',1);
INSERT INTO RANKING_VOTOS ( "RANKING", "VOTOS" ) VALUES(41,1005);
INSERT INTO VOTO ( "ID", "NOTA", "TIPO_VOTO", "RESTAURANTE_ID" ) VALUES(1006,1,'ATENDIMENTO',2);
INSERT INTO RANKING_VOTOS ( "RANKING", "VOTOS" ) VALUES(41,1006);
INSERT INTO VOTO ( "ID", "NOTA", "TIPO_VOTO", "RESTAURANTE_ID" ) VALUES(1007,2,'DEMORA',2);
INSERT INTO RANKING_VOTOS ( "RANKING", "VOTOS" ) VALUES(41,1007);
INSERT INTO VOTO ( "ID", "NOTA", "TIPO_VOTO", "RESTAURANTE_ID" ) VALUES(1008,2,'SABOR',2);
INSERT INTO RANKING_VOTOS ( "RANKING", "VOTOS" ) VALUES(41,1008);
INSERT INTO VOTO ( "ID", "NOTA", "TIPO_VOTO", "RESTAURANTE_ID" ) VALUES(1009,1,'PRECO',2);
INSERT INTO RANKING_VOTOS ( "RANKING", "VOTOS" ) VALUES(41,1009);
INSERT INTO VOTO ( "ID", "NOTA", "TIPO_VOTO", "RESTAURANTE_ID" ) VALUES(1010,1,'LOCALIZACAO',2);
INSERT INTO RANKING_VOTOS ( "RANKING", "VOTOS" ) VALUES(41,1010);
INSERT INTO VOTO ( "ID", "NOTA", "TIPO_VOTO", "RESTAURANTE_ID" ) VALUES(1011,5,'ATENDIMENTO',3);
INSERT INTO RANKING_VOTOS ( "RANKING", "VOTOS" ) VALUES(41,1011);
INSERT INTO VOTO ( "ID", "NOTA", "TIPO_VOTO", "RESTAURANTE_ID" ) VALUES(1012,5,'DEMORA',3);
INSERT INTO RANKING_VOTOS ( "RANKING", "VOTOS" ) VALUES(41,1012);
INSERT INTO VOTO ( "ID", "NOTA", "TIPO_VOTO", "RESTAURANTE_ID" ) VALUES(1013,2,'SABOR',3);
INSERT INTO RANKING_VOTOS ( "RANKING", "VOTOS" ) VALUES(41,1013);
INSERT INTO VOTO ( "ID", "NOTA", "TIPO_VOTO", "RESTAURANTE_ID" ) VALUES(1014,1,'PRECO',3);
INSERT INTO RANKING_VOTOS ( "RANKING", "VOTOS" ) VALUES(41,1014);
INSERT INTO VOTO ( "ID", "NOTA", "TIPO_VOTO", "RESTAURANTE_ID" ) VALUES(1015,5,'LOCALIZACAO',3);
INSERT INTO RANKING_VOTOS ( "RANKING", "VOTOS" ) VALUES(41,1015);
INSERT INTO VOTO ( "ID", "NOTA", "TIPO_VOTO", "RESTAURANTE_ID" ) VALUES(1016,5,'ATENDIMENTO',4);
INSERT INTO RANKING_VOTOS ( "RANKING", "VOTOS" ) VALUES(41,1016);
INSERT INTO VOTO ( "ID", "NOTA", "TIPO_VOTO", "RESTAURANTE_ID" ) VALUES(1017,5,'DEMORA',4);
INSERT INTO RANKING_VOTOS ( "RANKING", "VOTOS" ) VALUES(41,1017);
INSERT INTO VOTO ( "ID", "NOTA", "TIPO_VOTO", "RESTAURANTE_ID" ) VALUES(1018,5,'SABOR',4);
INSERT INTO RANKING_VOTOS ( "RANKING", "VOTOS" ) VALUES(41,1018);
INSERT INTO VOTO ( "ID", "NOTA", "TIPO_VOTO", "RESTAURANTE_ID" ) VALUES(1019,2,'PRECO',4);
INSERT INTO RANKING_VOTOS ( "RANKING", "VOTOS" ) VALUES(41,1019);
INSERT INTO VOTO ( "ID", "NOTA", "TIPO_VOTO", "RESTAURANTE_ID" ) VALUES(1020,5,'LOCALIZACAO',4);
INSERT INTO RANKING_VOTOS ( "RANKING", "VOTOS" ) VALUES(41,1020);
INSERT INTO VOTO ( "ID", "NOTA", "TIPO_VOTO", "RESTAURANTE_ID" ) VALUES(1021,4,'ATENDIMENTO',5);
INSERT INTO RANKING_VOTOS ( "RANKING", "VOTOS" ) VALUES(41,1021);
INSERT INTO VOTO ( "ID", "NOTA", "TIPO_VOTO", "RESTAURANTE_ID" ) VALUES(1022,2,'DEMORA',5);
INSERT INTO RANKING_VOTOS ( "RANKING", "VOTOS" ) VALUES(41,1022);
INSERT INTO VOTO ( "ID", "NOTA", "TIPO_VOTO", "RESTAURANTE_ID" ) VALUES(1023,2,'SABOR',5);
INSERT INTO RANKING_VOTOS ( "RANKING", "VOTOS" ) VALUES(41,1023);
INSERT INTO VOTO ( "ID", "NOTA", "TIPO_VOTO", "RESTAURANTE_ID" ) VALUES(1024,4,'PRECO',5);
INSERT INTO RANKING_VOTOS ( "RANKING", "VOTOS" ) VALUES(41,1024);
INSERT INTO VOTO ( "ID", "NOTA", "TIPO_VOTO", "RESTAURANTE_ID" ) VALUES(1025,4,'LOCALIZACAO',5);
INSERT INTO RANKING_VOTOS ( "RANKING", "VOTOS" ) VALUES(41,1025);
INSERT INTO PESSOA ( "ID", "NOME" ) VALUES(42, 'Houston Pacocha');
INSERT INTO USUARIO ( "ID", "PESSOA_ID" ) VALUES('urochordal@email.com',42);
INSERT INTO RANKING ( "ID", "USUARIO_ID" ) VALUES (42,'urochordal@email.com');
INSERT INTO VOTO ( "ID", "NOTA", "TIPO_VOTO", "RESTAURANTE_ID" ) VALUES(1026,2,'ATENDIMENTO',1);
INSERT INTO RANKING_VOTOS ( "RANKING", "VOTOS" ) VALUES(42,1026);
INSERT INTO VOTO ( "ID", "NOTA", "TIPO_VOTO", "RESTAURANTE_ID" ) VALUES(1027,1,'DEMORA',1);
INSERT INTO RANKING_VOTOS ( "RANKING", "VOTOS" ) VALUES(42,1027);
INSERT INTO VOTO ( "ID", "NOTA", "TIPO_VOTO", "RESTAURANTE_ID" ) VALUES(1028,1,'SABOR',1);
INSERT INTO RANKING_VOTOS ( "RANKING", "VOTOS" ) VALUES(42,1028);
INSERT INTO VOTO ( "ID", "NOTA", "TIPO_VOTO", "RESTAURANTE_ID" ) VALUES(1029,3,'PRECO',1);
INSERT INTO RANKING_VOTOS ( "RANKING", "VOTOS" ) VALUES(42,1029);
INSERT INTO VOTO ( "ID", "NOTA", "TIPO_VOTO", "RESTAURANTE_ID" ) VALUES(1030,4,'LOCALIZACAO',1);
INSERT INTO RANKING_VOTOS ( "RANKING", "VOTOS" ) VALUES(42,1030);
INSERT INTO VOTO ( "ID", "NOTA", "TIPO_VOTO", "RESTAURANTE_ID" ) VALUES(1031,3,'ATENDIMENTO',2);
INSERT INTO RANKING_VOTOS ( "RANKING", "VOTOS" ) VALUES(42,1031);
INSERT INTO VOTO ( "ID", "NOTA", "TIPO_VOTO", "RESTAURANTE_ID" ) VALUES(1032,1,'DEMORA',2);
INSERT INTO RANKING_VOTOS ( "RANKING", "VOTOS" ) VALUES(42,1032);
INSERT INTO VOTO ( "ID", "NOTA", "TIPO_VOTO", "RESTAURANTE_ID" ) VALUES(1033,4,'SABOR',2);
INSERT INTO RANKING_VOTOS ( "RANKING", "VOTOS" ) VALUES(42,1033);
INSERT INTO VOTO ( "ID", "NOTA", "TIPO_VOTO", "RESTAURANTE_ID" ) VALUES(1034,3,'PRECO',2);
INSERT INTO RANKING_VOTOS ( "RANKING", "VOTOS" ) VALUES(42,1034);
INSERT INTO VOTO ( "ID", "NOTA", "TIPO_VOTO", "RESTAURANTE_ID" ) VALUES(1035,1,'LOCALIZACAO',2);
INSERT INTO RANKING_VOTOS ( "RANKING", "VOTOS" ) VALUES(42,1035);
INSERT INTO VOTO ( "ID", "NOTA", "TIPO_VOTO", "RESTAURANTE_ID" ) VALUES(1036,2,'ATENDIMENTO',3);
INSERT INTO RANKING_VOTOS ( "RANKING", "VOTOS" ) VALUES(42,1036);
INSERT INTO VOTO ( "ID", "NOTA", "TIPO_VOTO", "RESTAURANTE_ID" ) VALUES(1037,3,'DEMORA',3);
INSERT INTO RANKING_VOTOS ( "RANKING", "VOTOS" ) VALUES(42,1037);
INSERT INTO VOTO ( "ID", "NOTA", "TIPO_VOTO", "RESTAURANTE_ID" ) VALUES(1038,5,'SABOR',3);
INSERT INTO RANKING_VOTOS ( "RANKING", "VOTOS" ) VALUES(42,1038);
INSERT INTO VOTO ( "ID", "NOTA", "TIPO_VOTO", "RESTAURANTE_ID" ) VALUES(1039,1,'PRECO',3);
INSERT INTO RANKING_VOTOS ( "RANKING", "VOTOS" ) VALUES(42,1039);
INSERT INTO VOTO ( "ID", "NOTA", "TIPO_VOTO", "RESTAURANTE_ID" ) VALUES(1040,3,'LOCALIZACAO',3);
INSERT INTO RANKING_VOTOS ( "RANKING", "VOTOS" ) VALUES(42,1040);
INSERT INTO VOTO ( "ID", "NOTA", "TIPO_VOTO", "RESTAURANTE_ID" ) VALUES(1041,5,'ATENDIMENTO',4);
INSERT INTO RANKING_VOTOS ( "RANKING", "VOTOS" ) VALUES(42,1041);
INSERT INTO VOTO ( "ID", "NOTA", "TIPO_VOTO", "RESTAURANTE_ID" ) VALUES(1042,2,'DEMORA',4);
INSERT INTO RANKING_VOTOS ( "RANKING", "VOTOS" ) VALUES(42,1042);
INSERT INTO VOTO ( "ID", "NOTA", "TIPO_VOTO", "RESTAURANTE_ID" ) VALUES(1043,2,'SABOR',4);
INSERT INTO RANKING_VOTOS ( "RANKING", "VOTOS" ) VALUES(42,1043);
INSERT INTO VOTO ( "ID", "NOTA", "TIPO_VOTO", "RESTAURANTE_ID" ) VALUES(1044,1,'PRECO',4);
INSERT INTO RANKING_VOTOS ( "RANKING", "VOTOS" ) VALUES(42,1044);
INSERT INTO VOTO ( "ID", "NOTA", "TIPO_VOTO", "RESTAURANTE_ID" ) VALUES(1045,3,'LOCALIZACAO',4);
INSERT INTO RANKING_VOTOS ( "RANKING", "VOTOS" ) VALUES(42,1045);
INSERT INTO VOTO ( "ID", "NOTA", "TIPO_VOTO", "RESTAURANTE_ID" ) VALUES(1046,3,'ATENDIMENTO',5);
INSERT INTO RANKING_VOTOS ( "RANKING", "VOTOS" ) VALUES(42,1046);
INSERT INTO VOTO ( "ID", "NOTA", "TIPO_VOTO", "RESTAURANTE_ID" ) VALUES(1047,2,'DEMORA',5);
INSERT INTO RANKING_VOTOS ( "RANKING", "VOTOS" ) VALUES(42,1047);
INSERT INTO VOTO ( "ID", "NOTA", "TIPO_VOTO", "RESTAURANTE_ID" ) VALUES(1048,3,'SABOR',5);
INSERT INTO RANKING_VOTOS ( "RANKING", "VOTOS" ) VALUES(42,1048);
INSERT INTO VOTO ( "ID", "NOTA", "TIPO_VOTO", "RESTAURANTE_ID" ) VALUES(1049,1,'PRECO',5);
INSERT INTO RANKING_VOTOS ( "RANKING", "VOTOS" ) VALUES(42,1049);
INSERT INTO VOTO ( "ID", "NOTA", "TIPO_VOTO", "RESTAURANTE_ID" ) VALUES(1050,4,'LOCALIZACAO',5);
INSERT INTO RANKING_VOTOS ( "RANKING", "VOTOS" ) VALUES(42,1050);
INSERT INTO PESSOA ( "ID", "NOME" ) VALUES(43, 'Frankie Stanton');
INSERT INTO USUARIO ( "ID", "PESSOA_ID" ) VALUES('knockabout@email.com',43);
INSERT INTO RANKING ( "ID", "USUARIO_ID" ) VALUES (43,'knockabout@email.com');
INSERT INTO VOTO ( "ID", "NOTA", "TIPO_VOTO", "RESTAURANTE_ID" ) VALUES(1051,3,'ATENDIMENTO',1);
INSERT INTO RANKING_VOTOS ( "RANKING", "VOTOS" ) VALUES(43,1051);
INSERT INTO VOTO ( "ID", "NOTA", "TIPO_VOTO", "RESTAURANTE_ID" ) VALUES(1052,1,'DEMORA',1);
INSERT INTO RANKING_VOTOS ( "RANKING", "VOTOS" ) VALUES(43,1052);
INSERT INTO VOTO ( "ID", "NOTA", "TIPO_VOTO", "RESTAURANTE_ID" ) VALUES(1053,1,'SABOR',1);
INSERT INTO RANKING_VOTOS ( "RANKING", "VOTOS" ) VALUES(43,1053);
INSERT INTO VOTO ( "ID", "NOTA", "TIPO_VOTO", "RESTAURANTE_ID" ) VALUES(1054,3,'PRECO',1);
INSERT INTO RANKING_VOTOS ( "RANKING", "VOTOS" ) VALUES(43,1054);
INSERT INTO VOTO ( "ID", "NOTA", "TIPO_VOTO", "RESTAURANTE_ID" ) VALUES(1055,5,'LOCALIZACAO',1);
INSERT INTO RANKING_VOTOS ( "RANKING", "VOTOS" ) VALUES(43,1055);
INSERT INTO VOTO ( "ID", "NOTA", "TIPO_VOTO", "RESTAURANTE_ID" ) VALUES(1056,4,'ATENDIMENTO',2);
INSERT INTO RANKING_VOTOS ( "RANKING", "VOTOS" ) VALUES(43,1056);
INSERT INTO VOTO ( "ID", "NOTA", "TIPO_VOTO", "RESTAURANTE_ID" ) VALUES(1057,2,'DEMORA',2);
INSERT INTO RANKING_VOTOS ( "RANKING", "VOTOS" ) VALUES(43,1057);
INSERT INTO VOTO ( "ID", "NOTA", "TIPO_VOTO", "RESTAURANTE_ID" ) VALUES(1058,2,'SABOR',2);
INSERT INTO RANKING_VOTOS ( "RANKING", "VOTOS" ) VALUES(43,1058);
INSERT INTO VOTO ( "ID", "NOTA", "TIPO_VOTO", "RESTAURANTE_ID" ) VALUES(1059,3,'PRECO',2);
INSERT INTO RANKING_VOTOS ( "RANKING", "VOTOS" ) VALUES(43,1059);
INSERT INTO VOTO ( "ID", "NOTA", "TIPO_VOTO", "RESTAURANTE_ID" ) VALUES(1060,3,'LOCALIZACAO',2);
INSERT INTO RANKING_VOTOS ( "RANKING", "VOTOS" ) VALUES(43,1060);
INSERT INTO VOTO ( "ID", "NOTA", "TIPO_VOTO", "RESTAURANTE_ID" ) VALUES(1061,3,'ATENDIMENTO',3);
INSERT INTO RANKING_VOTOS ( "RANKING", "VOTOS" ) VALUES(43,1061);
INSERT INTO VOTO ( "ID", "NOTA", "TIPO_VOTO", "RESTAURANTE_ID" ) VALUES(1062,2,'DEMORA',3);
INSERT INTO RANKING_VOTOS ( "RANKING", "VOTOS" ) VALUES(43,1062);
INSERT INTO VOTO ( "ID", "NOTA", "TIPO_VOTO", "RESTAURANTE_ID" ) VALUES(1063,4,'SABOR',3);
INSERT INTO RANKING_VOTOS ( "RANKING", "VOTOS" ) VALUES(43,1063);
INSERT INTO VOTO ( "ID", "NOTA", "TIPO_VOTO", "RESTAURANTE_ID" ) VALUES(1064,3,'PRECO',3);
INSERT INTO RANKING_VOTOS ( "RANKING", "VOTOS" ) VALUES(43,1064);
INSERT INTO VOTO ( "ID", "NOTA", "TIPO_VOTO", "RESTAURANTE_ID" ) VALUES(1065,3,'LOCALIZACAO',3);
INSERT INTO RANKING_VOTOS ( "RANKING", "VOTOS" ) VALUES(43,1065);
INSERT INTO VOTO ( "ID", "NOTA", "TIPO_VOTO", "RESTAURANTE_ID" ) VALUES(1066,3,'ATENDIMENTO',4);
INSERT INTO RANKING_VOTOS ( "RANKING", "VOTOS" ) VALUES(43,1066);
INSERT INTO VOTO ( "ID", "NOTA", "TIPO_VOTO", "RESTAURANTE_ID" ) VALUES(1067,1,'DEMORA',4);
INSERT INTO RANKING_VOTOS ( "RANKING", "VOTOS" ) VALUES(43,1067);
INSERT INTO VOTO ( "ID", "NOTA", "TIPO_VOTO", "RESTAURANTE_ID" ) VALUES(1068,5,'SABOR',4);
INSERT INTO RANKING_VOTOS ( "RANKING", "VOTOS" ) VALUES(43,1068);
INSERT INTO VOTO ( "ID", "NOTA", "TIPO_VOTO", "RESTAURANTE_ID" ) VALUES(1069,1,'PRECO',4);
INSERT INTO RANKING_VOTOS ( "RANKING", "VOTOS" ) VALUES(43,1069);
INSERT INTO VOTO ( "ID", "NOTA", "TIPO_VOTO", "RESTAURANTE_ID" ) VALUES(1070,4,'LOCALIZACAO',4);
INSERT INTO RANKING_VOTOS ( "RANKING", "VOTOS" ) VALUES(43,1070);
INSERT INTO VOTO ( "ID", "NOTA", "TIPO_VOTO", "RESTAURANTE_ID" ) VALUES(1071,5,'ATENDIMENTO',5);
INSERT INTO RANKING_VOTOS ( "RANKING", "VOTOS" ) VALUES(43,1071);
INSERT INTO VOTO ( "ID", "NOTA", "TIPO_VOTO", "RESTAURANTE_ID" ) VALUES(1072,2,'DEMORA',5);
INSERT INTO RANKING_VOTOS ( "RANKING", "VOTOS" ) VALUES(43,1072);
INSERT INTO VOTO ( "ID", "NOTA", "TIPO_VOTO", "RESTAURANTE_ID" ) VALUES(1073,1,'SABOR',5);
INSERT INTO RANKING_VOTOS ( "RANKING", "VOTOS" ) VALUES(43,1073);
INSERT INTO VOTO ( "ID", "NOTA", "TIPO_VOTO", "RESTAURANTE_ID" ) VALUES(1074,2,'PRECO',5);
INSERT INTO RANKING_VOTOS ( "RANKING", "VOTOS" ) VALUES(43,1074);
INSERT INTO VOTO ( "ID", "NOTA", "TIPO_VOTO", "RESTAURANTE_ID" ) VALUES(1075,5,'LOCALIZACAO',5);
INSERT INTO RANKING_VOTOS ( "RANKING", "VOTOS" ) VALUES(43,1075);
INSERT INTO PESSOA ( "ID", "NOME" ) VALUES(44, 'Lindsey Collins');
INSERT INTO USUARIO ( "ID", "PESSOA_ID" ) VALUES('septicemic@email.com',44);
INSERT INTO RANKING ( "ID", "USUARIO_ID" ) VALUES (44,'septicemic@email.com');
INSERT INTO VOTO ( "ID", "NOTA", "TIPO_VOTO", "RESTAURANTE_ID" ) VALUES(1076,2,'ATENDIMENTO',1);
INSERT INTO RANKING_VOTOS ( "RANKING", "VOTOS" ) VALUES(44,1076);
INSERT INTO VOTO ( "ID", "NOTA", "TIPO_VOTO", "RESTAURANTE_ID" ) VALUES(1077,2,'DEMORA',1);
INSERT INTO RANKING_VOTOS ( "RANKING", "VOTOS" ) VALUES(44,1077);
INSERT INTO VOTO ( "ID", "NOTA", "TIPO_VOTO", "RESTAURANTE_ID" ) VALUES(1078,1,'SABOR',1);
INSERT INTO RANKING_VOTOS ( "RANKING", "VOTOS" ) VALUES(44,1078);
INSERT INTO VOTO ( "ID", "NOTA", "TIPO_VOTO", "RESTAURANTE_ID" ) VALUES(1079,5,'PRECO',1);
INSERT INTO RANKING_VOTOS ( "RANKING", "VOTOS" ) VALUES(44,1079);
INSERT INTO VOTO ( "ID", "NOTA", "TIPO_VOTO", "RESTAURANTE_ID" ) VALUES(1080,1,'LOCALIZACAO',1);
INSERT INTO RANKING_VOTOS ( "RANKING", "VOTOS" ) VALUES(44,1080);
INSERT INTO VOTO ( "ID", "NOTA", "TIPO_VOTO", "RESTAURANTE_ID" ) VALUES(1081,5,'ATENDIMENTO',2);
INSERT INTO RANKING_VOTOS ( "RANKING", "VOTOS" ) VALUES(44,1081);
INSERT INTO VOTO ( "ID", "NOTA", "TIPO_VOTO", "RESTAURANTE_ID" ) VALUES(1082,1,'DEMORA',2);
INSERT INTO RANKING_VOTOS ( "RANKING", "VOTOS" ) VALUES(44,1082);
INSERT INTO VOTO ( "ID", "NOTA", "TIPO_VOTO", "RESTAURANTE_ID" ) VALUES(1083,1,'SABOR',2);
INSERT INTO RANKING_VOTOS ( "RANKING", "VOTOS" ) VALUES(44,1083);
INSERT INTO VOTO ( "ID", "NOTA", "TIPO_VOTO", "RESTAURANTE_ID" ) VALUES(1084,2,'PRECO',2);
INSERT INTO RANKING_VOTOS ( "RANKING", "VOTOS" ) VALUES(44,1084);
INSERT INTO VOTO ( "ID", "NOTA", "TIPO_VOTO", "RESTAURANTE_ID" ) VALUES(1085,3,'LOCALIZACAO',2);
INSERT INTO RANKING_VOTOS ( "RANKING", "VOTOS" ) VALUES(44,1085);
INSERT INTO VOTO ( "ID", "NOTA", "TIPO_VOTO", "RESTAURANTE_ID" ) VALUES(1086,2,'ATENDIMENTO',3);
INSERT INTO RANKING_VOTOS ( "RANKING", "VOTOS" ) VALUES(44,1086);
INSERT INTO VOTO ( "ID", "NOTA", "TIPO_VOTO", "RESTAURANTE_ID" ) VALUES(1087,5,'DEMORA',3);
INSERT INTO RANKING_VOTOS ( "RANKING", "VOTOS" ) VALUES(44,1087);
INSERT INTO VOTO ( "ID", "NOTA", "TIPO_VOTO", "RESTAURANTE_ID" ) VALUES(1088,2,'SABOR',3);
INSERT INTO RANKING_VOTOS ( "RANKING", "VOTOS" ) VALUES(44,1088);
INSERT INTO VOTO ( "ID", "NOTA", "TIPO_VOTO", "RESTAURANTE_ID" ) VALUES(1089,3,'PRECO',3);
INSERT INTO RANKING_VOTOS ( "RANKING", "VOTOS" ) VALUES(44,1089);
INSERT INTO VOTO ( "ID", "NOTA", "TIPO_VOTO", "RESTAURANTE_ID" ) VALUES(1090,2,'LOCALIZACAO',3);
INSERT INTO RANKING_VOTOS ( "RANKING", "VOTOS" ) VALUES(44,1090);
INSERT INTO VOTO ( "ID", "NOTA", "TIPO_VOTO", "RESTAURANTE_ID" ) VALUES(1091,1,'ATENDIMENTO',4);
INSERT INTO RANKING_VOTOS ( "RANKING", "VOTOS" ) VALUES(44,1091);
INSERT INTO VOTO ( "ID", "NOTA", "TIPO_VOTO", "RESTAURANTE_ID" ) VALUES(1092,1,'DEMORA',4);
INSERT INTO RANKING_VOTOS ( "RANKING", "VOTOS" ) VALUES(44,1092);
INSERT INTO VOTO ( "ID", "NOTA", "TIPO_VOTO", "RESTAURANTE_ID" ) VALUES(1093,1,'SABOR',4);
INSERT INTO RANKING_VOTOS ( "RANKING", "VOTOS" ) VALUES(44,1093);
INSERT INTO VOTO ( "ID", "NOTA", "TIPO_VOTO", "RESTAURANTE_ID" ) VALUES(1094,5,'PRECO',4);
INSERT INTO RANKING_VOTOS ( "RANKING", "VOTOS" ) VALUES(44,1094);
INSERT INTO VOTO ( "ID", "NOTA", "TIPO_VOTO", "RESTAURANTE_ID" ) VALUES(1095,2,'LOCALIZACAO',4);
INSERT INTO RANKING_VOTOS ( "RANKING", "VOTOS" ) VALUES(44,1095);
INSERT INTO VOTO ( "ID", "NOTA", "TIPO_VOTO", "RESTAURANTE_ID" ) VALUES(1096,1,'ATENDIMENTO',5);
INSERT INTO RANKING_VOTOS ( "RANKING", "VOTOS" ) VALUES(44,1096);
INSERT INTO VOTO ( "ID", "NOTA", "TIPO_VOTO", "RESTAURANTE_ID" ) VALUES(1097,5,'DEMORA',5);
INSERT INTO RANKING_VOTOS ( "RANKING", "VOTOS" ) VALUES(44,1097);
INSERT INTO VOTO ( "ID", "NOTA", "TIPO_VOTO", "RESTAURANTE_ID" ) VALUES(1098,2,'SABOR',5);
INSERT INTO RANKING_VOTOS ( "RANKING", "VOTOS" ) VALUES(44,1098);
INSERT INTO VOTO ( "ID", "NOTA", "TIPO_VOTO", "RESTAURANTE_ID" ) VALUES(1099,3,'PRECO',5);
INSERT INTO RANKING_VOTOS ( "RANKING", "VOTOS" ) VALUES(44,1099);
INSERT INTO VOTO ( "ID", "NOTA", "TIPO_VOTO", "RESTAURANTE_ID" ) VALUES(1100,2,'LOCALIZACAO',5);
INSERT INTO RANKING_VOTOS ( "RANKING", "VOTOS" ) VALUES(44,1100);
INSERT INTO PESSOA ( "ID", "NOME" ) VALUES(45, 'Neville Barrows');
INSERT INTO USUARIO ( "ID", "PESSOA_ID" ) VALUES('superfluid@email.com',45);
INSERT INTO RANKING ( "ID", "USUARIO_ID" ) VALUES (45,'superfluid@email.com');
INSERT INTO VOTO ( "ID", "NOTA", "TIPO_VOTO", "RESTAURANTE_ID" ) VALUES(1101,3,'ATENDIMENTO',1);
INSERT INTO RANKING_VOTOS ( "RANKING", "VOTOS" ) VALUES(45,1101);
INSERT INTO VOTO ( "ID", "NOTA", "TIPO_VOTO", "RESTAURANTE_ID" ) VALUES(1102,3,'DEMORA',1);
INSERT INTO RANKING_VOTOS ( "RANKING", "VOTOS" ) VALUES(45,1102);
INSERT INTO VOTO ( "ID", "NOTA", "TIPO_VOTO", "RESTAURANTE_ID" ) VALUES(1103,4,'SABOR',1);
INSERT INTO RANKING_VOTOS ( "RANKING", "VOTOS" ) VALUES(45,1103);
INSERT INTO VOTO ( "ID", "NOTA", "TIPO_VOTO", "RESTAURANTE_ID" ) VALUES(1104,3,'PRECO',1);
INSERT INTO RANKING_VOTOS ( "RANKING", "VOTOS" ) VALUES(45,1104);
INSERT INTO VOTO ( "ID", "NOTA", "TIPO_VOTO", "RESTAURANTE_ID" ) VALUES(1105,4,'LOCALIZACAO',1);
INSERT INTO RANKING_VOTOS ( "RANKING", "VOTOS" ) VALUES(45,1105);
INSERT INTO VOTO ( "ID", "NOTA", "TIPO_VOTO", "RESTAURANTE_ID" ) VALUES(1106,2,'ATENDIMENTO',2);
INSERT INTO RANKING_VOTOS ( "RANKING", "VOTOS" ) VALUES(45,1106);
INSERT INTO VOTO ( "ID", "NOTA", "TIPO_VOTO", "RESTAURANTE_ID" ) VALUES(1107,1,'DEMORA',2);
INSERT INTO RANKING_VOTOS ( "RANKING", "VOTOS" ) VALUES(45,1107);
INSERT INTO VOTO ( "ID", "NOTA", "TIPO_VOTO", "RESTAURANTE_ID" ) VALUES(1108,2,'SABOR',2);
INSERT INTO RANKING_VOTOS ( "RANKING", "VOTOS" ) VALUES(45,1108);
INSERT INTO VOTO ( "ID", "NOTA", "TIPO_VOTO", "RESTAURANTE_ID" ) VALUES(1109,1,'PRECO',2);
INSERT INTO RANKING_VOTOS ( "RANKING", "VOTOS" ) VALUES(45,1109);
INSERT INTO VOTO ( "ID", "NOTA", "TIPO_VOTO", "RESTAURANTE_ID" ) VALUES(1110,4,'LOCALIZACAO',2);
INSERT INTO RANKING_VOTOS ( "RANKING", "VOTOS" ) VALUES(45,1110);
INSERT INTO VOTO ( "ID", "NOTA", "TIPO_VOTO", "RESTAURANTE_ID" ) VALUES(1111,2,'ATENDIMENTO',3);
INSERT INTO RANKING_VOTOS ( "RANKING", "VOTOS" ) VALUES(45,1111);
INSERT INTO VOTO ( "ID", "NOTA", "TIPO_VOTO", "RESTAURANTE_ID" ) VALUES(1112,5,'DEMORA',3);
INSERT INTO RANKING_VOTOS ( "RANKING", "VOTOS" ) VALUES(45,1112);
INSERT INTO VOTO ( "ID", "NOTA", "TIPO_VOTO", "RESTAURANTE_ID" ) VALUES(1113,4,'SABOR',3);
INSERT INTO RANKING_VOTOS ( "RANKING", "VOTOS" ) VALUES(45,1113);
INSERT INTO VOTO ( "ID", "NOTA", "TIPO_VOTO", "RESTAURANTE_ID" ) VALUES(1114,3,'PRECO',3);
INSERT INTO RANKING_VOTOS ( "RANKING", "VOTOS" ) VALUES(45,1114);
INSERT INTO VOTO ( "ID", "NOTA", "TIPO_VOTO", "RESTAURANTE_ID" ) VALUES(1115,2,'LOCALIZACAO',3);
INSERT INTO RANKING_VOTOS ( "RANKING", "VOTOS" ) VALUES(45,1115);
INSERT INTO VOTO ( "ID", "NOTA", "TIPO_VOTO", "RESTAURANTE_ID" ) VALUES(1116,4,'ATENDIMENTO',4);
INSERT INTO RANKING_VOTOS ( "RANKING", "VOTOS" ) VALUES(45,1116);
INSERT INTO VOTO ( "ID", "NOTA", "TIPO_VOTO", "RESTAURANTE_ID" ) VALUES(1117,2,'DEMORA',4);
INSERT INTO RANKING_VOTOS ( "RANKING", "VOTOS" ) VALUES(45,1117);
INSERT INTO VOTO ( "ID", "NOTA", "TIPO_VOTO", "RESTAURANTE_ID" ) VALUES(1118,3,'SABOR',4);
INSERT INTO RANKING_VOTOS ( "RANKING", "VOTOS" ) VALUES(45,1118);
INSERT INTO VOTO ( "ID", "NOTA", "TIPO_VOTO", "RESTAURANTE_ID" ) VALUES(1119,2,'PRECO',4);
INSERT INTO RANKING_VOTOS ( "RANKING", "VOTOS" ) VALUES(45,1119);
INSERT INTO VOTO ( "ID", "NOTA", "TIPO_VOTO", "RESTAURANTE_ID" ) VALUES(1120,4,'LOCALIZACAO',4);
INSERT INTO RANKING_VOTOS ( "RANKING", "VOTOS" ) VALUES(45,1120);
INSERT INTO VOTO ( "ID", "NOTA", "TIPO_VOTO", "RESTAURANTE_ID" ) VALUES(1121,4,'ATENDIMENTO',5);
INSERT INTO RANKING_VOTOS ( "RANKING", "VOTOS" ) VALUES(45,1121);
INSERT INTO VOTO ( "ID", "NOTA", "TIPO_VOTO", "RESTAURANTE_ID" ) VALUES(1122,5,'DEMORA',5);
INSERT INTO RANKING_VOTOS ( "RANKING", "VOTOS" ) VALUES(45,1122);
INSERT INTO VOTO ( "ID", "NOTA", "TIPO_VOTO", "RESTAURANTE_ID" ) VALUES(1123,3,'SABOR',5);
INSERT INTO RANKING_VOTOS ( "RANKING", "VOTOS" ) VALUES(45,1123);
INSERT INTO VOTO ( "ID", "NOTA", "TIPO_VOTO", "RESTAURANTE_ID" ) VALUES(1124,3,'PRECO',5);
INSERT INTO RANKING_VOTOS ( "RANKING", "VOTOS" ) VALUES(45,1124);
INSERT INTO VOTO ( "ID", "NOTA", "TIPO_VOTO", "RESTAURANTE_ID" ) VALUES(1125,1,'LOCALIZACAO',5);
INSERT INTO RANKING_VOTOS ( "RANKING", "VOTOS" ) VALUES(45,1125);
INSERT INTO PESSOA ( "ID", "NOME" ) VALUES(46, 'Johnson Streich');
INSERT INTO USUARIO ( "ID", "PESSOA_ID" ) VALUES('packsaddle@email.com',46);
INSERT INTO RANKING ( "ID", "USUARIO_ID" ) VALUES (46,'packsaddle@email.com');
INSERT INTO VOTO ( "ID", "NOTA", "TIPO_VOTO", "RESTAURANTE_ID" ) VALUES(1126,5,'ATENDIMENTO',1);
INSERT INTO RANKING_VOTOS ( "RANKING", "VOTOS" ) VALUES(46,1126);
INSERT INTO VOTO ( "ID", "NOTA", "TIPO_VOTO", "RESTAURANTE_ID" ) VALUES(1127,2,'DEMORA',1);
INSERT INTO RANKING_VOTOS ( "RANKING", "VOTOS" ) VALUES(46,1127);
INSERT INTO VOTO ( "ID", "NOTA", "TIPO_VOTO", "RESTAURANTE_ID" ) VALUES(1128,1,'SABOR',1);
INSERT INTO RANKING_VOTOS ( "RANKING", "VOTOS" ) VALUES(46,1128);
INSERT INTO VOTO ( "ID", "NOTA", "TIPO_VOTO", "RESTAURANTE_ID" ) VALUES(1129,5,'PRECO',1);
INSERT INTO RANKING_VOTOS ( "RANKING", "VOTOS" ) VALUES(46,1129);
INSERT INTO VOTO ( "ID", "NOTA", "TIPO_VOTO", "RESTAURANTE_ID" ) VALUES(1130,4,'LOCALIZACAO',1);
INSERT INTO RANKING_VOTOS ( "RANKING", "VOTOS" ) VALUES(46,1130);
INSERT INTO VOTO ( "ID", "NOTA", "TIPO_VOTO", "RESTAURANTE_ID" ) VALUES(1131,3,'ATENDIMENTO',2);
INSERT INTO RANKING_VOTOS ( "RANKING", "VOTOS" ) VALUES(46,1131);
INSERT INTO VOTO ( "ID", "NOTA", "TIPO_VOTO", "RESTAURANTE_ID" ) VALUES(1132,2,'DEMORA',2);
INSERT INTO RANKING_VOTOS ( "RANKING", "VOTOS" ) VALUES(46,1132);
INSERT INTO VOTO ( "ID", "NOTA", "TIPO_VOTO", "RESTAURANTE_ID" ) VALUES(1133,5,'SABOR',2);
INSERT INTO RANKING_VOTOS ( "RANKING", "VOTOS" ) VALUES(46,1133);
INSERT INTO VOTO ( "ID", "NOTA", "TIPO_VOTO", "RESTAURANTE_ID" ) VALUES(1134,5,'PRECO',2);
INSERT INTO RANKING_VOTOS ( "RANKING", "VOTOS" ) VALUES(46,1134);
INSERT INTO VOTO ( "ID", "NOTA", "TIPO_VOTO", "RESTAURANTE_ID" ) VALUES(1135,3,'LOCALIZACAO',2);
INSERT INTO RANKING_VOTOS ( "RANKING", "VOTOS" ) VALUES(46,1135);
INSERT INTO VOTO ( "ID", "NOTA", "TIPO_VOTO", "RESTAURANTE_ID" ) VALUES(1136,2,'ATENDIMENTO',3);
INSERT INTO RANKING_VOTOS ( "RANKING", "VOTOS" ) VALUES(46,1136);
INSERT INTO VOTO ( "ID", "NOTA", "TIPO_VOTO", "RESTAURANTE_ID" ) VALUES(1137,4,'DEMORA',3);
INSERT INTO RANKING_VOTOS ( "RANKING", "VOTOS" ) VALUES(46,1137);
INSERT INTO VOTO ( "ID", "NOTA", "TIPO_VOTO", "RESTAURANTE_ID" ) VALUES(1138,3,'SABOR',3);
INSERT INTO RANKING_VOTOS ( "RANKING", "VOTOS" ) VALUES(46,1138);
INSERT INTO VOTO ( "ID", "NOTA", "TIPO_VOTO", "RESTAURANTE_ID" ) VALUES(1139,3,'PRECO',3);
INSERT INTO RANKING_VOTOS ( "RANKING", "VOTOS" ) VALUES(46,1139);
INSERT INTO VOTO ( "ID", "NOTA", "TIPO_VOTO", "RESTAURANTE_ID" ) VALUES(1140,2,'LOCALIZACAO',3);
INSERT INTO RANKING_VOTOS ( "RANKING", "VOTOS" ) VALUES(46,1140);
INSERT INTO VOTO ( "ID", "NOTA", "TIPO_VOTO", "RESTAURANTE_ID" ) VALUES(1141,3,'ATENDIMENTO',4);
INSERT INTO RANKING_VOTOS ( "RANKING", "VOTOS" ) VALUES(46,1141);
INSERT INTO VOTO ( "ID", "NOTA", "TIPO_VOTO", "RESTAURANTE_ID" ) VALUES(1142,2,'DEMORA',4);
INSERT INTO RANKING_VOTOS ( "RANKING", "VOTOS" ) VALUES(46,1142);
INSERT INTO VOTO ( "ID", "NOTA", "TIPO_VOTO", "RESTAURANTE_ID" ) VALUES(1143,4,'SABOR',4);
INSERT INTO RANKING_VOTOS ( "RANKING", "VOTOS" ) VALUES(46,1143);
INSERT INTO VOTO ( "ID", "NOTA", "TIPO_VOTO", "RESTAURANTE_ID" ) VALUES(1144,1,'PRECO',4);
INSERT INTO RANKING_VOTOS ( "RANKING", "VOTOS" ) VALUES(46,1144);
INSERT INTO VOTO ( "ID", "NOTA", "TIPO_VOTO", "RESTAURANTE_ID" ) VALUES(1145,1,'LOCALIZACAO',4);
INSERT INTO RANKING_VOTOS ( "RANKING", "VOTOS" ) VALUES(46,1145);
INSERT INTO VOTO ( "ID", "NOTA", "TIPO_VOTO", "RESTAURANTE_ID" ) VALUES(1146,3,'ATENDIMENTO',5);
INSERT INTO RANKING_VOTOS ( "RANKING", "VOTOS" ) VALUES(46,1146);
INSERT INTO VOTO ( "ID", "NOTA", "TIPO_VOTO", "RESTAURANTE_ID" ) VALUES(1147,2,'DEMORA',5);
INSERT INTO RANKING_VOTOS ( "RANKING", "VOTOS" ) VALUES(46,1147);
INSERT INTO VOTO ( "ID", "NOTA", "TIPO_VOTO", "RESTAURANTE_ID" ) VALUES(1148,1,'SABOR',5);
INSERT INTO RANKING_VOTOS ( "RANKING", "VOTOS" ) VALUES(46,1148);
INSERT INTO VOTO ( "ID", "NOTA", "TIPO_VOTO", "RESTAURANTE_ID" ) VALUES(1149,3,'PRECO',5);
INSERT INTO RANKING_VOTOS ( "RANKING", "VOTOS" ) VALUES(46,1149);
INSERT INTO VOTO ( "ID", "NOTA", "TIPO_VOTO", "RESTAURANTE_ID" ) VALUES(1150,3,'LOCALIZACAO',5);
INSERT INTO RANKING_VOTOS ( "RANKING", "VOTOS" ) VALUES(46,1150);
INSERT INTO PESSOA ( "ID", "NOME" ) VALUES(47, 'Dewayne Bernier');
INSERT INTO USUARIO ( "ID", "PESSOA_ID" ) VALUES('tonometers@email.com',47);
INSERT INTO RANKING ( "ID", "USUARIO_ID" ) VALUES (47,'tonometers@email.com');
INSERT INTO VOTO ( "ID", "NOTA", "TIPO_VOTO", "RESTAURANTE_ID" ) VALUES(1151,2,'ATENDIMENTO',1);
INSERT INTO RANKING_VOTOS ( "RANKING", "VOTOS" ) VALUES(47,1151);
INSERT INTO VOTO ( "ID", "NOTA", "TIPO_VOTO", "RESTAURANTE_ID" ) VALUES(1152,1,'DEMORA',1);
INSERT INTO RANKING_VOTOS ( "RANKING", "VOTOS" ) VALUES(47,1152);
INSERT INTO VOTO ( "ID", "NOTA", "TIPO_VOTO", "RESTAURANTE_ID" ) VALUES(1153,4,'SABOR',1);
INSERT INTO RANKING_VOTOS ( "RANKING", "VOTOS" ) VALUES(47,1153);
INSERT INTO VOTO ( "ID", "NOTA", "TIPO_VOTO", "RESTAURANTE_ID" ) VALUES(1154,5,'PRECO',1);
INSERT INTO RANKING_VOTOS ( "RANKING", "VOTOS" ) VALUES(47,1154);
INSERT INTO VOTO ( "ID", "NOTA", "TIPO_VOTO", "RESTAURANTE_ID" ) VALUES(1155,1,'LOCALIZACAO',1);
INSERT INTO RANKING_VOTOS ( "RANKING", "VOTOS" ) VALUES(47,1155);
INSERT INTO VOTO ( "ID", "NOTA", "TIPO_VOTO", "RESTAURANTE_ID" ) VALUES(1156,4,'ATENDIMENTO',2);
INSERT INTO RANKING_VOTOS ( "RANKING", "VOTOS" ) VALUES(47,1156);
INSERT INTO VOTO ( "ID", "NOTA", "TIPO_VOTO", "RESTAURANTE_ID" ) VALUES(1157,4,'DEMORA',2);
INSERT INTO RANKING_VOTOS ( "RANKING", "VOTOS" ) VALUES(47,1157);
INSERT INTO VOTO ( "ID", "NOTA", "TIPO_VOTO", "RESTAURANTE_ID" ) VALUES(1158,5,'SABOR',2);
INSERT INTO RANKING_VOTOS ( "RANKING", "VOTOS" ) VALUES(47,1158);
INSERT INTO VOTO ( "ID", "NOTA", "TIPO_VOTO", "RESTAURANTE_ID" ) VALUES(1159,4,'PRECO',2);
INSERT INTO RANKING_VOTOS ( "RANKING", "VOTOS" ) VALUES(47,1159);
INSERT INTO VOTO ( "ID", "NOTA", "TIPO_VOTO", "RESTAURANTE_ID" ) VALUES(1160,2,'LOCALIZACAO',2);
INSERT INTO RANKING_VOTOS ( "RANKING", "VOTOS" ) VALUES(47,1160);
INSERT INTO VOTO ( "ID", "NOTA", "TIPO_VOTO", "RESTAURANTE_ID" ) VALUES(1161,4,'ATENDIMENTO',3);
INSERT INTO RANKING_VOTOS ( "RANKING", "VOTOS" ) VALUES(47,1161);
INSERT INTO VOTO ( "ID", "NOTA", "TIPO_VOTO", "RESTAURANTE_ID" ) VALUES(1162,5,'DEMORA',3);
INSERT INTO RANKING_VOTOS ( "RANKING", "VOTOS" ) VALUES(47,1162);
INSERT INTO VOTO ( "ID", "NOTA", "TIPO_VOTO", "RESTAURANTE_ID" ) VALUES(1163,1,'SABOR',3);
INSERT INTO RANKING_VOTOS ( "RANKING", "VOTOS" ) VALUES(47,1163);
INSERT INTO VOTO ( "ID", "NOTA", "TIPO_VOTO", "RESTAURANTE_ID" ) VALUES(1164,3,'PRECO',3);
INSERT INTO RANKING_VOTOS ( "RANKING", "VOTOS" ) VALUES(47,1164);
INSERT INTO VOTO ( "ID", "NOTA", "TIPO_VOTO", "RESTAURANTE_ID" ) VALUES(1165,1,'LOCALIZACAO',3);
INSERT INTO RANKING_VOTOS ( "RANKING", "VOTOS" ) VALUES(47,1165);
INSERT INTO VOTO ( "ID", "NOTA", "TIPO_VOTO", "RESTAURANTE_ID" ) VALUES(1166,2,'ATENDIMENTO',4);
INSERT INTO RANKING_VOTOS ( "RANKING", "VOTOS" ) VALUES(47,1166);
INSERT INTO VOTO ( "ID", "NOTA", "TIPO_VOTO", "RESTAURANTE_ID" ) VALUES(1167,1,'DEMORA',4);
INSERT INTO RANKING_VOTOS ( "RANKING", "VOTOS" ) VALUES(47,1167);
INSERT INTO VOTO ( "ID", "NOTA", "TIPO_VOTO", "RESTAURANTE_ID" ) VALUES(1168,3,'SABOR',4);
INSERT INTO RANKING_VOTOS ( "RANKING", "VOTOS" ) VALUES(47,1168);
INSERT INTO VOTO ( "ID", "NOTA", "TIPO_VOTO", "RESTAURANTE_ID" ) VALUES(1169,1,'PRECO',4);
INSERT INTO RANKING_VOTOS ( "RANKING", "VOTOS" ) VALUES(47,1169);
INSERT INTO VOTO ( "ID", "NOTA", "TIPO_VOTO", "RESTAURANTE_ID" ) VALUES(1170,2,'LOCALIZACAO',4);
INSERT INTO RANKING_VOTOS ( "RANKING", "VOTOS" ) VALUES(47,1170);
INSERT INTO VOTO ( "ID", "NOTA", "TIPO_VOTO", "RESTAURANTE_ID" ) VALUES(1171,3,'ATENDIMENTO',5);
INSERT INTO RANKING_VOTOS ( "RANKING", "VOTOS" ) VALUES(47,1171);
INSERT INTO VOTO ( "ID", "NOTA", "TIPO_VOTO", "RESTAURANTE_ID" ) VALUES(1172,5,'DEMORA',5);
INSERT INTO RANKING_VOTOS ( "RANKING", "VOTOS" ) VALUES(47,1172);
INSERT INTO VOTO ( "ID", "NOTA", "TIPO_VOTO", "RESTAURANTE_ID" ) VALUES(1173,2,'SABOR',5);
INSERT INTO RANKING_VOTOS ( "RANKING", "VOTOS" ) VALUES(47,1173);
INSERT INTO VOTO ( "ID", "NOTA", "TIPO_VOTO", "RESTAURANTE_ID" ) VALUES(1174,3,'PRECO',5);
INSERT INTO RANKING_VOTOS ( "RANKING", "VOTOS" ) VALUES(47,1174);
INSERT INTO VOTO ( "ID", "NOTA", "TIPO_VOTO", "RESTAURANTE_ID" ) VALUES(1175,2,'LOCALIZACAO',5);
INSERT INTO RANKING_VOTOS ( "RANKING", "VOTOS" ) VALUES(47,1175);
INSERT INTO PESSOA ( "ID", "NOME" ) VALUES(48, 'Damaris Murazik');
INSERT INTO USUARIO ( "ID", "PESSOA_ID" ) VALUES('lederhosen@email.com',48);
INSERT INTO RANKING ( "ID", "USUARIO_ID" ) VALUES (48,'lederhosen@email.com');
INSERT INTO VOTO ( "ID", "NOTA", "TIPO_VOTO", "RESTAURANTE_ID" ) VALUES(1176,5,'ATENDIMENTO',1);
INSERT INTO RANKING_VOTOS ( "RANKING", "VOTOS" ) VALUES(48,1176);
INSERT INTO VOTO ( "ID", "NOTA", "TIPO_VOTO", "RESTAURANTE_ID" ) VALUES(1177,3,'DEMORA',1);
INSERT INTO RANKING_VOTOS ( "RANKING", "VOTOS" ) VALUES(48,1177);
INSERT INTO VOTO ( "ID", "NOTA", "TIPO_VOTO", "RESTAURANTE_ID" ) VALUES(1178,1,'SABOR',1);
INSERT INTO RANKING_VOTOS ( "RANKING", "VOTOS" ) VALUES(48,1178);
INSERT INTO VOTO ( "ID", "NOTA", "TIPO_VOTO", "RESTAURANTE_ID" ) VALUES(1179,4,'PRECO',1);
INSERT INTO RANKING_VOTOS ( "RANKING", "VOTOS" ) VALUES(48,1179);
INSERT INTO VOTO ( "ID", "NOTA", "TIPO_VOTO", "RESTAURANTE_ID" ) VALUES(1180,2,'LOCALIZACAO',1);
INSERT INTO RANKING_VOTOS ( "RANKING", "VOTOS" ) VALUES(48,1180);
INSERT INTO VOTO ( "ID", "NOTA", "TIPO_VOTO", "RESTAURANTE_ID" ) VALUES(1181,3,'ATENDIMENTO',2);
INSERT INTO RANKING_VOTOS ( "RANKING", "VOTOS" ) VALUES(48,1181);
INSERT INTO VOTO ( "ID", "NOTA", "TIPO_VOTO", "RESTAURANTE_ID" ) VALUES(1182,3,'DEMORA',2);
INSERT INTO RANKING_VOTOS ( "RANKING", "VOTOS" ) VALUES(48,1182);
INSERT INTO VOTO ( "ID", "NOTA", "TIPO_VOTO", "RESTAURANTE_ID" ) VALUES(1183,2,'SABOR',2);
INSERT INTO RANKING_VOTOS ( "RANKING", "VOTOS" ) VALUES(48,1183);
INSERT INTO VOTO ( "ID", "NOTA", "TIPO_VOTO", "RESTAURANTE_ID" ) VALUES(1184,5,'PRECO',2);
INSERT INTO RANKING_VOTOS ( "RANKING", "VOTOS" ) VALUES(48,1184);
INSERT INTO VOTO ( "ID", "NOTA", "TIPO_VOTO", "RESTAURANTE_ID" ) VALUES(1185,5,'LOCALIZACAO',2);
INSERT INTO RANKING_VOTOS ( "RANKING", "VOTOS" ) VALUES(48,1185);
INSERT INTO VOTO ( "ID", "NOTA", "TIPO_VOTO", "RESTAURANTE_ID" ) VALUES(1186,2,'ATENDIMENTO',3);
INSERT INTO RANKING_VOTOS ( "RANKING", "VOTOS" ) VALUES(48,1186);
INSERT INTO VOTO ( "ID", "NOTA", "TIPO_VOTO", "RESTAURANTE_ID" ) VALUES(1187,2,'DEMORA',3);
INSERT INTO RANKING_VOTOS ( "RANKING", "VOTOS" ) VALUES(48,1187);
INSERT INTO VOTO ( "ID", "NOTA", "TIPO_VOTO", "RESTAURANTE_ID" ) VALUES(1188,5,'SABOR',3);
INSERT INTO RANKING_VOTOS ( "RANKING", "VOTOS" ) VALUES(48,1188);
INSERT INTO VOTO ( "ID", "NOTA", "TIPO_VOTO", "RESTAURANTE_ID" ) VALUES(1189,2,'PRECO',3);
INSERT INTO RANKING_VOTOS ( "RANKING", "VOTOS" ) VALUES(48,1189);
INSERT INTO VOTO ( "ID", "NOTA", "TIPO_VOTO", "RESTAURANTE_ID" ) VALUES(1190,4,'LOCALIZACAO',3);
INSERT INTO RANKING_VOTOS ( "RANKING", "VOTOS" ) VALUES(48,1190);
INSERT INTO VOTO ( "ID", "NOTA", "TIPO_VOTO", "RESTAURANTE_ID" ) VALUES(1191,5,'ATENDIMENTO',4);
INSERT INTO RANKING_VOTOS ( "RANKING", "VOTOS" ) VALUES(48,1191);
INSERT INTO VOTO ( "ID", "NOTA", "TIPO_VOTO", "RESTAURANTE_ID" ) VALUES(1192,4,'DEMORA',4);
INSERT INTO RANKING_VOTOS ( "RANKING", "VOTOS" ) VALUES(48,1192);
INSERT INTO VOTO ( "ID", "NOTA", "TIPO_VOTO", "RESTAURANTE_ID" ) VALUES(1193,5,'SABOR',4);
INSERT INTO RANKING_VOTOS ( "RANKING", "VOTOS" ) VALUES(48,1193);
INSERT INTO VOTO ( "ID", "NOTA", "TIPO_VOTO", "RESTAURANTE_ID" ) VALUES(1194,3,'PRECO',4);
INSERT INTO RANKING_VOTOS ( "RANKING", "VOTOS" ) VALUES(48,1194);
INSERT INTO VOTO ( "ID", "NOTA", "TIPO_VOTO", "RESTAURANTE_ID" ) VALUES(1195,5,'LOCALIZACAO',4);
INSERT INTO RANKING_VOTOS ( "RANKING", "VOTOS" ) VALUES(48,1195);
INSERT INTO VOTO ( "ID", "NOTA", "TIPO_VOTO", "RESTAURANTE_ID" ) VALUES(1196,3,'ATENDIMENTO',5);
INSERT INTO RANKING_VOTOS ( "RANKING", "VOTOS" ) VALUES(48,1196);
INSERT INTO VOTO ( "ID", "NOTA", "TIPO_VOTO", "RESTAURANTE_ID" ) VALUES(1197,5,'DEMORA',5);
INSERT INTO RANKING_VOTOS ( "RANKING", "VOTOS" ) VALUES(48,1197);
INSERT INTO VOTO ( "ID", "NOTA", "TIPO_VOTO", "RESTAURANTE_ID" ) VALUES(1198,4,'SABOR',5);
INSERT INTO RANKING_VOTOS ( "RANKING", "VOTOS" ) VALUES(48,1198);
INSERT INTO VOTO ( "ID", "NOTA", "TIPO_VOTO", "RESTAURANTE_ID" ) VALUES(1199,5,'PRECO',5);
INSERT INTO RANKING_VOTOS ( "RANKING", "VOTOS" ) VALUES(48,1199);
INSERT INTO VOTO ( "ID", "NOTA", "TIPO_VOTO", "RESTAURANTE_ID" ) VALUES(1200,1,'LOCALIZACAO',5);
INSERT INTO RANKING_VOTOS ( "RANKING", "VOTOS" ) VALUES(48,1200);
INSERT INTO PESSOA ( "ID", "NOME" ) VALUES(49, 'Derrick Abshire');
INSERT INTO USUARIO ( "ID", "PESSOA_ID" ) VALUES('misprizing@email.com',49);
INSERT INTO RANKING ( "ID", "USUARIO_ID" ) VALUES (49,'misprizing@email.com');
INSERT INTO VOTO ( "ID", "NOTA", "TIPO_VOTO", "RESTAURANTE_ID" ) VALUES(1201,3,'ATENDIMENTO',1);
INSERT INTO RANKING_VOTOS ( "RANKING", "VOTOS" ) VALUES(49,1201);
INSERT INTO VOTO ( "ID", "NOTA", "TIPO_VOTO", "RESTAURANTE_ID" ) VALUES(1202,4,'DEMORA',1);
INSERT INTO RANKING_VOTOS ( "RANKING", "VOTOS" ) VALUES(49,1202);
INSERT INTO VOTO ( "ID", "NOTA", "TIPO_VOTO", "RESTAURANTE_ID" ) VALUES(1203,1,'SABOR',1);
INSERT INTO RANKING_VOTOS ( "RANKING", "VOTOS" ) VALUES(49,1203);
INSERT INTO VOTO ( "ID", "NOTA", "TIPO_VOTO", "RESTAURANTE_ID" ) VALUES(1204,2,'PRECO',1);
INSERT INTO RANKING_VOTOS ( "RANKING", "VOTOS" ) VALUES(49,1204);
INSERT INTO VOTO ( "ID", "NOTA", "TIPO_VOTO", "RESTAURANTE_ID" ) VALUES(1205,5,'LOCALIZACAO',1);
INSERT INTO RANKING_VOTOS ( "RANKING", "VOTOS" ) VALUES(49,1205);
INSERT INTO VOTO ( "ID", "NOTA", "TIPO_VOTO", "RESTAURANTE_ID" ) VALUES(1206,5,'ATENDIMENTO',2);
INSERT INTO RANKING_VOTOS ( "RANKING", "VOTOS" ) VALUES(49,1206);
INSERT INTO VOTO ( "ID", "NOTA", "TIPO_VOTO", "RESTAURANTE_ID" ) VALUES(1207,1,'DEMORA',2);
INSERT INTO RANKING_VOTOS ( "RANKING", "VOTOS" ) VALUES(49,1207);
INSERT INTO VOTO ( "ID", "NOTA", "TIPO_VOTO", "RESTAURANTE_ID" ) VALUES(1208,5,'SABOR',2);
INSERT INTO RANKING_VOTOS ( "RANKING", "VOTOS" ) VALUES(49,1208);
INSERT INTO VOTO ( "ID", "NOTA", "TIPO_VOTO", "RESTAURANTE_ID" ) VALUES(1209,5,'PRECO',2);
INSERT INTO RANKING_VOTOS ( "RANKING", "VOTOS" ) VALUES(49,1209);
INSERT INTO VOTO ( "ID", "NOTA", "TIPO_VOTO", "RESTAURANTE_ID" ) VALUES(1210,3,'LOCALIZACAO',2);
INSERT INTO RANKING_VOTOS ( "RANKING", "VOTOS" ) VALUES(49,1210);
INSERT INTO VOTO ( "ID", "NOTA", "TIPO_VOTO", "RESTAURANTE_ID" ) VALUES(1211,4,'ATENDIMENTO',3);
INSERT INTO RANKING_VOTOS ( "RANKING", "VOTOS" ) VALUES(49,1211);
INSERT INTO VOTO ( "ID", "NOTA", "TIPO_VOTO", "RESTAURANTE_ID" ) VALUES(1212,1,'DEMORA',3);
INSERT INTO RANKING_VOTOS ( "RANKING", "VOTOS" ) VALUES(49,1212);
INSERT INTO VOTO ( "ID", "NOTA", "TIPO_VOTO", "RESTAURANTE_ID" ) VALUES(1213,2,'SABOR',3);
INSERT INTO RANKING_VOTOS ( "RANKING", "VOTOS" ) VALUES(49,1213);
INSERT INTO VOTO ( "ID", "NOTA", "TIPO_VOTO", "RESTAURANTE_ID" ) VALUES(1214,2,'PRECO',3);
INSERT INTO RANKING_VOTOS ( "RANKING", "VOTOS" ) VALUES(49,1214);
INSERT INTO VOTO ( "ID", "NOTA", "TIPO_VOTO", "RESTAURANTE_ID" ) VALUES(1215,1,'LOCALIZACAO',3);
INSERT INTO RANKING_VOTOS ( "RANKING", "VOTOS" ) VALUES(49,1215);
INSERT INTO VOTO ( "ID", "NOTA", "TIPO_VOTO", "RESTAURANTE_ID" ) VALUES(1216,3,'ATENDIMENTO',4);
INSERT INTO RANKING_VOTOS ( "RANKING", "VOTOS" ) VALUES(49,1216);
INSERT INTO VOTO ( "ID", "NOTA", "TIPO_VOTO", "RESTAURANTE_ID" ) VALUES(1217,4,'DEMORA',4);
INSERT INTO RANKING_VOTOS ( "RANKING", "VOTOS" ) VALUES(49,1217);
INSERT INTO VOTO ( "ID", "NOTA", "TIPO_VOTO", "RESTAURANTE_ID" ) VALUES(1218,1,'SABOR',4);
INSERT INTO RANKING_VOTOS ( "RANKING", "VOTOS" ) VALUES(49,1218);
INSERT INTO VOTO ( "ID", "NOTA", "TIPO_VOTO", "RESTAURANTE_ID" ) VALUES(1219,4,'PRECO',4);
INSERT INTO RANKING_VOTOS ( "RANKING", "VOTOS" ) VALUES(49,1219);
INSERT INTO VOTO ( "ID", "NOTA", "TIPO_VOTO", "RESTAURANTE_ID" ) VALUES(1220,5,'LOCALIZACAO',4);
INSERT INTO RANKING_VOTOS ( "RANKING", "VOTOS" ) VALUES(49,1220);
INSERT INTO VOTO ( "ID", "NOTA", "TIPO_VOTO", "RESTAURANTE_ID" ) VALUES(1221,1,'ATENDIMENTO',5);
INSERT INTO RANKING_VOTOS ( "RANKING", "VOTOS" ) VALUES(49,1221);
INSERT INTO VOTO ( "ID", "NOTA", "TIPO_VOTO", "RESTAURANTE_ID" ) VALUES(1222,2,'DEMORA',5);
INSERT INTO RANKING_VOTOS ( "RANKING", "VOTOS" ) VALUES(49,1222);
INSERT INTO VOTO ( "ID", "NOTA", "TIPO_VOTO", "RESTAURANTE_ID" ) VALUES(1223,2,'SABOR',5);
INSERT INTO RANKING_VOTOS ( "RANKING", "VOTOS" ) VALUES(49,1223);
INSERT INTO VOTO ( "ID", "NOTA", "TIPO_VOTO", "RESTAURANTE_ID" ) VALUES(1224,4,'PRECO',5);
INSERT INTO RANKING_VOTOS ( "RANKING", "VOTOS" ) VALUES(49,1224);
INSERT INTO VOTO ( "ID", "NOTA", "TIPO_VOTO", "RESTAURANTE_ID" ) VALUES(1225,1,'LOCALIZACAO',5);
INSERT INTO RANKING_VOTOS ( "RANKING", "VOTOS" ) VALUES(49,1225);
INSERT INTO PESSOA ( "ID", "NOME" ) VALUES(50, 'Jacquie Stroman');
INSERT INTO USUARIO ( "ID", "PESSOA_ID" ) VALUES('lampoonery@email.com',50);
INSERT INTO RANKING ( "ID", "USUARIO_ID" ) VALUES (50,'lampoonery@email.com');
INSERT INTO VOTO ( "ID", "NOTA", "TIPO_VOTO", "RESTAURANTE_ID" ) VALUES(1226,1,'ATENDIMENTO',1);
INSERT INTO RANKING_VOTOS ( "RANKING", "VOTOS" ) VALUES(50,1226);
INSERT INTO VOTO ( "ID", "NOTA", "TIPO_VOTO", "RESTAURANTE_ID" ) VALUES(1227,5,'DEMORA',1);
INSERT INTO RANKING_VOTOS ( "RANKING", "VOTOS" ) VALUES(50,1227);
INSERT INTO VOTO ( "ID", "NOTA", "TIPO_VOTO", "RESTAURANTE_ID" ) VALUES(1228,3,'SABOR',1);
INSERT INTO RANKING_VOTOS ( "RANKING", "VOTOS" ) VALUES(50,1228);
INSERT INTO VOTO ( "ID", "NOTA", "TIPO_VOTO", "RESTAURANTE_ID" ) VALUES(1229,3,'PRECO',1);
INSERT INTO RANKING_VOTOS ( "RANKING", "VOTOS" ) VALUES(50,1229);
INSERT INTO VOTO ( "ID", "NOTA", "TIPO_VOTO", "RESTAURANTE_ID" ) VALUES(1230,2,'LOCALIZACAO',1);
INSERT INTO RANKING_VOTOS ( "RANKING", "VOTOS" ) VALUES(50,1230);
INSERT INTO VOTO ( "ID", "NOTA", "TIPO_VOTO", "RESTAURANTE_ID" ) VALUES(1231,2,'ATENDIMENTO',2);
INSERT INTO RANKING_VOTOS ( "RANKING", "VOTOS" ) VALUES(50,1231);
INSERT INTO VOTO ( "ID", "NOTA", "TIPO_VOTO", "RESTAURANTE_ID" ) VALUES(1232,4,'DEMORA',2);
INSERT INTO RANKING_VOTOS ( "RANKING", "VOTOS" ) VALUES(50,1232);
INSERT INTO VOTO ( "ID", "NOTA", "TIPO_VOTO", "RESTAURANTE_ID" ) VALUES(1233,1,'SABOR',2);
INSERT INTO RANKING_VOTOS ( "RANKING", "VOTOS" ) VALUES(50,1233);
INSERT INTO VOTO ( "ID", "NOTA", "TIPO_VOTO", "RESTAURANTE_ID" ) VALUES(1234,5,'PRECO',2);
INSERT INTO RANKING_VOTOS ( "RANKING", "VOTOS" ) VALUES(50,1234);
INSERT INTO VOTO ( "ID", "NOTA", "TIPO_VOTO", "RESTAURANTE_ID" ) VALUES(1235,1,'LOCALIZACAO',2);
INSERT INTO RANKING_VOTOS ( "RANKING", "VOTOS" ) VALUES(50,1235);
INSERT INTO VOTO ( "ID", "NOTA", "TIPO_VOTO", "RESTAURANTE_ID" ) VALUES(1236,3,'ATENDIMENTO',3);
INSERT INTO RANKING_VOTOS ( "RANKING", "VOTOS" ) VALUES(50,1236);
INSERT INTO VOTO ( "ID", "NOTA", "TIPO_VOTO", "RESTAURANTE_ID" ) VALUES(1237,5,'DEMORA',3);
INSERT INTO RANKING_VOTOS ( "RANKING", "VOTOS" ) VALUES(50,1237);
INSERT INTO VOTO ( "ID", "NOTA", "TIPO_VOTO", "RESTAURANTE_ID" ) VALUES(1238,5,'SABOR',3);
INSERT INTO RANKING_VOTOS ( "RANKING", "VOTOS" ) VALUES(50,1238);
INSERT INTO VOTO ( "ID", "NOTA", "TIPO_VOTO", "RESTAURANTE_ID" ) VALUES(1239,2,'PRECO',3);
INSERT INTO RANKING_VOTOS ( "RANKING", "VOTOS" ) VALUES(50,1239);
INSERT INTO VOTO ( "ID", "NOTA", "TIPO_VOTO", "RESTAURANTE_ID" ) VALUES(1240,1,'LOCALIZACAO',3);
INSERT INTO RANKING_VOTOS ( "RANKING", "VOTOS" ) VALUES(50,1240);
INSERT INTO VOTO ( "ID", "NOTA", "TIPO_VOTO", "RESTAURANTE_ID" ) VALUES(1241,3,'ATENDIMENTO',4);
INSERT INTO RANKING_VOTOS ( "RANKING", "VOTOS" ) VALUES(50,1241);
INSERT INTO VOTO ( "ID", "NOTA", "TIPO_VOTO", "RESTAURANTE_ID" ) VALUES(1242,2,'DEMORA',4);
INSERT INTO RANKING_VOTOS ( "RANKING", "VOTOS" ) VALUES(50,1242);
INSERT INTO VOTO ( "ID", "NOTA", "TIPO_VOTO", "RESTAURANTE_ID" ) VALUES(1243,3,'SABOR',4);
INSERT INTO RANKING_VOTOS ( "RANKING", "VOTOS" ) VALUES(50,1243);
INSERT INTO VOTO ( "ID", "NOTA", "TIPO_VOTO", "RESTAURANTE_ID" ) VALUES(1244,2,'PRECO',4);
INSERT INTO RANKING_VOTOS ( "RANKING", "VOTOS" ) VALUES(50,1244);
INSERT INTO VOTO ( "ID", "NOTA", "TIPO_VOTO", "RESTAURANTE_ID" ) VALUES(1245,2,'LOCALIZACAO',4);
INSERT INTO RANKING_VOTOS ( "RANKING", "VOTOS" ) VALUES(50,1245);
INSERT INTO VOTO ( "ID", "NOTA", "TIPO_VOTO", "RESTAURANTE_ID" ) VALUES(1246,3,'ATENDIMENTO',5);
INSERT INTO RANKING_VOTOS ( "RANKING", "VOTOS" ) VALUES(50,1246);
INSERT INTO VOTO ( "ID", "NOTA", "TIPO_VOTO", "RESTAURANTE_ID" ) VALUES(1247,1,'DEMORA',5);
INSERT INTO RANKING_VOTOS ( "RANKING", "VOTOS" ) VALUES(50,1247);
INSERT INTO VOTO ( "ID", "NOTA", "TIPO_VOTO", "RESTAURANTE_ID" ) VALUES(1248,2,'SABOR',5);
INSERT INTO RANKING_VOTOS ( "RANKING", "VOTOS" ) VALUES(50,1248);
INSERT INTO VOTO ( "ID", "NOTA", "TIPO_VOTO", "RESTAURANTE_ID" ) VALUES(1249,1,'PRECO',5);
INSERT INTO RANKING_VOTOS ( "RANKING", "VOTOS" ) VALUES(50,1249);
INSERT INTO VOTO ( "ID", "NOTA", "TIPO_VOTO", "RESTAURANTE_ID" ) VALUES(1250,1,'LOCALIZACAO',5);
INSERT INTO RANKING_VOTOS ( "RANKING", "VOTOS" ) VALUES(50,1250);
INSERT INTO PESSOA ( "ID", "NOME" ) VALUES(51, 'Stanton Roberts');
INSERT INTO USUARIO ( "ID", "PESSOA_ID" ) VALUES('derrickmen@email.com',51);
INSERT INTO RANKING ( "ID", "USUARIO_ID" ) VALUES (51,'derrickmen@email.com');
INSERT INTO VOTO ( "ID", "NOTA", "TIPO_VOTO", "RESTAURANTE_ID" ) VALUES(1251,1,'ATENDIMENTO',1);
INSERT INTO RANKING_VOTOS ( "RANKING", "VOTOS" ) VALUES(51,1251);
INSERT INTO VOTO ( "ID", "NOTA", "TIPO_VOTO", "RESTAURANTE_ID" ) VALUES(1252,3,'DEMORA',1);
INSERT INTO RANKING_VOTOS ( "RANKING", "VOTOS" ) VALUES(51,1252);
INSERT INTO VOTO ( "ID", "NOTA", "TIPO_VOTO", "RESTAURANTE_ID" ) VALUES(1253,3,'SABOR',1);
INSERT INTO RANKING_VOTOS ( "RANKING", "VOTOS" ) VALUES(51,1253);
INSERT INTO VOTO ( "ID", "NOTA", "TIPO_VOTO", "RESTAURANTE_ID" ) VALUES(1254,3,'PRECO',1);
INSERT INTO RANKING_VOTOS ( "RANKING", "VOTOS" ) VALUES(51,1254);
INSERT INTO VOTO ( "ID", "NOTA", "TIPO_VOTO", "RESTAURANTE_ID" ) VALUES(1255,4,'LOCALIZACAO',1);
INSERT INTO RANKING_VOTOS ( "RANKING", "VOTOS" ) VALUES(51,1255);
INSERT INTO VOTO ( "ID", "NOTA", "TIPO_VOTO", "RESTAURANTE_ID" ) VALUES(1256,4,'ATENDIMENTO',2);
INSERT INTO RANKING_VOTOS ( "RANKING", "VOTOS" ) VALUES(51,1256);
INSERT INTO VOTO ( "ID", "NOTA", "TIPO_VOTO", "RESTAURANTE_ID" ) VALUES(1257,1,'DEMORA',2);
INSERT INTO RANKING_VOTOS ( "RANKING", "VOTOS" ) VALUES(51,1257);
INSERT INTO VOTO ( "ID", "NOTA", "TIPO_VOTO", "RESTAURANTE_ID" ) VALUES(1258,3,'SABOR',2);
INSERT INTO RANKING_VOTOS ( "RANKING", "VOTOS" ) VALUES(51,1258);
INSERT INTO VOTO ( "ID", "NOTA", "TIPO_VOTO", "RESTAURANTE_ID" ) VALUES(1259,1,'PRECO',2);
INSERT INTO RANKING_VOTOS ( "RANKING", "VOTOS" ) VALUES(51,1259);
INSERT INTO VOTO ( "ID", "NOTA", "TIPO_VOTO", "RESTAURANTE_ID" ) VALUES(1260,2,'LOCALIZACAO',2);
INSERT INTO RANKING_VOTOS ( "RANKING", "VOTOS" ) VALUES(51,1260);
INSERT INTO VOTO ( "ID", "NOTA", "TIPO_VOTO", "RESTAURANTE_ID" ) VALUES(1261,2,'ATENDIMENTO',3);
INSERT INTO RANKING_VOTOS ( "RANKING", "VOTOS" ) VALUES(51,1261);
INSERT INTO VOTO ( "ID", "NOTA", "TIPO_VOTO", "RESTAURANTE_ID" ) VALUES(1262,4,'DEMORA',3);
INSERT INTO RANKING_VOTOS ( "RANKING", "VOTOS" ) VALUES(51,1262);
INSERT INTO VOTO ( "ID", "NOTA", "TIPO_VOTO", "RESTAURANTE_ID" ) VALUES(1263,2,'SABOR',3);
INSERT INTO RANKING_VOTOS ( "RANKING", "VOTOS" ) VALUES(51,1263);
INSERT INTO VOTO ( "ID", "NOTA", "TIPO_VOTO", "RESTAURANTE_ID" ) VALUES(1264,3,'PRECO',3);
INSERT INTO RANKING_VOTOS ( "RANKING", "VOTOS" ) VALUES(51,1264);
INSERT INTO VOTO ( "ID", "NOTA", "TIPO_VOTO", "RESTAURANTE_ID" ) VALUES(1265,1,'LOCALIZACAO',3);
INSERT INTO RANKING_VOTOS ( "RANKING", "VOTOS" ) VALUES(51,1265);
INSERT INTO VOTO ( "ID", "NOTA", "TIPO_VOTO", "RESTAURANTE_ID" ) VALUES(1266,3,'ATENDIMENTO',4);
INSERT INTO RANKING_VOTOS ( "RANKING", "VOTOS" ) VALUES(51,1266);
INSERT INTO VOTO ( "ID", "NOTA", "TIPO_VOTO", "RESTAURANTE_ID" ) VALUES(1267,5,'DEMORA',4);
INSERT INTO RANKING_VOTOS ( "RANKING", "VOTOS" ) VALUES(51,1267);
INSERT INTO VOTO ( "ID", "NOTA", "TIPO_VOTO", "RESTAURANTE_ID" ) VALUES(1268,2,'SABOR',4);
INSERT INTO RANKING_VOTOS ( "RANKING", "VOTOS" ) VALUES(51,1268);
INSERT INTO VOTO ( "ID", "NOTA", "TIPO_VOTO", "RESTAURANTE_ID" ) VALUES(1269,5,'PRECO',4);
INSERT INTO RANKING_VOTOS ( "RANKING", "VOTOS" ) VALUES(51,1269);
INSERT INTO VOTO ( "ID", "NOTA", "TIPO_VOTO", "RESTAURANTE_ID" ) VALUES(1270,2,'LOCALIZACAO',4);
INSERT INTO RANKING_VOTOS ( "RANKING", "VOTOS" ) VALUES(51,1270);
INSERT INTO VOTO ( "ID", "NOTA", "TIPO_VOTO", "RESTAURANTE_ID" ) VALUES(1271,1,'ATENDIMENTO',5);
INSERT INTO RANKING_VOTOS ( "RANKING", "VOTOS" ) VALUES(51,1271);
INSERT INTO VOTO ( "ID", "NOTA", "TIPO_VOTO", "RESTAURANTE_ID" ) VALUES(1272,5,'DEMORA',5);
INSERT INTO RANKING_VOTOS ( "RANKING", "VOTOS" ) VALUES(51,1272);
INSERT INTO VOTO ( "ID", "NOTA", "TIPO_VOTO", "RESTAURANTE_ID" ) VALUES(1273,4,'SABOR',5);
INSERT INTO RANKING_VOTOS ( "RANKING", "VOTOS" ) VALUES(51,1273);
INSERT INTO VOTO ( "ID", "NOTA", "TIPO_VOTO", "RESTAURANTE_ID" ) VALUES(1274,1,'PRECO',5);
INSERT INTO RANKING_VOTOS ( "RANKING", "VOTOS" ) VALUES(51,1274);
INSERT INTO VOTO ( "ID", "NOTA", "TIPO_VOTO", "RESTAURANTE_ID" ) VALUES(1275,3,'LOCALIZACAO',5);
INSERT INTO RANKING_VOTOS ( "RANKING", "VOTOS" ) VALUES(51,1275);
INSERT INTO PESSOA ( "ID", "NOME" ) VALUES(52, 'Melinda Ritchie');
INSERT INTO USUARIO ( "ID", "PESSOA_ID" ) VALUES('shoplifter@email.com',52);
INSERT INTO RANKING ( "ID", "USUARIO_ID" ) VALUES (52,'shoplifter@email.com');
INSERT INTO VOTO ( "ID", "NOTA", "TIPO_VOTO", "RESTAURANTE_ID" ) VALUES(1276,4,'ATENDIMENTO',1);
INSERT INTO RANKING_VOTOS ( "RANKING", "VOTOS" ) VALUES(52,1276);
INSERT INTO VOTO ( "ID", "NOTA", "TIPO_VOTO", "RESTAURANTE_ID" ) VALUES(1277,3,'DEMORA',1);
INSERT INTO RANKING_VOTOS ( "RANKING", "VOTOS" ) VALUES(52,1277);
INSERT INTO VOTO ( "ID", "NOTA", "TIPO_VOTO", "RESTAURANTE_ID" ) VALUES(1278,1,'SABOR',1);
INSERT INTO RANKING_VOTOS ( "RANKING", "VOTOS" ) VALUES(52,1278);
INSERT INTO VOTO ( "ID", "NOTA", "TIPO_VOTO", "RESTAURANTE_ID" ) VALUES(1279,1,'PRECO',1);
INSERT INTO RANKING_VOTOS ( "RANKING", "VOTOS" ) VALUES(52,1279);
INSERT INTO VOTO ( "ID", "NOTA", "TIPO_VOTO", "RESTAURANTE_ID" ) VALUES(1280,4,'LOCALIZACAO',1);
INSERT INTO RANKING_VOTOS ( "RANKING", "VOTOS" ) VALUES(52,1280);
INSERT INTO VOTO ( "ID", "NOTA", "TIPO_VOTO", "RESTAURANTE_ID" ) VALUES(1281,3,'ATENDIMENTO',2);
INSERT INTO RANKING_VOTOS ( "RANKING", "VOTOS" ) VALUES(52,1281);
INSERT INTO VOTO ( "ID", "NOTA", "TIPO_VOTO", "RESTAURANTE_ID" ) VALUES(1282,2,'DEMORA',2);
INSERT INTO RANKING_VOTOS ( "RANKING", "VOTOS" ) VALUES(52,1282);
INSERT INTO VOTO ( "ID", "NOTA", "TIPO_VOTO", "RESTAURANTE_ID" ) VALUES(1283,1,'SABOR',2);
INSERT INTO RANKING_VOTOS ( "RANKING", "VOTOS" ) VALUES(52,1283);
INSERT INTO VOTO ( "ID", "NOTA", "TIPO_VOTO", "RESTAURANTE_ID" ) VALUES(1284,4,'PRECO',2);
INSERT INTO RANKING_VOTOS ( "RANKING", "VOTOS" ) VALUES(52,1284);
INSERT INTO VOTO ( "ID", "NOTA", "TIPO_VOTO", "RESTAURANTE_ID" ) VALUES(1285,5,'LOCALIZACAO',2);
INSERT INTO RANKING_VOTOS ( "RANKING", "VOTOS" ) VALUES(52,1285);
INSERT INTO VOTO ( "ID", "NOTA", "TIPO_VOTO", "RESTAURANTE_ID" ) VALUES(1286,4,'ATENDIMENTO',3);
INSERT INTO RANKING_VOTOS ( "RANKING", "VOTOS" ) VALUES(52,1286);
INSERT INTO VOTO ( "ID", "NOTA", "TIPO_VOTO", "RESTAURANTE_ID" ) VALUES(1287,2,'DEMORA',3);
INSERT INTO RANKING_VOTOS ( "RANKING", "VOTOS" ) VALUES(52,1287);
INSERT INTO VOTO ( "ID", "NOTA", "TIPO_VOTO", "RESTAURANTE_ID" ) VALUES(1288,3,'SABOR',3);
INSERT INTO RANKING_VOTOS ( "RANKING", "VOTOS" ) VALUES(52,1288);
INSERT INTO VOTO ( "ID", "NOTA", "TIPO_VOTO", "RESTAURANTE_ID" ) VALUES(1289,5,'PRECO',3);
INSERT INTO RANKING_VOTOS ( "RANKING", "VOTOS" ) VALUES(52,1289);
INSERT INTO VOTO ( "ID", "NOTA", "TIPO_VOTO", "RESTAURANTE_ID" ) VALUES(1290,5,'LOCALIZACAO',3);
INSERT INTO RANKING_VOTOS ( "RANKING", "VOTOS" ) VALUES(52,1290);
INSERT INTO VOTO ( "ID", "NOTA", "TIPO_VOTO", "RESTAURANTE_ID" ) VALUES(1291,3,'ATENDIMENTO',4);
INSERT INTO RANKING_VOTOS ( "RANKING", "VOTOS" ) VALUES(52,1291);
INSERT INTO VOTO ( "ID", "NOTA", "TIPO_VOTO", "RESTAURANTE_ID" ) VALUES(1292,5,'DEMORA',4);
INSERT INTO RANKING_VOTOS ( "RANKING", "VOTOS" ) VALUES(52,1292);
INSERT INTO VOTO ( "ID", "NOTA", "TIPO_VOTO", "RESTAURANTE_ID" ) VALUES(1293,5,'SABOR',4);
INSERT INTO RANKING_VOTOS ( "RANKING", "VOTOS" ) VALUES(52,1293);
INSERT INTO VOTO ( "ID", "NOTA", "TIPO_VOTO", "RESTAURANTE_ID" ) VALUES(1294,3,'PRECO',4);
INSERT INTO RANKING_VOTOS ( "RANKING", "VOTOS" ) VALUES(52,1294);
INSERT INTO VOTO ( "ID", "NOTA", "TIPO_VOTO", "RESTAURANTE_ID" ) VALUES(1295,4,'LOCALIZACAO',4);
INSERT INTO RANKING_VOTOS ( "RANKING", "VOTOS" ) VALUES(52,1295);
INSERT INTO VOTO ( "ID", "NOTA", "TIPO_VOTO", "RESTAURANTE_ID" ) VALUES(1296,4,'ATENDIMENTO',5);
INSERT INTO RANKING_VOTOS ( "RANKING", "VOTOS" ) VALUES(52,1296);
INSERT INTO VOTO ( "ID", "NOTA", "TIPO_VOTO", "RESTAURANTE_ID" ) VALUES(1297,3,'DEMORA',5);
INSERT INTO RANKING_VOTOS ( "RANKING", "VOTOS" ) VALUES(52,1297);
INSERT INTO VOTO ( "ID", "NOTA", "TIPO_VOTO", "RESTAURANTE_ID" ) VALUES(1298,2,'SABOR',5);
INSERT INTO RANKING_VOTOS ( "RANKING", "VOTOS" ) VALUES(52,1298);
INSERT INTO VOTO ( "ID", "NOTA", "TIPO_VOTO", "RESTAURANTE_ID" ) VALUES(1299,2,'PRECO',5);
INSERT INTO RANKING_VOTOS ( "RANKING", "VOTOS" ) VALUES(52,1299);
INSERT INTO VOTO ( "ID", "NOTA", "TIPO_VOTO", "RESTAURANTE_ID" ) VALUES(1300,1,'LOCALIZACAO',5);
INSERT INTO RANKING_VOTOS ( "RANKING", "VOTOS" ) VALUES(52,1300);
INSERT INTO PESSOA ( "ID", "NOME" ) VALUES(53, 'Bradley Simonis');
INSERT INTO USUARIO ( "ID", "PESSOA_ID" ) VALUES('bootlicker@email.com',53);
INSERT INTO RANKING ( "ID", "USUARIO_ID" ) VALUES (53,'bootlicker@email.com');
INSERT INTO VOTO ( "ID", "NOTA", "TIPO_VOTO", "RESTAURANTE_ID" ) VALUES(1301,5,'ATENDIMENTO',1);
INSERT INTO RANKING_VOTOS ( "RANKING", "VOTOS" ) VALUES(53,1301);
INSERT INTO VOTO ( "ID", "NOTA", "TIPO_VOTO", "RESTAURANTE_ID" ) VALUES(1302,5,'DEMORA',1);
INSERT INTO RANKING_VOTOS ( "RANKING", "VOTOS" ) VALUES(53,1302);
INSERT INTO VOTO ( "ID", "NOTA", "TIPO_VOTO", "RESTAURANTE_ID" ) VALUES(1303,1,'SABOR',1);
INSERT INTO RANKING_VOTOS ( "RANKING", "VOTOS" ) VALUES(53,1303);
INSERT INTO VOTO ( "ID", "NOTA", "TIPO_VOTO", "RESTAURANTE_ID" ) VALUES(1304,4,'PRECO',1);
INSERT INTO RANKING_VOTOS ( "RANKING", "VOTOS" ) VALUES(53,1304);
INSERT INTO VOTO ( "ID", "NOTA", "TIPO_VOTO", "RESTAURANTE_ID" ) VALUES(1305,5,'LOCALIZACAO',1);
INSERT INTO RANKING_VOTOS ( "RANKING", "VOTOS" ) VALUES(53,1305);
INSERT INTO VOTO ( "ID", "NOTA", "TIPO_VOTO", "RESTAURANTE_ID" ) VALUES(1306,2,'ATENDIMENTO',2);
INSERT INTO RANKING_VOTOS ( "RANKING", "VOTOS" ) VALUES(53,1306);
INSERT INTO VOTO ( "ID", "NOTA", "TIPO_VOTO", "RESTAURANTE_ID" ) VALUES(1307,1,'DEMORA',2);
INSERT INTO RANKING_VOTOS ( "RANKING", "VOTOS" ) VALUES(53,1307);
INSERT INTO VOTO ( "ID", "NOTA", "TIPO_VOTO", "RESTAURANTE_ID" ) VALUES(1308,5,'SABOR',2);
INSERT INTO RANKING_VOTOS ( "RANKING", "VOTOS" ) VALUES(53,1308);
INSERT INTO VOTO ( "ID", "NOTA", "TIPO_VOTO", "RESTAURANTE_ID" ) VALUES(1309,2,'PRECO',2);
INSERT INTO RANKING_VOTOS ( "RANKING", "VOTOS" ) VALUES(53,1309);
INSERT INTO VOTO ( "ID", "NOTA", "TIPO_VOTO", "RESTAURANTE_ID" ) VALUES(1310,3,'LOCALIZACAO',2);
INSERT INTO RANKING_VOTOS ( "RANKING", "VOTOS" ) VALUES(53,1310);
INSERT INTO VOTO ( "ID", "NOTA", "TIPO_VOTO", "RESTAURANTE_ID" ) VALUES(1311,1,'ATENDIMENTO',3);
INSERT INTO RANKING_VOTOS ( "RANKING", "VOTOS" ) VALUES(53,1311);
INSERT INTO VOTO ( "ID", "NOTA", "TIPO_VOTO", "RESTAURANTE_ID" ) VALUES(1312,3,'DEMORA',3);
INSERT INTO RANKING_VOTOS ( "RANKING", "VOTOS" ) VALUES(53,1312);
INSERT INTO VOTO ( "ID", "NOTA", "TIPO_VOTO", "RESTAURANTE_ID" ) VALUES(1313,5,'SABOR',3);
INSERT INTO RANKING_VOTOS ( "RANKING", "VOTOS" ) VALUES(53,1313);
INSERT INTO VOTO ( "ID", "NOTA", "TIPO_VOTO", "RESTAURANTE_ID" ) VALUES(1314,5,'PRECO',3);
INSERT INTO RANKING_VOTOS ( "RANKING", "VOTOS" ) VALUES(53,1314);
INSERT INTO VOTO ( "ID", "NOTA", "TIPO_VOTO", "RESTAURANTE_ID" ) VALUES(1315,3,'LOCALIZACAO',3);
INSERT INTO RANKING_VOTOS ( "RANKING", "VOTOS" ) VALUES(53,1315);
INSERT INTO VOTO ( "ID", "NOTA", "TIPO_VOTO", "RESTAURANTE_ID" ) VALUES(1316,3,'ATENDIMENTO',4);
INSERT INTO RANKING_VOTOS ( "RANKING", "VOTOS" ) VALUES(53,1316);
INSERT INTO VOTO ( "ID", "NOTA", "TIPO_VOTO", "RESTAURANTE_ID" ) VALUES(1317,4,'DEMORA',4);
INSERT INTO RANKING_VOTOS ( "RANKING", "VOTOS" ) VALUES(53,1317);
INSERT INTO VOTO ( "ID", "NOTA", "TIPO_VOTO", "RESTAURANTE_ID" ) VALUES(1318,1,'SABOR',4);
INSERT INTO RANKING_VOTOS ( "RANKING", "VOTOS" ) VALUES(53,1318);
INSERT INTO VOTO ( "ID", "NOTA", "TIPO_VOTO", "RESTAURANTE_ID" ) VALUES(1319,1,'PRECO',4);
INSERT INTO RANKING_VOTOS ( "RANKING", "VOTOS" ) VALUES(53,1319);
INSERT INTO VOTO ( "ID", "NOTA", "TIPO_VOTO", "RESTAURANTE_ID" ) VALUES(1320,1,'LOCALIZACAO',4);
INSERT INTO RANKING_VOTOS ( "RANKING", "VOTOS" ) VALUES(53,1320);
INSERT INTO VOTO ( "ID", "NOTA", "TIPO_VOTO", "RESTAURANTE_ID" ) VALUES(1321,2,'ATENDIMENTO',5);
INSERT INTO RANKING_VOTOS ( "RANKING", "VOTOS" ) VALUES(53,1321);
INSERT INTO VOTO ( "ID", "NOTA", "TIPO_VOTO", "RESTAURANTE_ID" ) VALUES(1322,1,'DEMORA',5);
INSERT INTO RANKING_VOTOS ( "RANKING", "VOTOS" ) VALUES(53,1322);
INSERT INTO VOTO ( "ID", "NOTA", "TIPO_VOTO", "RESTAURANTE_ID" ) VALUES(1323,3,'SABOR',5);
INSERT INTO RANKING_VOTOS ( "RANKING", "VOTOS" ) VALUES(53,1323);
INSERT INTO VOTO ( "ID", "NOTA", "TIPO_VOTO", "RESTAURANTE_ID" ) VALUES(1324,1,'PRECO',5);
INSERT INTO RANKING_VOTOS ( "RANKING", "VOTOS" ) VALUES(53,1324);
INSERT INTO VOTO ( "ID", "NOTA", "TIPO_VOTO", "RESTAURANTE_ID" ) VALUES(1325,1,'LOCALIZACAO',5);
INSERT INTO RANKING_VOTOS ( "RANKING", "VOTOS" ) VALUES(53,1325);
INSERT INTO PESSOA ( "ID", "NOME" ) VALUES(54, 'Jessika Schuppe');
INSERT INTO USUARIO ( "ID", "PESSOA_ID" ) VALUES('plunderage@email.com',54);
INSERT INTO RANKING ( "ID", "USUARIO_ID" ) VALUES (54,'plunderage@email.com');
INSERT INTO VOTO ( "ID", "NOTA", "TIPO_VOTO", "RESTAURANTE_ID" ) VALUES(1326,2,'ATENDIMENTO',1);
INSERT INTO RANKING_VOTOS ( "RANKING", "VOTOS" ) VALUES(54,1326);
INSERT INTO VOTO ( "ID", "NOTA", "TIPO_VOTO", "RESTAURANTE_ID" ) VALUES(1327,5,'DEMORA',1);
INSERT INTO RANKING_VOTOS ( "RANKING", "VOTOS" ) VALUES(54,1327);
INSERT INTO VOTO ( "ID", "NOTA", "TIPO_VOTO", "RESTAURANTE_ID" ) VALUES(1328,2,'SABOR',1);
INSERT INTO RANKING_VOTOS ( "RANKING", "VOTOS" ) VALUES(54,1328);
INSERT INTO VOTO ( "ID", "NOTA", "TIPO_VOTO", "RESTAURANTE_ID" ) VALUES(1329,2,'PRECO',1);
INSERT INTO RANKING_VOTOS ( "RANKING", "VOTOS" ) VALUES(54,1329);
INSERT INTO VOTO ( "ID", "NOTA", "TIPO_VOTO", "RESTAURANTE_ID" ) VALUES(1330,4,'LOCALIZACAO',1);
INSERT INTO RANKING_VOTOS ( "RANKING", "VOTOS" ) VALUES(54,1330);
INSERT INTO VOTO ( "ID", "NOTA", "TIPO_VOTO", "RESTAURANTE_ID" ) VALUES(1331,2,'ATENDIMENTO',2);
INSERT INTO RANKING_VOTOS ( "RANKING", "VOTOS" ) VALUES(54,1331);
INSERT INTO VOTO ( "ID", "NOTA", "TIPO_VOTO", "RESTAURANTE_ID" ) VALUES(1332,2,'DEMORA',2);
INSERT INTO RANKING_VOTOS ( "RANKING", "VOTOS" ) VALUES(54,1332);
INSERT INTO VOTO ( "ID", "NOTA", "TIPO_VOTO", "RESTAURANTE_ID" ) VALUES(1333,2,'SABOR',2);
INSERT INTO RANKING_VOTOS ( "RANKING", "VOTOS" ) VALUES(54,1333);
INSERT INTO VOTO ( "ID", "NOTA", "TIPO_VOTO", "RESTAURANTE_ID" ) VALUES(1334,5,'PRECO',2);
INSERT INTO RANKING_VOTOS ( "RANKING", "VOTOS" ) VALUES(54,1334);
INSERT INTO VOTO ( "ID", "NOTA", "TIPO_VOTO", "RESTAURANTE_ID" ) VALUES(1335,1,'LOCALIZACAO',2);
INSERT INTO RANKING_VOTOS ( "RANKING", "VOTOS" ) VALUES(54,1335);
INSERT INTO VOTO ( "ID", "NOTA", "TIPO_VOTO", "RESTAURANTE_ID" ) VALUES(1336,4,'ATENDIMENTO',3);
INSERT INTO RANKING_VOTOS ( "RANKING", "VOTOS" ) VALUES(54,1336);
INSERT INTO VOTO ( "ID", "NOTA", "TIPO_VOTO", "RESTAURANTE_ID" ) VALUES(1337,1,'DEMORA',3);
INSERT INTO RANKING_VOTOS ( "RANKING", "VOTOS" ) VALUES(54,1337);
INSERT INTO VOTO ( "ID", "NOTA", "TIPO_VOTO", "RESTAURANTE_ID" ) VALUES(1338,1,'SABOR',3);
INSERT INTO RANKING_VOTOS ( "RANKING", "VOTOS" ) VALUES(54,1338);
INSERT INTO VOTO ( "ID", "NOTA", "TIPO_VOTO", "RESTAURANTE_ID" ) VALUES(1339,2,'PRECO',3);
INSERT INTO RANKING_VOTOS ( "RANKING", "VOTOS" ) VALUES(54,1339);
INSERT INTO VOTO ( "ID", "NOTA", "TIPO_VOTO", "RESTAURANTE_ID" ) VALUES(1340,1,'LOCALIZACAO',3);
INSERT INTO RANKING_VOTOS ( "RANKING", "VOTOS" ) VALUES(54,1340);
INSERT INTO VOTO ( "ID", "NOTA", "TIPO_VOTO", "RESTAURANTE_ID" ) VALUES(1341,1,'ATENDIMENTO',4);
INSERT INTO RANKING_VOTOS ( "RANKING", "VOTOS" ) VALUES(54,1341);
INSERT INTO VOTO ( "ID", "NOTA", "TIPO_VOTO", "RESTAURANTE_ID" ) VALUES(1342,1,'DEMORA',4);
INSERT INTO RANKING_VOTOS ( "RANKING", "VOTOS" ) VALUES(54,1342);
INSERT INTO VOTO ( "ID", "NOTA", "TIPO_VOTO", "RESTAURANTE_ID" ) VALUES(1343,2,'SABOR',4);
INSERT INTO RANKING_VOTOS ( "RANKING", "VOTOS" ) VALUES(54,1343);
INSERT INTO VOTO ( "ID", "NOTA", "TIPO_VOTO", "RESTAURANTE_ID" ) VALUES(1344,2,'PRECO',4);
INSERT INTO RANKING_VOTOS ( "RANKING", "VOTOS" ) VALUES(54,1344);
INSERT INTO VOTO ( "ID", "NOTA", "TIPO_VOTO", "RESTAURANTE_ID" ) VALUES(1345,3,'LOCALIZACAO',4);
INSERT INTO RANKING_VOTOS ( "RANKING", "VOTOS" ) VALUES(54,1345);
INSERT INTO VOTO ( "ID", "NOTA", "TIPO_VOTO", "RESTAURANTE_ID" ) VALUES(1346,5,'ATENDIMENTO',5);
INSERT INTO RANKING_VOTOS ( "RANKING", "VOTOS" ) VALUES(54,1346);
INSERT INTO VOTO ( "ID", "NOTA", "TIPO_VOTO", "RESTAURANTE_ID" ) VALUES(1347,4,'DEMORA',5);
INSERT INTO RANKING_VOTOS ( "RANKING", "VOTOS" ) VALUES(54,1347);
INSERT INTO VOTO ( "ID", "NOTA", "TIPO_VOTO", "RESTAURANTE_ID" ) VALUES(1348,1,'SABOR',5);
INSERT INTO RANKING_VOTOS ( "RANKING", "VOTOS" ) VALUES(54,1348);
INSERT INTO VOTO ( "ID", "NOTA", "TIPO_VOTO", "RESTAURANTE_ID" ) VALUES(1349,2,'PRECO',5);
INSERT INTO RANKING_VOTOS ( "RANKING", "VOTOS" ) VALUES(54,1349);
INSERT INTO VOTO ( "ID", "NOTA", "TIPO_VOTO", "RESTAURANTE_ID" ) VALUES(1350,5,'LOCALIZACAO',5);
INSERT INTO RANKING_VOTOS ( "RANKING", "VOTOS" ) VALUES(54,1350);
INSERT INTO PESSOA ( "ID", "NOME" ) VALUES(55, 'Lyndsey Goldner');
INSERT INTO USUARIO ( "ID", "PESSOA_ID" ) VALUES('packthread@email.com',55);
INSERT INTO RANKING ( "ID", "USUARIO_ID" ) VALUES (55,'packthread@email.com');
INSERT INTO VOTO ( "ID", "NOTA", "TIPO_VOTO", "RESTAURANTE_ID" ) VALUES(1351,3,'ATENDIMENTO',1);
INSERT INTO RANKING_VOTOS ( "RANKING", "VOTOS" ) VALUES(55,1351);
INSERT INTO VOTO ( "ID", "NOTA", "TIPO_VOTO", "RESTAURANTE_ID" ) VALUES(1352,4,'DEMORA',1);
INSERT INTO RANKING_VOTOS ( "RANKING", "VOTOS" ) VALUES(55,1352);
INSERT INTO VOTO ( "ID", "NOTA", "TIPO_VOTO", "RESTAURANTE_ID" ) VALUES(1353,4,'SABOR',1);
INSERT INTO RANKING_VOTOS ( "RANKING", "VOTOS" ) VALUES(55,1353);
INSERT INTO VOTO ( "ID", "NOTA", "TIPO_VOTO", "RESTAURANTE_ID" ) VALUES(1354,3,'PRECO',1);
INSERT INTO RANKING_VOTOS ( "RANKING", "VOTOS" ) VALUES(55,1354);
INSERT INTO VOTO ( "ID", "NOTA", "TIPO_VOTO", "RESTAURANTE_ID" ) VALUES(1355,1,'LOCALIZACAO',1);
INSERT INTO RANKING_VOTOS ( "RANKING", "VOTOS" ) VALUES(55,1355);
INSERT INTO VOTO ( "ID", "NOTA", "TIPO_VOTO", "RESTAURANTE_ID" ) VALUES(1356,5,'ATENDIMENTO',2);
INSERT INTO RANKING_VOTOS ( "RANKING", "VOTOS" ) VALUES(55,1356);
INSERT INTO VOTO ( "ID", "NOTA", "TIPO_VOTO", "RESTAURANTE_ID" ) VALUES(1357,2,'DEMORA',2);
INSERT INTO RANKING_VOTOS ( "RANKING", "VOTOS" ) VALUES(55,1357);
INSERT INTO VOTO ( "ID", "NOTA", "TIPO_VOTO", "RESTAURANTE_ID" ) VALUES(1358,5,'SABOR',2);
INSERT INTO RANKING_VOTOS ( "RANKING", "VOTOS" ) VALUES(55,1358);
INSERT INTO VOTO ( "ID", "NOTA", "TIPO_VOTO", "RESTAURANTE_ID" ) VALUES(1359,3,'PRECO',2);
INSERT INTO RANKING_VOTOS ( "RANKING", "VOTOS" ) VALUES(55,1359);
INSERT INTO VOTO ( "ID", "NOTA", "TIPO_VOTO", "RESTAURANTE_ID" ) VALUES(1360,1,'LOCALIZACAO',2);
INSERT INTO RANKING_VOTOS ( "RANKING", "VOTOS" ) VALUES(55,1360);
INSERT INTO VOTO ( "ID", "NOTA", "TIPO_VOTO", "RESTAURANTE_ID" ) VALUES(1361,1,'ATENDIMENTO',3);
INSERT INTO RANKING_VOTOS ( "RANKING", "VOTOS" ) VALUES(55,1361);
INSERT INTO VOTO ( "ID", "NOTA", "TIPO_VOTO", "RESTAURANTE_ID" ) VALUES(1362,3,'DEMORA',3);
INSERT INTO RANKING_VOTOS ( "RANKING", "VOTOS" ) VALUES(55,1362);
INSERT INTO VOTO ( "ID", "NOTA", "TIPO_VOTO", "RESTAURANTE_ID" ) VALUES(1363,2,'SABOR',3);
INSERT INTO RANKING_VOTOS ( "RANKING", "VOTOS" ) VALUES(55,1363);
INSERT INTO VOTO ( "ID", "NOTA", "TIPO_VOTO", "RESTAURANTE_ID" ) VALUES(1364,1,'PRECO',3);
INSERT INTO RANKING_VOTOS ( "RANKING", "VOTOS" ) VALUES(55,1364);
INSERT INTO VOTO ( "ID", "NOTA", "TIPO_VOTO", "RESTAURANTE_ID" ) VALUES(1365,2,'LOCALIZACAO',3);
INSERT INTO RANKING_VOTOS ( "RANKING", "VOTOS" ) VALUES(55,1365);
INSERT INTO VOTO ( "ID", "NOTA", "TIPO_VOTO", "RESTAURANTE_ID" ) VALUES(1366,2,'ATENDIMENTO',4);
INSERT INTO RANKING_VOTOS ( "RANKING", "VOTOS" ) VALUES(55,1366);
INSERT INTO VOTO ( "ID", "NOTA", "TIPO_VOTO", "RESTAURANTE_ID" ) VALUES(1367,3,'DEMORA',4);
INSERT INTO RANKING_VOTOS ( "RANKING", "VOTOS" ) VALUES(55,1367);
INSERT INTO VOTO ( "ID", "NOTA", "TIPO_VOTO", "RESTAURANTE_ID" ) VALUES(1368,5,'SABOR',4);
INSERT INTO RANKING_VOTOS ( "RANKING", "VOTOS" ) VALUES(55,1368);
INSERT INTO VOTO ( "ID", "NOTA", "TIPO_VOTO", "RESTAURANTE_ID" ) VALUES(1369,3,'PRECO',4);
INSERT INTO RANKING_VOTOS ( "RANKING", "VOTOS" ) VALUES(55,1369);
INSERT INTO VOTO ( "ID", "NOTA", "TIPO_VOTO", "RESTAURANTE_ID" ) VALUES(1370,3,'LOCALIZACAO',4);
INSERT INTO RANKING_VOTOS ( "RANKING", "VOTOS" ) VALUES(55,1370);
INSERT INTO VOTO ( "ID", "NOTA", "TIPO_VOTO", "RESTAURANTE_ID" ) VALUES(1371,1,'ATENDIMENTO',5);
INSERT INTO RANKING_VOTOS ( "RANKING", "VOTOS" ) VALUES(55,1371);
INSERT INTO VOTO ( "ID", "NOTA", "TIPO_VOTO", "RESTAURANTE_ID" ) VALUES(1372,2,'DEMORA',5);
INSERT INTO RANKING_VOTOS ( "RANKING", "VOTOS" ) VALUES(55,1372);
INSERT INTO VOTO ( "ID", "NOTA", "TIPO_VOTO", "RESTAURANTE_ID" ) VALUES(1373,1,'SABOR',5);
INSERT INTO RANKING_VOTOS ( "RANKING", "VOTOS" ) VALUES(55,1373);
INSERT INTO VOTO ( "ID", "NOTA", "TIPO_VOTO", "RESTAURANTE_ID" ) VALUES(1374,3,'PRECO',5);
INSERT INTO RANKING_VOTOS ( "RANKING", "VOTOS" ) VALUES(55,1374);
INSERT INTO VOTO ( "ID", "NOTA", "TIPO_VOTO", "RESTAURANTE_ID" ) VALUES(1375,1,'LOCALIZACAO',5);
INSERT INTO RANKING_VOTOS ( "RANKING", "VOTOS" ) VALUES(55,1375);
INSERT INTO PESSOA ( "ID", "NOME" ) VALUES(56, 'Lavonne Bernier');
INSERT INTO USUARIO ( "ID", "PESSOA_ID" ) VALUES('bicapsular@email.com',56);
INSERT INTO RANKING ( "ID", "USUARIO_ID" ) VALUES (56,'bicapsular@email.com');
INSERT INTO VOTO ( "ID", "NOTA", "TIPO_VOTO", "RESTAURANTE_ID" ) VALUES(1376,4,'ATENDIMENTO',1);
INSERT INTO RANKING_VOTOS ( "RANKING", "VOTOS" ) VALUES(56,1376);
INSERT INTO VOTO ( "ID", "NOTA", "TIPO_VOTO", "RESTAURANTE_ID" ) VALUES(1377,4,'DEMORA',1);
INSERT INTO RANKING_VOTOS ( "RANKING", "VOTOS" ) VALUES(56,1377);
INSERT INTO VOTO ( "ID", "NOTA", "TIPO_VOTO", "RESTAURANTE_ID" ) VALUES(1378,1,'SABOR',1);
INSERT INTO RANKING_VOTOS ( "RANKING", "VOTOS" ) VALUES(56,1378);
INSERT INTO VOTO ( "ID", "NOTA", "TIPO_VOTO", "RESTAURANTE_ID" ) VALUES(1379,4,'PRECO',1);
INSERT INTO RANKING_VOTOS ( "RANKING", "VOTOS" ) VALUES(56,1379);
INSERT INTO VOTO ( "ID", "NOTA", "TIPO_VOTO", "RESTAURANTE_ID" ) VALUES(1380,4,'LOCALIZACAO',1);
INSERT INTO RANKING_VOTOS ( "RANKING", "VOTOS" ) VALUES(56,1380);
INSERT INTO VOTO ( "ID", "NOTA", "TIPO_VOTO", "RESTAURANTE_ID" ) VALUES(1381,2,'ATENDIMENTO',2);
INSERT INTO RANKING_VOTOS ( "RANKING", "VOTOS" ) VALUES(56,1381);
INSERT INTO VOTO ( "ID", "NOTA", "TIPO_VOTO", "RESTAURANTE_ID" ) VALUES(1382,3,'DEMORA',2);
INSERT INTO RANKING_VOTOS ( "RANKING", "VOTOS" ) VALUES(56,1382);
INSERT INTO VOTO ( "ID", "NOTA", "TIPO_VOTO", "RESTAURANTE_ID" ) VALUES(1383,1,'SABOR',2);
INSERT INTO RANKING_VOTOS ( "RANKING", "VOTOS" ) VALUES(56,1383);
INSERT INTO VOTO ( "ID", "NOTA", "TIPO_VOTO", "RESTAURANTE_ID" ) VALUES(1384,2,'PRECO',2);
INSERT INTO RANKING_VOTOS ( "RANKING", "VOTOS" ) VALUES(56,1384);
INSERT INTO VOTO ( "ID", "NOTA", "TIPO_VOTO", "RESTAURANTE_ID" ) VALUES(1385,4,'LOCALIZACAO',2);
INSERT INTO RANKING_VOTOS ( "RANKING", "VOTOS" ) VALUES(56,1385);
INSERT INTO VOTO ( "ID", "NOTA", "TIPO_VOTO", "RESTAURANTE_ID" ) VALUES(1386,3,'ATENDIMENTO',3);
INSERT INTO RANKING_VOTOS ( "RANKING", "VOTOS" ) VALUES(56,1386);
INSERT INTO VOTO ( "ID", "NOTA", "TIPO_VOTO", "RESTAURANTE_ID" ) VALUES(1387,1,'DEMORA',3);
INSERT INTO RANKING_VOTOS ( "RANKING", "VOTOS" ) VALUES(56,1387);
INSERT INTO VOTO ( "ID", "NOTA", "TIPO_VOTO", "RESTAURANTE_ID" ) VALUES(1388,4,'SABOR',3);
INSERT INTO RANKING_VOTOS ( "RANKING", "VOTOS" ) VALUES(56,1388);
INSERT INTO VOTO ( "ID", "NOTA", "TIPO_VOTO", "RESTAURANTE_ID" ) VALUES(1389,5,'PRECO',3);
INSERT INTO RANKING_VOTOS ( "RANKING", "VOTOS" ) VALUES(56,1389);
INSERT INTO VOTO ( "ID", "NOTA", "TIPO_VOTO", "RESTAURANTE_ID" ) VALUES(1390,4,'LOCALIZACAO',3);
INSERT INTO RANKING_VOTOS ( "RANKING", "VOTOS" ) VALUES(56,1390);
INSERT INTO VOTO ( "ID", "NOTA", "TIPO_VOTO", "RESTAURANTE_ID" ) VALUES(1391,3,'ATENDIMENTO',4);
INSERT INTO RANKING_VOTOS ( "RANKING", "VOTOS" ) VALUES(56,1391);
INSERT INTO VOTO ( "ID", "NOTA", "TIPO_VOTO", "RESTAURANTE_ID" ) VALUES(1392,1,'DEMORA',4);
INSERT INTO RANKING_VOTOS ( "RANKING", "VOTOS" ) VALUES(56,1392);
INSERT INTO VOTO ( "ID", "NOTA", "TIPO_VOTO", "RESTAURANTE_ID" ) VALUES(1393,4,'SABOR',4);
INSERT INTO RANKING_VOTOS ( "RANKING", "VOTOS" ) VALUES(56,1393);
INSERT INTO VOTO ( "ID", "NOTA", "TIPO_VOTO", "RESTAURANTE_ID" ) VALUES(1394,2,'PRECO',4);
INSERT INTO RANKING_VOTOS ( "RANKING", "VOTOS" ) VALUES(56,1394);
INSERT INTO VOTO ( "ID", "NOTA", "TIPO_VOTO", "RESTAURANTE_ID" ) VALUES(1395,1,'LOCALIZACAO',4);
INSERT INTO RANKING_VOTOS ( "RANKING", "VOTOS" ) VALUES(56,1395);
INSERT INTO VOTO ( "ID", "NOTA", "TIPO_VOTO", "RESTAURANTE_ID" ) VALUES(1396,3,'ATENDIMENTO',5);
INSERT INTO RANKING_VOTOS ( "RANKING", "VOTOS" ) VALUES(56,1396);
INSERT INTO VOTO ( "ID", "NOTA", "TIPO_VOTO", "RESTAURANTE_ID" ) VALUES(1397,4,'DEMORA',5);
INSERT INTO RANKING_VOTOS ( "RANKING", "VOTOS" ) VALUES(56,1397);
INSERT INTO VOTO ( "ID", "NOTA", "TIPO_VOTO", "RESTAURANTE_ID" ) VALUES(1398,2,'SABOR',5);
INSERT INTO RANKING_VOTOS ( "RANKING", "VOTOS" ) VALUES(56,1398);
INSERT INTO VOTO ( "ID", "NOTA", "TIPO_VOTO", "RESTAURANTE_ID" ) VALUES(1399,2,'PRECO',5);
INSERT INTO RANKING_VOTOS ( "RANKING", "VOTOS" ) VALUES(56,1399);
INSERT INTO VOTO ( "ID", "NOTA", "TIPO_VOTO", "RESTAURANTE_ID" ) VALUES(1400,3,'LOCALIZACAO',5);
INSERT INTO RANKING_VOTOS ( "RANKING", "VOTOS" ) VALUES(56,1400);
INSERT INTO PESSOA ( "ID", "NOME" ) VALUES(57, 'Raleigh Streich');
INSERT INTO USUARIO ( "ID", "PESSOA_ID" ) VALUES('capitulary@email.com',57);
INSERT INTO RANKING ( "ID", "USUARIO_ID" ) VALUES (57,'capitulary@email.com');
INSERT INTO VOTO ( "ID", "NOTA", "TIPO_VOTO", "RESTAURANTE_ID" ) VALUES(1401,1,'ATENDIMENTO',1);
INSERT INTO RANKING_VOTOS ( "RANKING", "VOTOS" ) VALUES(57,1401);
INSERT INTO VOTO ( "ID", "NOTA", "TIPO_VOTO", "RESTAURANTE_ID" ) VALUES(1402,5,'DEMORA',1);
INSERT INTO RANKING_VOTOS ( "RANKING", "VOTOS" ) VALUES(57,1402);
INSERT INTO VOTO ( "ID", "NOTA", "TIPO_VOTO", "RESTAURANTE_ID" ) VALUES(1403,4,'SABOR',1);
INSERT INTO RANKING_VOTOS ( "RANKING", "VOTOS" ) VALUES(57,1403);
INSERT INTO VOTO ( "ID", "NOTA", "TIPO_VOTO", "RESTAURANTE_ID" ) VALUES(1404,3,'PRECO',1);
INSERT INTO RANKING_VOTOS ( "RANKING", "VOTOS" ) VALUES(57,1404);
INSERT INTO VOTO ( "ID", "NOTA", "TIPO_VOTO", "RESTAURANTE_ID" ) VALUES(1405,1,'LOCALIZACAO',1);
INSERT INTO RANKING_VOTOS ( "RANKING", "VOTOS" ) VALUES(57,1405);
INSERT INTO VOTO ( "ID", "NOTA", "TIPO_VOTO", "RESTAURANTE_ID" ) VALUES(1406,3,'ATENDIMENTO',2);
INSERT INTO RANKING_VOTOS ( "RANKING", "VOTOS" ) VALUES(57,1406);
INSERT INTO VOTO ( "ID", "NOTA", "TIPO_VOTO", "RESTAURANTE_ID" ) VALUES(1407,5,'DEMORA',2);
INSERT INTO RANKING_VOTOS ( "RANKING", "VOTOS" ) VALUES(57,1407);
INSERT INTO VOTO ( "ID", "NOTA", "TIPO_VOTO", "RESTAURANTE_ID" ) VALUES(1408,2,'SABOR',2);
INSERT INTO RANKING_VOTOS ( "RANKING", "VOTOS" ) VALUES(57,1408);
INSERT INTO VOTO ( "ID", "NOTA", "TIPO_VOTO", "RESTAURANTE_ID" ) VALUES(1409,1,'PRECO',2);
INSERT INTO RANKING_VOTOS ( "RANKING", "VOTOS" ) VALUES(57,1409);
INSERT INTO VOTO ( "ID", "NOTA", "TIPO_VOTO", "RESTAURANTE_ID" ) VALUES(1410,5,'LOCALIZACAO',2);
INSERT INTO RANKING_VOTOS ( "RANKING", "VOTOS" ) VALUES(57,1410);
INSERT INTO VOTO ( "ID", "NOTA", "TIPO_VOTO", "RESTAURANTE_ID" ) VALUES(1411,2,'ATENDIMENTO',3);
INSERT INTO RANKING_VOTOS ( "RANKING", "VOTOS" ) VALUES(57,1411);
INSERT INTO VOTO ( "ID", "NOTA", "TIPO_VOTO", "RESTAURANTE_ID" ) VALUES(1412,1,'DEMORA',3);
INSERT INTO RANKING_VOTOS ( "RANKING", "VOTOS" ) VALUES(57,1412);
INSERT INTO VOTO ( "ID", "NOTA", "TIPO_VOTO", "RESTAURANTE_ID" ) VALUES(1413,5,'SABOR',3);
INSERT INTO RANKING_VOTOS ( "RANKING", "VOTOS" ) VALUES(57,1413);
INSERT INTO VOTO ( "ID", "NOTA", "TIPO_VOTO", "RESTAURANTE_ID" ) VALUES(1414,1,'PRECO',3);
INSERT INTO RANKING_VOTOS ( "RANKING", "VOTOS" ) VALUES(57,1414);
INSERT INTO VOTO ( "ID", "NOTA", "TIPO_VOTO", "RESTAURANTE_ID" ) VALUES(1415,5,'LOCALIZACAO',3);
INSERT INTO RANKING_VOTOS ( "RANKING", "VOTOS" ) VALUES(57,1415);
INSERT INTO VOTO ( "ID", "NOTA", "TIPO_VOTO", "RESTAURANTE_ID" ) VALUES(1416,4,'ATENDIMENTO',4);
INSERT INTO RANKING_VOTOS ( "RANKING", "VOTOS" ) VALUES(57,1416);
INSERT INTO VOTO ( "ID", "NOTA", "TIPO_VOTO", "RESTAURANTE_ID" ) VALUES(1417,5,'DEMORA',4);
INSERT INTO RANKING_VOTOS ( "RANKING", "VOTOS" ) VALUES(57,1417);
INSERT INTO VOTO ( "ID", "NOTA", "TIPO_VOTO", "RESTAURANTE_ID" ) VALUES(1418,1,'SABOR',4);
INSERT INTO RANKING_VOTOS ( "RANKING", "VOTOS" ) VALUES(57,1418);
INSERT INTO VOTO ( "ID", "NOTA", "TIPO_VOTO", "RESTAURANTE_ID" ) VALUES(1419,3,'PRECO',4);
INSERT INTO RANKING_VOTOS ( "RANKING", "VOTOS" ) VALUES(57,1419);
INSERT INTO VOTO ( "ID", "NOTA", "TIPO_VOTO", "RESTAURANTE_ID" ) VALUES(1420,5,'LOCALIZACAO',4);
INSERT INTO RANKING_VOTOS ( "RANKING", "VOTOS" ) VALUES(57,1420);
INSERT INTO VOTO ( "ID", "NOTA", "TIPO_VOTO", "RESTAURANTE_ID" ) VALUES(1421,5,'ATENDIMENTO',5);
INSERT INTO RANKING_VOTOS ( "RANKING", "VOTOS" ) VALUES(57,1421);
INSERT INTO VOTO ( "ID", "NOTA", "TIPO_VOTO", "RESTAURANTE_ID" ) VALUES(1422,2,'DEMORA',5);
INSERT INTO RANKING_VOTOS ( "RANKING", "VOTOS" ) VALUES(57,1422);
INSERT INTO VOTO ( "ID", "NOTA", "TIPO_VOTO", "RESTAURANTE_ID" ) VALUES(1423,4,'SABOR',5);
INSERT INTO RANKING_VOTOS ( "RANKING", "VOTOS" ) VALUES(57,1423);
INSERT INTO VOTO ( "ID", "NOTA", "TIPO_VOTO", "RESTAURANTE_ID" ) VALUES(1424,1,'PRECO',5);
INSERT INTO RANKING_VOTOS ( "RANKING", "VOTOS" ) VALUES(57,1424);
INSERT INTO VOTO ( "ID", "NOTA", "TIPO_VOTO", "RESTAURANTE_ID" ) VALUES(1425,4,'LOCALIZACAO',5);
INSERT INTO RANKING_VOTOS ( "RANKING", "VOTOS" ) VALUES(57,1425);
INSERT INTO PESSOA ( "ID", "NOME" ) VALUES(58, 'Quintin Quigley');
INSERT INTO USUARIO ( "ID", "PESSOA_ID" ) VALUES('mesosphere@email.com',58);
INSERT INTO RANKING ( "ID", "USUARIO_ID" ) VALUES (58,'mesosphere@email.com');
INSERT INTO VOTO ( "ID", "NOTA", "TIPO_VOTO", "RESTAURANTE_ID" ) VALUES(1426,5,'ATENDIMENTO',1);
INSERT INTO RANKING_VOTOS ( "RANKING", "VOTOS" ) VALUES(58,1426);
INSERT INTO VOTO ( "ID", "NOTA", "TIPO_VOTO", "RESTAURANTE_ID" ) VALUES(1427,3,'DEMORA',1);
INSERT INTO RANKING_VOTOS ( "RANKING", "VOTOS" ) VALUES(58,1427);
INSERT INTO VOTO ( "ID", "NOTA", "TIPO_VOTO", "RESTAURANTE_ID" ) VALUES(1428,3,'SABOR',1);
INSERT INTO RANKING_VOTOS ( "RANKING", "VOTOS" ) VALUES(58,1428);
INSERT INTO VOTO ( "ID", "NOTA", "TIPO_VOTO", "RESTAURANTE_ID" ) VALUES(1429,5,'PRECO',1);
INSERT INTO RANKING_VOTOS ( "RANKING", "VOTOS" ) VALUES(58,1429);
INSERT INTO VOTO ( "ID", "NOTA", "TIPO_VOTO", "RESTAURANTE_ID" ) VALUES(1430,1,'LOCALIZACAO',1);
INSERT INTO RANKING_VOTOS ( "RANKING", "VOTOS" ) VALUES(58,1430);
INSERT INTO VOTO ( "ID", "NOTA", "TIPO_VOTO", "RESTAURANTE_ID" ) VALUES(1431,5,'ATENDIMENTO',2);
INSERT INTO RANKING_VOTOS ( "RANKING", "VOTOS" ) VALUES(58,1431);
INSERT INTO VOTO ( "ID", "NOTA", "TIPO_VOTO", "RESTAURANTE_ID" ) VALUES(1432,2,'DEMORA',2);
INSERT INTO RANKING_VOTOS ( "RANKING", "VOTOS" ) VALUES(58,1432);
INSERT INTO VOTO ( "ID", "NOTA", "TIPO_VOTO", "RESTAURANTE_ID" ) VALUES(1433,2,'SABOR',2);
INSERT INTO RANKING_VOTOS ( "RANKING", "VOTOS" ) VALUES(58,1433);
INSERT INTO VOTO ( "ID", "NOTA", "TIPO_VOTO", "RESTAURANTE_ID" ) VALUES(1434,1,'PRECO',2);
INSERT INTO RANKING_VOTOS ( "RANKING", "VOTOS" ) VALUES(58,1434);
INSERT INTO VOTO ( "ID", "NOTA", "TIPO_VOTO", "RESTAURANTE_ID" ) VALUES(1435,3,'LOCALIZACAO',2);
INSERT INTO RANKING_VOTOS ( "RANKING", "VOTOS" ) VALUES(58,1435);
INSERT INTO VOTO ( "ID", "NOTA", "TIPO_VOTO", "RESTAURANTE_ID" ) VALUES(1436,1,'ATENDIMENTO',3);
INSERT INTO RANKING_VOTOS ( "RANKING", "VOTOS" ) VALUES(58,1436);
INSERT INTO VOTO ( "ID", "NOTA", "TIPO_VOTO", "RESTAURANTE_ID" ) VALUES(1437,2,'DEMORA',3);
INSERT INTO RANKING_VOTOS ( "RANKING", "VOTOS" ) VALUES(58,1437);
INSERT INTO VOTO ( "ID", "NOTA", "TIPO_VOTO", "RESTAURANTE_ID" ) VALUES(1438,1,'SABOR',3);
INSERT INTO RANKING_VOTOS ( "RANKING", "VOTOS" ) VALUES(58,1438);
INSERT INTO VOTO ( "ID", "NOTA", "TIPO_VOTO", "RESTAURANTE_ID" ) VALUES(1439,3,'PRECO',3);
INSERT INTO RANKING_VOTOS ( "RANKING", "VOTOS" ) VALUES(58,1439);
INSERT INTO VOTO ( "ID", "NOTA", "TIPO_VOTO", "RESTAURANTE_ID" ) VALUES(1440,5,'LOCALIZACAO',3);
INSERT INTO RANKING_VOTOS ( "RANKING", "VOTOS" ) VALUES(58,1440);
INSERT INTO VOTO ( "ID", "NOTA", "TIPO_VOTO", "RESTAURANTE_ID" ) VALUES(1441,3,'ATENDIMENTO',4);
INSERT INTO RANKING_VOTOS ( "RANKING", "VOTOS" ) VALUES(58,1441);
INSERT INTO VOTO ( "ID", "NOTA", "TIPO_VOTO", "RESTAURANTE_ID" ) VALUES(1442,1,'DEMORA',4);
INSERT INTO RANKING_VOTOS ( "RANKING", "VOTOS" ) VALUES(58,1442);
INSERT INTO VOTO ( "ID", "NOTA", "TIPO_VOTO", "RESTAURANTE_ID" ) VALUES(1443,3,'SABOR',4);
INSERT INTO RANKING_VOTOS ( "RANKING", "VOTOS" ) VALUES(58,1443);
INSERT INTO VOTO ( "ID", "NOTA", "TIPO_VOTO", "RESTAURANTE_ID" ) VALUES(1444,5,'PRECO',4);
INSERT INTO RANKING_VOTOS ( "RANKING", "VOTOS" ) VALUES(58,1444);
INSERT INTO VOTO ( "ID", "NOTA", "TIPO_VOTO", "RESTAURANTE_ID" ) VALUES(1445,4,'LOCALIZACAO',4);
INSERT INTO RANKING_VOTOS ( "RANKING", "VOTOS" ) VALUES(58,1445);
INSERT INTO VOTO ( "ID", "NOTA", "TIPO_VOTO", "RESTAURANTE_ID" ) VALUES(1446,1,'ATENDIMENTO',5);
INSERT INTO RANKING_VOTOS ( "RANKING", "VOTOS" ) VALUES(58,1446);
INSERT INTO VOTO ( "ID", "NOTA", "TIPO_VOTO", "RESTAURANTE_ID" ) VALUES(1447,5,'DEMORA',5);
INSERT INTO RANKING_VOTOS ( "RANKING", "VOTOS" ) VALUES(58,1447);
INSERT INTO VOTO ( "ID", "NOTA", "TIPO_VOTO", "RESTAURANTE_ID" ) VALUES(1448,4,'SABOR',5);
INSERT INTO RANKING_VOTOS ( "RANKING", "VOTOS" ) VALUES(58,1448);
INSERT INTO VOTO ( "ID", "NOTA", "TIPO_VOTO", "RESTAURANTE_ID" ) VALUES(1449,2,'PRECO',5);
INSERT INTO RANKING_VOTOS ( "RANKING", "VOTOS" ) VALUES(58,1449);
INSERT INTO VOTO ( "ID", "NOTA", "TIPO_VOTO", "RESTAURANTE_ID" ) VALUES(1450,4,'LOCALIZACAO',5);
INSERT INTO RANKING_VOTOS ( "RANKING", "VOTOS" ) VALUES(58,1450);
INSERT INTO PESSOA ( "ID", "NOME" ) VALUES(59, 'Justina Tillman');
INSERT INTO USUARIO ( "ID", "PESSOA_ID" ) VALUES('benignancy@email.com',59);
INSERT INTO RANKING ( "ID", "USUARIO_ID" ) VALUES (59,'benignancy@email.com');
INSERT INTO VOTO ( "ID", "NOTA", "TIPO_VOTO", "RESTAURANTE_ID" ) VALUES(1451,5,'ATENDIMENTO',1);
INSERT INTO RANKING_VOTOS ( "RANKING", "VOTOS" ) VALUES(59,1451);
INSERT INTO VOTO ( "ID", "NOTA", "TIPO_VOTO", "RESTAURANTE_ID" ) VALUES(1452,5,'DEMORA',1);
INSERT INTO RANKING_VOTOS ( "RANKING", "VOTOS" ) VALUES(59,1452);
INSERT INTO VOTO ( "ID", "NOTA", "TIPO_VOTO", "RESTAURANTE_ID" ) VALUES(1453,5,'SABOR',1);
INSERT INTO RANKING_VOTOS ( "RANKING", "VOTOS" ) VALUES(59,1453);
INSERT INTO VOTO ( "ID", "NOTA", "TIPO_VOTO", "RESTAURANTE_ID" ) VALUES(1454,3,'PRECO',1);
INSERT INTO RANKING_VOTOS ( "RANKING", "VOTOS" ) VALUES(59,1454);
INSERT INTO VOTO ( "ID", "NOTA", "TIPO_VOTO", "RESTAURANTE_ID" ) VALUES(1455,4,'LOCALIZACAO',1);
INSERT INTO RANKING_VOTOS ( "RANKING", "VOTOS" ) VALUES(59,1455);
INSERT INTO VOTO ( "ID", "NOTA", "TIPO_VOTO", "RESTAURANTE_ID" ) VALUES(1456,5,'ATENDIMENTO',2);
INSERT INTO RANKING_VOTOS ( "RANKING", "VOTOS" ) VALUES(59,1456);
INSERT INTO VOTO ( "ID", "NOTA", "TIPO_VOTO", "RESTAURANTE_ID" ) VALUES(1457,2,'DEMORA',2);
INSERT INTO RANKING_VOTOS ( "RANKING", "VOTOS" ) VALUES(59,1457);
INSERT INTO VOTO ( "ID", "NOTA", "TIPO_VOTO", "RESTAURANTE_ID" ) VALUES(1458,5,'SABOR',2);
INSERT INTO RANKING_VOTOS ( "RANKING", "VOTOS" ) VALUES(59,1458);
INSERT INTO VOTO ( "ID", "NOTA", "TIPO_VOTO", "RESTAURANTE_ID" ) VALUES(1459,4,'PRECO',2);
INSERT INTO RANKING_VOTOS ( "RANKING", "VOTOS" ) VALUES(59,1459);
INSERT INTO VOTO ( "ID", "NOTA", "TIPO_VOTO", "RESTAURANTE_ID" ) VALUES(1460,3,'LOCALIZACAO',2);
INSERT INTO RANKING_VOTOS ( "RANKING", "VOTOS" ) VALUES(59,1460);
INSERT INTO VOTO ( "ID", "NOTA", "TIPO_VOTO", "RESTAURANTE_ID" ) VALUES(1461,5,'ATENDIMENTO',3);
INSERT INTO RANKING_VOTOS ( "RANKING", "VOTOS" ) VALUES(59,1461);
INSERT INTO VOTO ( "ID", "NOTA", "TIPO_VOTO", "RESTAURANTE_ID" ) VALUES(1462,3,'DEMORA',3);
INSERT INTO RANKING_VOTOS ( "RANKING", "VOTOS" ) VALUES(59,1462);
INSERT INTO VOTO ( "ID", "NOTA", "TIPO_VOTO", "RESTAURANTE_ID" ) VALUES(1463,3,'SABOR',3);
INSERT INTO RANKING_VOTOS ( "RANKING", "VOTOS" ) VALUES(59,1463);
INSERT INTO VOTO ( "ID", "NOTA", "TIPO_VOTO", "RESTAURANTE_ID" ) VALUES(1464,2,'PRECO',3);
INSERT INTO RANKING_VOTOS ( "RANKING", "VOTOS" ) VALUES(59,1464);
INSERT INTO VOTO ( "ID", "NOTA", "TIPO_VOTO", "RESTAURANTE_ID" ) VALUES(1465,4,'LOCALIZACAO',3);
INSERT INTO RANKING_VOTOS ( "RANKING", "VOTOS" ) VALUES(59,1465);
INSERT INTO VOTO ( "ID", "NOTA", "TIPO_VOTO", "RESTAURANTE_ID" ) VALUES(1466,2,'ATENDIMENTO',4);
INSERT INTO RANKING_VOTOS ( "RANKING", "VOTOS" ) VALUES(59,1466);
INSERT INTO VOTO ( "ID", "NOTA", "TIPO_VOTO", "RESTAURANTE_ID" ) VALUES(1467,1,'DEMORA',4);
INSERT INTO RANKING_VOTOS ( "RANKING", "VOTOS" ) VALUES(59,1467);
INSERT INTO VOTO ( "ID", "NOTA", "TIPO_VOTO", "RESTAURANTE_ID" ) VALUES(1468,5,'SABOR',4);
INSERT INTO RANKING_VOTOS ( "RANKING", "VOTOS" ) VALUES(59,1468);
INSERT INTO VOTO ( "ID", "NOTA", "TIPO_VOTO", "RESTAURANTE_ID" ) VALUES(1469,4,'PRECO',4);
INSERT INTO RANKING_VOTOS ( "RANKING", "VOTOS" ) VALUES(59,1469);
INSERT INTO VOTO ( "ID", "NOTA", "TIPO_VOTO", "RESTAURANTE_ID" ) VALUES(1470,3,'LOCALIZACAO',4);
INSERT INTO RANKING_VOTOS ( "RANKING", "VOTOS" ) VALUES(59,1470);
INSERT INTO VOTO ( "ID", "NOTA", "TIPO_VOTO", "RESTAURANTE_ID" ) VALUES(1471,3,'ATENDIMENTO',5);
INSERT INTO RANKING_VOTOS ( "RANKING", "VOTOS" ) VALUES(59,1471);
INSERT INTO VOTO ( "ID", "NOTA", "TIPO_VOTO", "RESTAURANTE_ID" ) VALUES(1472,1,'DEMORA',5);
INSERT INTO RANKING_VOTOS ( "RANKING", "VOTOS" ) VALUES(59,1472);
INSERT INTO VOTO ( "ID", "NOTA", "TIPO_VOTO", "RESTAURANTE_ID" ) VALUES(1473,2,'SABOR',5);
INSERT INTO RANKING_VOTOS ( "RANKING", "VOTOS" ) VALUES(59,1473);
INSERT INTO VOTO ( "ID", "NOTA", "TIPO_VOTO", "RESTAURANTE_ID" ) VALUES(1474,3,'PRECO',5);
INSERT INTO RANKING_VOTOS ( "RANKING", "VOTOS" ) VALUES(59,1474);
INSERT INTO VOTO ( "ID", "NOTA", "TIPO_VOTO", "RESTAURANTE_ID" ) VALUES(1475,3,'LOCALIZACAO',5);
INSERT INTO RANKING_VOTOS ( "RANKING", "VOTOS" ) VALUES(59,1475);
INSERT INTO PESSOA ( "ID", "NOME" ) VALUES(60, 'Marquis Flatley');
INSERT INTO USUARIO ( "ID", "PESSOA_ID" ) VALUES('lignifying@email.com',60);
INSERT INTO RANKING ( "ID", "USUARIO_ID" ) VALUES (60,'lignifying@email.com');
INSERT INTO VOTO ( "ID", "NOTA", "TIPO_VOTO", "RESTAURANTE_ID" ) VALUES(1476,2,'ATENDIMENTO',1);
INSERT INTO RANKING_VOTOS ( "RANKING", "VOTOS" ) VALUES(60,1476);
INSERT INTO VOTO ( "ID", "NOTA", "TIPO_VOTO", "RESTAURANTE_ID" ) VALUES(1477,4,'DEMORA',1);
INSERT INTO RANKING_VOTOS ( "RANKING", "VOTOS" ) VALUES(60,1477);
INSERT INTO VOTO ( "ID", "NOTA", "TIPO_VOTO", "RESTAURANTE_ID" ) VALUES(1478,5,'SABOR',1);
INSERT INTO RANKING_VOTOS ( "RANKING", "VOTOS" ) VALUES(60,1478);
INSERT INTO VOTO ( "ID", "NOTA", "TIPO_VOTO", "RESTAURANTE_ID" ) VALUES(1479,2,'PRECO',1);
INSERT INTO RANKING_VOTOS ( "RANKING", "VOTOS" ) VALUES(60,1479);
INSERT INTO VOTO ( "ID", "NOTA", "TIPO_VOTO", "RESTAURANTE_ID" ) VALUES(1480,3,'LOCALIZACAO',1);
INSERT INTO RANKING_VOTOS ( "RANKING", "VOTOS" ) VALUES(60,1480);
INSERT INTO VOTO ( "ID", "NOTA", "TIPO_VOTO", "RESTAURANTE_ID" ) VALUES(1481,3,'ATENDIMENTO',2);
INSERT INTO RANKING_VOTOS ( "RANKING", "VOTOS" ) VALUES(60,1481);
INSERT INTO VOTO ( "ID", "NOTA", "TIPO_VOTO", "RESTAURANTE_ID" ) VALUES(1482,5,'DEMORA',2);
INSERT INTO RANKING_VOTOS ( "RANKING", "VOTOS" ) VALUES(60,1482);
INSERT INTO VOTO ( "ID", "NOTA", "TIPO_VOTO", "RESTAURANTE_ID" ) VALUES(1483,3,'SABOR',2);
INSERT INTO RANKING_VOTOS ( "RANKING", "VOTOS" ) VALUES(60,1483);
INSERT INTO VOTO ( "ID", "NOTA", "TIPO_VOTO", "RESTAURANTE_ID" ) VALUES(1484,4,'PRECO',2);
INSERT INTO RANKING_VOTOS ( "RANKING", "VOTOS" ) VALUES(60,1484);
INSERT INTO VOTO ( "ID", "NOTA", "TIPO_VOTO", "RESTAURANTE_ID" ) VALUES(1485,2,'LOCALIZACAO',2);
INSERT INTO RANKING_VOTOS ( "RANKING", "VOTOS" ) VALUES(60,1485);
INSERT INTO VOTO ( "ID", "NOTA", "TIPO_VOTO", "RESTAURANTE_ID" ) VALUES(1486,1,'ATENDIMENTO',3);
INSERT INTO RANKING_VOTOS ( "RANKING", "VOTOS" ) VALUES(60,1486);
INSERT INTO VOTO ( "ID", "NOTA", "TIPO_VOTO", "RESTAURANTE_ID" ) VALUES(1487,1,'DEMORA',3);
INSERT INTO RANKING_VOTOS ( "RANKING", "VOTOS" ) VALUES(60,1487);
INSERT INTO VOTO ( "ID", "NOTA", "TIPO_VOTO", "RESTAURANTE_ID" ) VALUES(1488,5,'SABOR',3);
INSERT INTO RANKING_VOTOS ( "RANKING", "VOTOS" ) VALUES(60,1488);
INSERT INTO VOTO ( "ID", "NOTA", "TIPO_VOTO", "RESTAURANTE_ID" ) VALUES(1489,4,'PRECO',3);
INSERT INTO RANKING_VOTOS ( "RANKING", "VOTOS" ) VALUES(60,1489);
INSERT INTO VOTO ( "ID", "NOTA", "TIPO_VOTO", "RESTAURANTE_ID" ) VALUES(1490,4,'LOCALIZACAO',3);
INSERT INTO RANKING_VOTOS ( "RANKING", "VOTOS" ) VALUES(60,1490);
INSERT INTO VOTO ( "ID", "NOTA", "TIPO_VOTO", "RESTAURANTE_ID" ) VALUES(1491,2,'ATENDIMENTO',4);
INSERT INTO RANKING_VOTOS ( "RANKING", "VOTOS" ) VALUES(60,1491);
INSERT INTO VOTO ( "ID", "NOTA", "TIPO_VOTO", "RESTAURANTE_ID" ) VALUES(1492,5,'DEMORA',4);
INSERT INTO RANKING_VOTOS ( "RANKING", "VOTOS" ) VALUES(60,1492);
INSERT INTO VOTO ( "ID", "NOTA", "TIPO_VOTO", "RESTAURANTE_ID" ) VALUES(1493,3,'SABOR',4);
INSERT INTO RANKING_VOTOS ( "RANKING", "VOTOS" ) VALUES(60,1493);
INSERT INTO VOTO ( "ID", "NOTA", "TIPO_VOTO", "RESTAURANTE_ID" ) VALUES(1494,5,'PRECO',4);
INSERT INTO RANKING_VOTOS ( "RANKING", "VOTOS" ) VALUES(60,1494);
INSERT INTO VOTO ( "ID", "NOTA", "TIPO_VOTO", "RESTAURANTE_ID" ) VALUES(1495,2,'LOCALIZACAO',4);
INSERT INTO RANKING_VOTOS ( "RANKING", "VOTOS" ) VALUES(60,1495);
INSERT INTO VOTO ( "ID", "NOTA", "TIPO_VOTO", "RESTAURANTE_ID" ) VALUES(1496,4,'ATENDIMENTO',5);
INSERT INTO RANKING_VOTOS ( "RANKING", "VOTOS" ) VALUES(60,1496);
INSERT INTO VOTO ( "ID", "NOTA", "TIPO_VOTO", "RESTAURANTE_ID" ) VALUES(1497,3,'DEMORA',5);
INSERT INTO RANKING_VOTOS ( "RANKING", "VOTOS" ) VALUES(60,1497);
INSERT INTO VOTO ( "ID", "NOTA", "TIPO_VOTO", "RESTAURANTE_ID" ) VALUES(1498,1,'SABOR',5);
INSERT INTO RANKING_VOTOS ( "RANKING", "VOTOS" ) VALUES(60,1498);
INSERT INTO VOTO ( "ID", "NOTA", "TIPO_VOTO", "RESTAURANTE_ID" ) VALUES(1499,5,'PRECO',5);
INSERT INTO RANKING_VOTOS ( "RANKING", "VOTOS" ) VALUES(60,1499);
INSERT INTO VOTO ( "ID", "NOTA", "TIPO_VOTO", "RESTAURANTE_ID" ) VALUES(1500,5,'LOCALIZACAO',5);
INSERT INTO RANKING_VOTOS ( "RANKING", "VOTOS" ) VALUES(60,1500);
INSERT INTO PESSOA ( "ID", "NOME" ) VALUES(61, 'Saundra Koelpin');
INSERT INTO USUARIO ( "ID", "PESSOA_ID" ) VALUES('flashovers@email.com',61);
INSERT INTO RANKING ( "ID", "USUARIO_ID" ) VALUES (61,'flashovers@email.com');
INSERT INTO VOTO ( "ID", "NOTA", "TIPO_VOTO", "RESTAURANTE_ID" ) VALUES(1501,1,'ATENDIMENTO',1);
INSERT INTO RANKING_VOTOS ( "RANKING", "VOTOS" ) VALUES(61,1501);
INSERT INTO VOTO ( "ID", "NOTA", "TIPO_VOTO", "RESTAURANTE_ID" ) VALUES(1502,4,'DEMORA',1);
INSERT INTO RANKING_VOTOS ( "RANKING", "VOTOS" ) VALUES(61,1502);
INSERT INTO VOTO ( "ID", "NOTA", "TIPO_VOTO", "RESTAURANTE_ID" ) VALUES(1503,3,'SABOR',1);
INSERT INTO RANKING_VOTOS ( "RANKING", "VOTOS" ) VALUES(61,1503);
INSERT INTO VOTO ( "ID", "NOTA", "TIPO_VOTO", "RESTAURANTE_ID" ) VALUES(1504,3,'PRECO',1);
INSERT INTO RANKING_VOTOS ( "RANKING", "VOTOS" ) VALUES(61,1504);
INSERT INTO VOTO ( "ID", "NOTA", "TIPO_VOTO", "RESTAURANTE_ID" ) VALUES(1505,5,'LOCALIZACAO',1);
INSERT INTO RANKING_VOTOS ( "RANKING", "VOTOS" ) VALUES(61,1505);
INSERT INTO VOTO ( "ID", "NOTA", "TIPO_VOTO", "RESTAURANTE_ID" ) VALUES(1506,3,'ATENDIMENTO',2);
INSERT INTO RANKING_VOTOS ( "RANKING", "VOTOS" ) VALUES(61,1506);
INSERT INTO VOTO ( "ID", "NOTA", "TIPO_VOTO", "RESTAURANTE_ID" ) VALUES(1507,4,'DEMORA',2);
INSERT INTO RANKING_VOTOS ( "RANKING", "VOTOS" ) VALUES(61,1507);
INSERT INTO VOTO ( "ID", "NOTA", "TIPO_VOTO", "RESTAURANTE_ID" ) VALUES(1508,5,'SABOR',2);
INSERT INTO RANKING_VOTOS ( "RANKING", "VOTOS" ) VALUES(61,1508);
INSERT INTO VOTO ( "ID", "NOTA", "TIPO_VOTO", "RESTAURANTE_ID" ) VALUES(1509,4,'PRECO',2);
INSERT INTO RANKING_VOTOS ( "RANKING", "VOTOS" ) VALUES(61,1509);
INSERT INTO VOTO ( "ID", "NOTA", "TIPO_VOTO", "RESTAURANTE_ID" ) VALUES(1510,1,'LOCALIZACAO',2);
INSERT INTO RANKING_VOTOS ( "RANKING", "VOTOS" ) VALUES(61,1510);
INSERT INTO VOTO ( "ID", "NOTA", "TIPO_VOTO", "RESTAURANTE_ID" ) VALUES(1511,4,'ATENDIMENTO',3);
INSERT INTO RANKING_VOTOS ( "RANKING", "VOTOS" ) VALUES(61,1511);
INSERT INTO VOTO ( "ID", "NOTA", "TIPO_VOTO", "RESTAURANTE_ID" ) VALUES(1512,1,'DEMORA',3);
INSERT INTO RANKING_VOTOS ( "RANKING", "VOTOS" ) VALUES(61,1512);
INSERT INTO VOTO ( "ID", "NOTA", "TIPO_VOTO", "RESTAURANTE_ID" ) VALUES(1513,2,'SABOR',3);
INSERT INTO RANKING_VOTOS ( "RANKING", "VOTOS" ) VALUES(61,1513);
INSERT INTO VOTO ( "ID", "NOTA", "TIPO_VOTO", "RESTAURANTE_ID" ) VALUES(1514,3,'PRECO',3);
INSERT INTO RANKING_VOTOS ( "RANKING", "VOTOS" ) VALUES(61,1514);
INSERT INTO VOTO ( "ID", "NOTA", "TIPO_VOTO", "RESTAURANTE_ID" ) VALUES(1515,1,'LOCALIZACAO',3);
INSERT INTO RANKING_VOTOS ( "RANKING", "VOTOS" ) VALUES(61,1515);
INSERT INTO VOTO ( "ID", "NOTA", "TIPO_VOTO", "RESTAURANTE_ID" ) VALUES(1516,2,'ATENDIMENTO',4);
INSERT INTO RANKING_VOTOS ( "RANKING", "VOTOS" ) VALUES(61,1516);
INSERT INTO VOTO ( "ID", "NOTA", "TIPO_VOTO", "RESTAURANTE_ID" ) VALUES(1517,4,'DEMORA',4);
INSERT INTO RANKING_VOTOS ( "RANKING", "VOTOS" ) VALUES(61,1517);
INSERT INTO VOTO ( "ID", "NOTA", "TIPO_VOTO", "RESTAURANTE_ID" ) VALUES(1518,2,'SABOR',4);
INSERT INTO RANKING_VOTOS ( "RANKING", "VOTOS" ) VALUES(61,1518);
INSERT INTO VOTO ( "ID", "NOTA", "TIPO_VOTO", "RESTAURANTE_ID" ) VALUES(1519,1,'PRECO',4);
INSERT INTO RANKING_VOTOS ( "RANKING", "VOTOS" ) VALUES(61,1519);
INSERT INTO VOTO ( "ID", "NOTA", "TIPO_VOTO", "RESTAURANTE_ID" ) VALUES(1520,2,'LOCALIZACAO',4);
INSERT INTO RANKING_VOTOS ( "RANKING", "VOTOS" ) VALUES(61,1520);
INSERT INTO VOTO ( "ID", "NOTA", "TIPO_VOTO", "RESTAURANTE_ID" ) VALUES(1521,5,'ATENDIMENTO',5);
INSERT INTO RANKING_VOTOS ( "RANKING", "VOTOS" ) VALUES(61,1521);
INSERT INTO VOTO ( "ID", "NOTA", "TIPO_VOTO", "RESTAURANTE_ID" ) VALUES(1522,5,'DEMORA',5);
INSERT INTO RANKING_VOTOS ( "RANKING", "VOTOS" ) VALUES(61,1522);
INSERT INTO VOTO ( "ID", "NOTA", "TIPO_VOTO", "RESTAURANTE_ID" ) VALUES(1523,4,'SABOR',5);
INSERT INTO RANKING_VOTOS ( "RANKING", "VOTOS" ) VALUES(61,1523);
INSERT INTO VOTO ( "ID", "NOTA", "TIPO_VOTO", "RESTAURANTE_ID" ) VALUES(1524,3,'PRECO',5);
INSERT INTO RANKING_VOTOS ( "RANKING", "VOTOS" ) VALUES(61,1524);
INSERT INTO VOTO ( "ID", "NOTA", "TIPO_VOTO", "RESTAURANTE_ID" ) VALUES(1525,2,'LOCALIZACAO',5);
INSERT INTO RANKING_VOTOS ( "RANKING", "VOTOS" ) VALUES(61,1525);
INSERT INTO PESSOA ( "ID", "NOME" ) VALUES(62, 'Verlene Lockman');
INSERT INTO USUARIO ( "ID", "PESSOA_ID" ) VALUES('hyperspace@email.com',62);
INSERT INTO RANKING ( "ID", "USUARIO_ID" ) VALUES (62,'hyperspace@email.com');
INSERT INTO VOTO ( "ID", "NOTA", "TIPO_VOTO", "RESTAURANTE_ID" ) VALUES(1526,5,'ATENDIMENTO',1);
INSERT INTO RANKING_VOTOS ( "RANKING", "VOTOS" ) VALUES(62,1526);
INSERT INTO VOTO ( "ID", "NOTA", "TIPO_VOTO", "RESTAURANTE_ID" ) VALUES(1527,5,'DEMORA',1);
INSERT INTO RANKING_VOTOS ( "RANKING", "VOTOS" ) VALUES(62,1527);
INSERT INTO VOTO ( "ID", "NOTA", "TIPO_VOTO", "RESTAURANTE_ID" ) VALUES(1528,1,'SABOR',1);
INSERT INTO RANKING_VOTOS ( "RANKING", "VOTOS" ) VALUES(62,1528);
INSERT INTO VOTO ( "ID", "NOTA", "TIPO_VOTO", "RESTAURANTE_ID" ) VALUES(1529,3,'PRECO',1);
INSERT INTO RANKING_VOTOS ( "RANKING", "VOTOS" ) VALUES(62,1529);
INSERT INTO VOTO ( "ID", "NOTA", "TIPO_VOTO", "RESTAURANTE_ID" ) VALUES(1530,4,'LOCALIZACAO',1);
INSERT INTO RANKING_VOTOS ( "RANKING", "VOTOS" ) VALUES(62,1530);
INSERT INTO VOTO ( "ID", "NOTA", "TIPO_VOTO", "RESTAURANTE_ID" ) VALUES(1531,2,'ATENDIMENTO',2);
INSERT INTO RANKING_VOTOS ( "RANKING", "VOTOS" ) VALUES(62,1531);
INSERT INTO VOTO ( "ID", "NOTA", "TIPO_VOTO", "RESTAURANTE_ID" ) VALUES(1532,4,'DEMORA',2);
INSERT INTO RANKING_VOTOS ( "RANKING", "VOTOS" ) VALUES(62,1532);
INSERT INTO VOTO ( "ID", "NOTA", "TIPO_VOTO", "RESTAURANTE_ID" ) VALUES(1533,4,'SABOR',2);
INSERT INTO RANKING_VOTOS ( "RANKING", "VOTOS" ) VALUES(62,1533);
INSERT INTO VOTO ( "ID", "NOTA", "TIPO_VOTO", "RESTAURANTE_ID" ) VALUES(1534,3,'PRECO',2);
INSERT INTO RANKING_VOTOS ( "RANKING", "VOTOS" ) VALUES(62,1534);
INSERT INTO VOTO ( "ID", "NOTA", "TIPO_VOTO", "RESTAURANTE_ID" ) VALUES(1535,2,'LOCALIZACAO',2);
INSERT INTO RANKING_VOTOS ( "RANKING", "VOTOS" ) VALUES(62,1535);
INSERT INTO VOTO ( "ID", "NOTA", "TIPO_VOTO", "RESTAURANTE_ID" ) VALUES(1536,1,'ATENDIMENTO',3);
INSERT INTO RANKING_VOTOS ( "RANKING", "VOTOS" ) VALUES(62,1536);
INSERT INTO VOTO ( "ID", "NOTA", "TIPO_VOTO", "RESTAURANTE_ID" ) VALUES(1537,5,'DEMORA',3);
INSERT INTO RANKING_VOTOS ( "RANKING", "VOTOS" ) VALUES(62,1537);
INSERT INTO VOTO ( "ID", "NOTA", "TIPO_VOTO", "RESTAURANTE_ID" ) VALUES(1538,2,'SABOR',3);
INSERT INTO RANKING_VOTOS ( "RANKING", "VOTOS" ) VALUES(62,1538);
INSERT INTO VOTO ( "ID", "NOTA", "TIPO_VOTO", "RESTAURANTE_ID" ) VALUES(1539,3,'PRECO',3);
INSERT INTO RANKING_VOTOS ( "RANKING", "VOTOS" ) VALUES(62,1539);
INSERT INTO VOTO ( "ID", "NOTA", "TIPO_VOTO", "RESTAURANTE_ID" ) VALUES(1540,3,'LOCALIZACAO',3);
INSERT INTO RANKING_VOTOS ( "RANKING", "VOTOS" ) VALUES(62,1540);
INSERT INTO VOTO ( "ID", "NOTA", "TIPO_VOTO", "RESTAURANTE_ID" ) VALUES(1541,4,'ATENDIMENTO',4);
INSERT INTO RANKING_VOTOS ( "RANKING", "VOTOS" ) VALUES(62,1541);
INSERT INTO VOTO ( "ID", "NOTA", "TIPO_VOTO", "RESTAURANTE_ID" ) VALUES(1542,1,'DEMORA',4);
INSERT INTO RANKING_VOTOS ( "RANKING", "VOTOS" ) VALUES(62,1542);
INSERT INTO VOTO ( "ID", "NOTA", "TIPO_VOTO", "RESTAURANTE_ID" ) VALUES(1543,1,'SABOR',4);
INSERT INTO RANKING_VOTOS ( "RANKING", "VOTOS" ) VALUES(62,1543);
INSERT INTO VOTO ( "ID", "NOTA", "TIPO_VOTO", "RESTAURANTE_ID" ) VALUES(1544,3,'PRECO',4);
INSERT INTO RANKING_VOTOS ( "RANKING", "VOTOS" ) VALUES(62,1544);
INSERT INTO VOTO ( "ID", "NOTA", "TIPO_VOTO", "RESTAURANTE_ID" ) VALUES(1545,1,'LOCALIZACAO',4);
INSERT INTO RANKING_VOTOS ( "RANKING", "VOTOS" ) VALUES(62,1545);
INSERT INTO VOTO ( "ID", "NOTA", "TIPO_VOTO", "RESTAURANTE_ID" ) VALUES(1546,3,'ATENDIMENTO',5);
INSERT INTO RANKING_VOTOS ( "RANKING", "VOTOS" ) VALUES(62,1546);
INSERT INTO VOTO ( "ID", "NOTA", "TIPO_VOTO", "RESTAURANTE_ID" ) VALUES(1547,4,'DEMORA',5);
INSERT INTO RANKING_VOTOS ( "RANKING", "VOTOS" ) VALUES(62,1547);
INSERT INTO VOTO ( "ID", "NOTA", "TIPO_VOTO", "RESTAURANTE_ID" ) VALUES(1548,4,'SABOR',5);
INSERT INTO RANKING_VOTOS ( "RANKING", "VOTOS" ) VALUES(62,1548);
INSERT INTO VOTO ( "ID", "NOTA", "TIPO_VOTO", "RESTAURANTE_ID" ) VALUES(1549,2,'PRECO',5);
INSERT INTO RANKING_VOTOS ( "RANKING", "VOTOS" ) VALUES(62,1549);
INSERT INTO VOTO ( "ID", "NOTA", "TIPO_VOTO", "RESTAURANTE_ID" ) VALUES(1550,4,'LOCALIZACAO',5);
INSERT INTO RANKING_VOTOS ( "RANKING", "VOTOS" ) VALUES(62,1550);
INSERT INTO PESSOA ( "ID", "NOME" ) VALUES(63, 'Latosha Goodwin');
INSERT INTO USUARIO ( "ID", "PESSOA_ID" ) VALUES('juvenility@email.com',63);
INSERT INTO RANKING ( "ID", "USUARIO_ID" ) VALUES (63,'juvenility@email.com');
INSERT INTO VOTO ( "ID", "NOTA", "TIPO_VOTO", "RESTAURANTE_ID" ) VALUES(1551,3,'ATENDIMENTO',1);
INSERT INTO RANKING_VOTOS ( "RANKING", "VOTOS" ) VALUES(63,1551);
INSERT INTO VOTO ( "ID", "NOTA", "TIPO_VOTO", "RESTAURANTE_ID" ) VALUES(1552,2,'DEMORA',1);
INSERT INTO RANKING_VOTOS ( "RANKING", "VOTOS" ) VALUES(63,1552);
INSERT INTO VOTO ( "ID", "NOTA", "TIPO_VOTO", "RESTAURANTE_ID" ) VALUES(1553,5,'SABOR',1);
INSERT INTO RANKING_VOTOS ( "RANKING", "VOTOS" ) VALUES(63,1553);
INSERT INTO VOTO ( "ID", "NOTA", "TIPO_VOTO", "RESTAURANTE_ID" ) VALUES(1554,1,'PRECO',1);
INSERT INTO RANKING_VOTOS ( "RANKING", "VOTOS" ) VALUES(63,1554);
INSERT INTO VOTO ( "ID", "NOTA", "TIPO_VOTO", "RESTAURANTE_ID" ) VALUES(1555,3,'LOCALIZACAO',1);
INSERT INTO RANKING_VOTOS ( "RANKING", "VOTOS" ) VALUES(63,1555);
INSERT INTO VOTO ( "ID", "NOTA", "TIPO_VOTO", "RESTAURANTE_ID" ) VALUES(1556,1,'ATENDIMENTO',2);
INSERT INTO RANKING_VOTOS ( "RANKING", "VOTOS" ) VALUES(63,1556);
INSERT INTO VOTO ( "ID", "NOTA", "TIPO_VOTO", "RESTAURANTE_ID" ) VALUES(1557,1,'DEMORA',2);
INSERT INTO RANKING_VOTOS ( "RANKING", "VOTOS" ) VALUES(63,1557);
INSERT INTO VOTO ( "ID", "NOTA", "TIPO_VOTO", "RESTAURANTE_ID" ) VALUES(1558,2,'SABOR',2);
INSERT INTO RANKING_VOTOS ( "RANKING", "VOTOS" ) VALUES(63,1558);
INSERT INTO VOTO ( "ID", "NOTA", "TIPO_VOTO", "RESTAURANTE_ID" ) VALUES(1559,2,'PRECO',2);
INSERT INTO RANKING_VOTOS ( "RANKING", "VOTOS" ) VALUES(63,1559);
INSERT INTO VOTO ( "ID", "NOTA", "TIPO_VOTO", "RESTAURANTE_ID" ) VALUES(1560,2,'LOCALIZACAO',2);
INSERT INTO RANKING_VOTOS ( "RANKING", "VOTOS" ) VALUES(63,1560);
INSERT INTO VOTO ( "ID", "NOTA", "TIPO_VOTO", "RESTAURANTE_ID" ) VALUES(1561,3,'ATENDIMENTO',3);
INSERT INTO RANKING_VOTOS ( "RANKING", "VOTOS" ) VALUES(63,1561);
INSERT INTO VOTO ( "ID", "NOTA", "TIPO_VOTO", "RESTAURANTE_ID" ) VALUES(1562,4,'DEMORA',3);
INSERT INTO RANKING_VOTOS ( "RANKING", "VOTOS" ) VALUES(63,1562);
INSERT INTO VOTO ( "ID", "NOTA", "TIPO_VOTO", "RESTAURANTE_ID" ) VALUES(1563,3,'SABOR',3);
INSERT INTO RANKING_VOTOS ( "RANKING", "VOTOS" ) VALUES(63,1563);
INSERT INTO VOTO ( "ID", "NOTA", "TIPO_VOTO", "RESTAURANTE_ID" ) VALUES(1564,3,'PRECO',3);
INSERT INTO RANKING_VOTOS ( "RANKING", "VOTOS" ) VALUES(63,1564);
INSERT INTO VOTO ( "ID", "NOTA", "TIPO_VOTO", "RESTAURANTE_ID" ) VALUES(1565,3,'LOCALIZACAO',3);
INSERT INTO RANKING_VOTOS ( "RANKING", "VOTOS" ) VALUES(63,1565);
INSERT INTO VOTO ( "ID", "NOTA", "TIPO_VOTO", "RESTAURANTE_ID" ) VALUES(1566,2,'ATENDIMENTO',4);
INSERT INTO RANKING_VOTOS ( "RANKING", "VOTOS" ) VALUES(63,1566);
INSERT INTO VOTO ( "ID", "NOTA", "TIPO_VOTO", "RESTAURANTE_ID" ) VALUES(1567,4,'DEMORA',4);
INSERT INTO RANKING_VOTOS ( "RANKING", "VOTOS" ) VALUES(63,1567);
INSERT INTO VOTO ( "ID", "NOTA", "TIPO_VOTO", "RESTAURANTE_ID" ) VALUES(1568,5,'SABOR',4);
INSERT INTO RANKING_VOTOS ( "RANKING", "VOTOS" ) VALUES(63,1568);
INSERT INTO VOTO ( "ID", "NOTA", "TIPO_VOTO", "RESTAURANTE_ID" ) VALUES(1569,2,'PRECO',4);
INSERT INTO RANKING_VOTOS ( "RANKING", "VOTOS" ) VALUES(63,1569);
INSERT INTO VOTO ( "ID", "NOTA", "TIPO_VOTO", "RESTAURANTE_ID" ) VALUES(1570,3,'LOCALIZACAO',4);
INSERT INTO RANKING_VOTOS ( "RANKING", "VOTOS" ) VALUES(63,1570);
INSERT INTO VOTO ( "ID", "NOTA", "TIPO_VOTO", "RESTAURANTE_ID" ) VALUES(1571,2,'ATENDIMENTO',5);
INSERT INTO RANKING_VOTOS ( "RANKING", "VOTOS" ) VALUES(63,1571);
INSERT INTO VOTO ( "ID", "NOTA", "TIPO_VOTO", "RESTAURANTE_ID" ) VALUES(1572,3,'DEMORA',5);
INSERT INTO RANKING_VOTOS ( "RANKING", "VOTOS" ) VALUES(63,1572);
INSERT INTO VOTO ( "ID", "NOTA", "TIPO_VOTO", "RESTAURANTE_ID" ) VALUES(1573,2,'SABOR',5);
INSERT INTO RANKING_VOTOS ( "RANKING", "VOTOS" ) VALUES(63,1573);
INSERT INTO VOTO ( "ID", "NOTA", "TIPO_VOTO", "RESTAURANTE_ID" ) VALUES(1574,2,'PRECO',5);
INSERT INTO RANKING_VOTOS ( "RANKING", "VOTOS" ) VALUES(63,1574);
INSERT INTO VOTO ( "ID", "NOTA", "TIPO_VOTO", "RESTAURANTE_ID" ) VALUES(1575,3,'LOCALIZACAO',5);
INSERT INTO RANKING_VOTOS ( "RANKING", "VOTOS" ) VALUES(63,1575);
INSERT INTO PESSOA ( "ID", "NOME" ) VALUES(64, 'Mariano Effertz');
INSERT INTO USUARIO ( "ID", "PESSOA_ID" ) VALUES('phosphoryl@email.com',64);
INSERT INTO RANKING ( "ID", "USUARIO_ID" ) VALUES (64,'phosphoryl@email.com');
INSERT INTO VOTO ( "ID", "NOTA", "TIPO_VOTO", "RESTAURANTE_ID" ) VALUES(1576,5,'ATENDIMENTO',1);
INSERT INTO RANKING_VOTOS ( "RANKING", "VOTOS" ) VALUES(64,1576);
INSERT INTO VOTO ( "ID", "NOTA", "TIPO_VOTO", "RESTAURANTE_ID" ) VALUES(1577,2,'DEMORA',1);
INSERT INTO RANKING_VOTOS ( "RANKING", "VOTOS" ) VALUES(64,1577);
INSERT INTO VOTO ( "ID", "NOTA", "TIPO_VOTO", "RESTAURANTE_ID" ) VALUES(1578,5,'SABOR',1);
INSERT INTO RANKING_VOTOS ( "RANKING", "VOTOS" ) VALUES(64,1578);
INSERT INTO VOTO ( "ID", "NOTA", "TIPO_VOTO", "RESTAURANTE_ID" ) VALUES(1579,3,'PRECO',1);
INSERT INTO RANKING_VOTOS ( "RANKING", "VOTOS" ) VALUES(64,1579);
INSERT INTO VOTO ( "ID", "NOTA", "TIPO_VOTO", "RESTAURANTE_ID" ) VALUES(1580,2,'LOCALIZACAO',1);
INSERT INTO RANKING_VOTOS ( "RANKING", "VOTOS" ) VALUES(64,1580);
INSERT INTO VOTO ( "ID", "NOTA", "TIPO_VOTO", "RESTAURANTE_ID" ) VALUES(1581,5,'ATENDIMENTO',2);
INSERT INTO RANKING_VOTOS ( "RANKING", "VOTOS" ) VALUES(64,1581);
INSERT INTO VOTO ( "ID", "NOTA", "TIPO_VOTO", "RESTAURANTE_ID" ) VALUES(1582,4,'DEMORA',2);
INSERT INTO RANKING_VOTOS ( "RANKING", "VOTOS" ) VALUES(64,1582);
INSERT INTO VOTO ( "ID", "NOTA", "TIPO_VOTO", "RESTAURANTE_ID" ) VALUES(1583,1,'SABOR',2);
INSERT INTO RANKING_VOTOS ( "RANKING", "VOTOS" ) VALUES(64,1583);
INSERT INTO VOTO ( "ID", "NOTA", "TIPO_VOTO", "RESTAURANTE_ID" ) VALUES(1584,4,'PRECO',2);
INSERT INTO RANKING_VOTOS ( "RANKING", "VOTOS" ) VALUES(64,1584);
INSERT INTO VOTO ( "ID", "NOTA", "TIPO_VOTO", "RESTAURANTE_ID" ) VALUES(1585,2,'LOCALIZACAO',2);
INSERT INTO RANKING_VOTOS ( "RANKING", "VOTOS" ) VALUES(64,1585);
INSERT INTO VOTO ( "ID", "NOTA", "TIPO_VOTO", "RESTAURANTE_ID" ) VALUES(1586,2,'ATENDIMENTO',3);
INSERT INTO RANKING_VOTOS ( "RANKING", "VOTOS" ) VALUES(64,1586);
INSERT INTO VOTO ( "ID", "NOTA", "TIPO_VOTO", "RESTAURANTE_ID" ) VALUES(1587,1,'DEMORA',3);
INSERT INTO RANKING_VOTOS ( "RANKING", "VOTOS" ) VALUES(64,1587);
INSERT INTO VOTO ( "ID", "NOTA", "TIPO_VOTO", "RESTAURANTE_ID" ) VALUES(1588,5,'SABOR',3);
INSERT INTO RANKING_VOTOS ( "RANKING", "VOTOS" ) VALUES(64,1588);
INSERT INTO VOTO ( "ID", "NOTA", "TIPO_VOTO", "RESTAURANTE_ID" ) VALUES(1589,5,'PRECO',3);
INSERT INTO RANKING_VOTOS ( "RANKING", "VOTOS" ) VALUES(64,1589);
INSERT INTO VOTO ( "ID", "NOTA", "TIPO_VOTO", "RESTAURANTE_ID" ) VALUES(1590,4,'LOCALIZACAO',3);
INSERT INTO RANKING_VOTOS ( "RANKING", "VOTOS" ) VALUES(64,1590);
INSERT INTO VOTO ( "ID", "NOTA", "TIPO_VOTO", "RESTAURANTE_ID" ) VALUES(1591,5,'ATENDIMENTO',4);
INSERT INTO RANKING_VOTOS ( "RANKING", "VOTOS" ) VALUES(64,1591);
INSERT INTO VOTO ( "ID", "NOTA", "TIPO_VOTO", "RESTAURANTE_ID" ) VALUES(1592,5,'DEMORA',4);
INSERT INTO RANKING_VOTOS ( "RANKING", "VOTOS" ) VALUES(64,1592);
INSERT INTO VOTO ( "ID", "NOTA", "TIPO_VOTO", "RESTAURANTE_ID" ) VALUES(1593,3,'SABOR',4);
INSERT INTO RANKING_VOTOS ( "RANKING", "VOTOS" ) VALUES(64,1593);
INSERT INTO VOTO ( "ID", "NOTA", "TIPO_VOTO", "RESTAURANTE_ID" ) VALUES(1594,3,'PRECO',4);
INSERT INTO RANKING_VOTOS ( "RANKING", "VOTOS" ) VALUES(64,1594);
INSERT INTO VOTO ( "ID", "NOTA", "TIPO_VOTO", "RESTAURANTE_ID" ) VALUES(1595,4,'LOCALIZACAO',4);
INSERT INTO RANKING_VOTOS ( "RANKING", "VOTOS" ) VALUES(64,1595);
INSERT INTO VOTO ( "ID", "NOTA", "TIPO_VOTO", "RESTAURANTE_ID" ) VALUES(1596,1,'ATENDIMENTO',5);
INSERT INTO RANKING_VOTOS ( "RANKING", "VOTOS" ) VALUES(64,1596);
INSERT INTO VOTO ( "ID", "NOTA", "TIPO_VOTO", "RESTAURANTE_ID" ) VALUES(1597,2,'DEMORA',5);
INSERT INTO RANKING_VOTOS ( "RANKING", "VOTOS" ) VALUES(64,1597);
INSERT INTO VOTO ( "ID", "NOTA", "TIPO_VOTO", "RESTAURANTE_ID" ) VALUES(1598,2,'SABOR',5);
INSERT INTO RANKING_VOTOS ( "RANKING", "VOTOS" ) VALUES(64,1598);
INSERT INTO VOTO ( "ID", "NOTA", "TIPO_VOTO", "RESTAURANTE_ID" ) VALUES(1599,5,'PRECO',5);
INSERT INTO RANKING_VOTOS ( "RANKING", "VOTOS" ) VALUES(64,1599);
INSERT INTO VOTO ( "ID", "NOTA", "TIPO_VOTO", "RESTAURANTE_ID" ) VALUES(1600,2,'LOCALIZACAO',5);
INSERT INTO RANKING_VOTOS ( "RANKING", "VOTOS" ) VALUES(64,1600);
INSERT INTO PESSOA ( "ID", "NOME" ) VALUES(65, 'Kenneth Schmitt');
INSERT INTO USUARIO ( "ID", "PESSOA_ID" ) VALUES('insatiably@email.com',65);
INSERT INTO RANKING ( "ID", "USUARIO_ID" ) VALUES (65,'insatiably@email.com');
INSERT INTO VOTO ( "ID", "NOTA", "TIPO_VOTO", "RESTAURANTE_ID" ) VALUES(1601,1,'ATENDIMENTO',1);
INSERT INTO RANKING_VOTOS ( "RANKING", "VOTOS" ) VALUES(65,1601);
INSERT INTO VOTO ( "ID", "NOTA", "TIPO_VOTO", "RESTAURANTE_ID" ) VALUES(1602,2,'DEMORA',1);
INSERT INTO RANKING_VOTOS ( "RANKING", "VOTOS" ) VALUES(65,1602);
INSERT INTO VOTO ( "ID", "NOTA", "TIPO_VOTO", "RESTAURANTE_ID" ) VALUES(1603,2,'SABOR',1);
INSERT INTO RANKING_VOTOS ( "RANKING", "VOTOS" ) VALUES(65,1603);
INSERT INTO VOTO ( "ID", "NOTA", "TIPO_VOTO", "RESTAURANTE_ID" ) VALUES(1604,3,'PRECO',1);
INSERT INTO RANKING_VOTOS ( "RANKING", "VOTOS" ) VALUES(65,1604);
INSERT INTO VOTO ( "ID", "NOTA", "TIPO_VOTO", "RESTAURANTE_ID" ) VALUES(1605,4,'LOCALIZACAO',1);
INSERT INTO RANKING_VOTOS ( "RANKING", "VOTOS" ) VALUES(65,1605);
INSERT INTO VOTO ( "ID", "NOTA", "TIPO_VOTO", "RESTAURANTE_ID" ) VALUES(1606,2,'ATENDIMENTO',2);
INSERT INTO RANKING_VOTOS ( "RANKING", "VOTOS" ) VALUES(65,1606);
INSERT INTO VOTO ( "ID", "NOTA", "TIPO_VOTO", "RESTAURANTE_ID" ) VALUES(1607,5,'DEMORA',2);
INSERT INTO RANKING_VOTOS ( "RANKING", "VOTOS" ) VALUES(65,1607);
INSERT INTO VOTO ( "ID", "NOTA", "TIPO_VOTO", "RESTAURANTE_ID" ) VALUES(1608,1,'SABOR',2);
INSERT INTO RANKING_VOTOS ( "RANKING", "VOTOS" ) VALUES(65,1608);
INSERT INTO VOTO ( "ID", "NOTA", "TIPO_VOTO", "RESTAURANTE_ID" ) VALUES(1609,5,'PRECO',2);
INSERT INTO RANKING_VOTOS ( "RANKING", "VOTOS" ) VALUES(65,1609);
INSERT INTO VOTO ( "ID", "NOTA", "TIPO_VOTO", "RESTAURANTE_ID" ) VALUES(1610,1,'LOCALIZACAO',2);
INSERT INTO RANKING_VOTOS ( "RANKING", "VOTOS" ) VALUES(65,1610);
INSERT INTO VOTO ( "ID", "NOTA", "TIPO_VOTO", "RESTAURANTE_ID" ) VALUES(1611,1,'ATENDIMENTO',3);
INSERT INTO RANKING_VOTOS ( "RANKING", "VOTOS" ) VALUES(65,1611);
INSERT INTO VOTO ( "ID", "NOTA", "TIPO_VOTO", "RESTAURANTE_ID" ) VALUES(1612,3,'DEMORA',3);
INSERT INTO RANKING_VOTOS ( "RANKING", "VOTOS" ) VALUES(65,1612);
INSERT INTO VOTO ( "ID", "NOTA", "TIPO_VOTO", "RESTAURANTE_ID" ) VALUES(1613,1,'SABOR',3);
INSERT INTO RANKING_VOTOS ( "RANKING", "VOTOS" ) VALUES(65,1613);
INSERT INTO VOTO ( "ID", "NOTA", "TIPO_VOTO", "RESTAURANTE_ID" ) VALUES(1614,5,'PRECO',3);
INSERT INTO RANKING_VOTOS ( "RANKING", "VOTOS" ) VALUES(65,1614);
INSERT INTO VOTO ( "ID", "NOTA", "TIPO_VOTO", "RESTAURANTE_ID" ) VALUES(1615,4,'LOCALIZACAO',3);
INSERT INTO RANKING_VOTOS ( "RANKING", "VOTOS" ) VALUES(65,1615);
INSERT INTO VOTO ( "ID", "NOTA", "TIPO_VOTO", "RESTAURANTE_ID" ) VALUES(1616,5,'ATENDIMENTO',4);
INSERT INTO RANKING_VOTOS ( "RANKING", "VOTOS" ) VALUES(65,1616);
INSERT INTO VOTO ( "ID", "NOTA", "TIPO_VOTO", "RESTAURANTE_ID" ) VALUES(1617,3,'DEMORA',4);
INSERT INTO RANKING_VOTOS ( "RANKING", "VOTOS" ) VALUES(65,1617);
INSERT INTO VOTO ( "ID", "NOTA", "TIPO_VOTO", "RESTAURANTE_ID" ) VALUES(1618,2,'SABOR',4);
INSERT INTO RANKING_VOTOS ( "RANKING", "VOTOS" ) VALUES(65,1618);
INSERT INTO VOTO ( "ID", "NOTA", "TIPO_VOTO", "RESTAURANTE_ID" ) VALUES(1619,4,'PRECO',4);
INSERT INTO RANKING_VOTOS ( "RANKING", "VOTOS" ) VALUES(65,1619);
INSERT INTO VOTO ( "ID", "NOTA", "TIPO_VOTO", "RESTAURANTE_ID" ) VALUES(1620,5,'LOCALIZACAO',4);
INSERT INTO RANKING_VOTOS ( "RANKING", "VOTOS" ) VALUES(65,1620);
INSERT INTO VOTO ( "ID", "NOTA", "TIPO_VOTO", "RESTAURANTE_ID" ) VALUES(1621,2,'ATENDIMENTO',5);
INSERT INTO RANKING_VOTOS ( "RANKING", "VOTOS" ) VALUES(65,1621);
INSERT INTO VOTO ( "ID", "NOTA", "TIPO_VOTO", "RESTAURANTE_ID" ) VALUES(1622,1,'DEMORA',5);
INSERT INTO RANKING_VOTOS ( "RANKING", "VOTOS" ) VALUES(65,1622);
INSERT INTO VOTO ( "ID", "NOTA", "TIPO_VOTO", "RESTAURANTE_ID" ) VALUES(1623,4,'SABOR',5);
INSERT INTO RANKING_VOTOS ( "RANKING", "VOTOS" ) VALUES(65,1623);
INSERT INTO VOTO ( "ID", "NOTA", "TIPO_VOTO", "RESTAURANTE_ID" ) VALUES(1624,4,'PRECO',5);
INSERT INTO RANKING_VOTOS ( "RANKING", "VOTOS" ) VALUES(65,1624);
INSERT INTO VOTO ( "ID", "NOTA", "TIPO_VOTO", "RESTAURANTE_ID" ) VALUES(1625,5,'LOCALIZACAO',5);
INSERT INTO RANKING_VOTOS ( "RANKING", "VOTOS" ) VALUES(65,1625);
INSERT INTO PESSOA ( "ID", "NOME" ) VALUES(66, 'Freddie Denesik');
INSERT INTO USUARIO ( "ID", "PESSOA_ID" ) VALUES('oceangoing@email.com',66);
INSERT INTO RANKING ( "ID", "USUARIO_ID" ) VALUES (66,'oceangoing@email.com');
INSERT INTO VOTO ( "ID", "NOTA", "TIPO_VOTO", "RESTAURANTE_ID" ) VALUES(1626,4,'ATENDIMENTO',1);
INSERT INTO RANKING_VOTOS ( "RANKING", "VOTOS" ) VALUES(66,1626);
INSERT INTO VOTO ( "ID", "NOTA", "TIPO_VOTO", "RESTAURANTE_ID" ) VALUES(1627,2,'DEMORA',1);
INSERT INTO RANKING_VOTOS ( "RANKING", "VOTOS" ) VALUES(66,1627);
INSERT INTO VOTO ( "ID", "NOTA", "TIPO_VOTO", "RESTAURANTE_ID" ) VALUES(1628,3,'SABOR',1);
INSERT INTO RANKING_VOTOS ( "RANKING", "VOTOS" ) VALUES(66,1628);
INSERT INTO VOTO ( "ID", "NOTA", "TIPO_VOTO", "RESTAURANTE_ID" ) VALUES(1629,1,'PRECO',1);
INSERT INTO RANKING_VOTOS ( "RANKING", "VOTOS" ) VALUES(66,1629);
INSERT INTO VOTO ( "ID", "NOTA", "TIPO_VOTO", "RESTAURANTE_ID" ) VALUES(1630,1,'LOCALIZACAO',1);
INSERT INTO RANKING_VOTOS ( "RANKING", "VOTOS" ) VALUES(66,1630);
INSERT INTO VOTO ( "ID", "NOTA", "TIPO_VOTO", "RESTAURANTE_ID" ) VALUES(1631,5,'ATENDIMENTO',2);
INSERT INTO RANKING_VOTOS ( "RANKING", "VOTOS" ) VALUES(66,1631);
INSERT INTO VOTO ( "ID", "NOTA", "TIPO_VOTO", "RESTAURANTE_ID" ) VALUES(1632,1,'DEMORA',2);
INSERT INTO RANKING_VOTOS ( "RANKING", "VOTOS" ) VALUES(66,1632);
INSERT INTO VOTO ( "ID", "NOTA", "TIPO_VOTO", "RESTAURANTE_ID" ) VALUES(1633,3,'SABOR',2);
INSERT INTO RANKING_VOTOS ( "RANKING", "VOTOS" ) VALUES(66,1633);
INSERT INTO VOTO ( "ID", "NOTA", "TIPO_VOTO", "RESTAURANTE_ID" ) VALUES(1634,5,'PRECO',2);
INSERT INTO RANKING_VOTOS ( "RANKING", "VOTOS" ) VALUES(66,1634);
INSERT INTO VOTO ( "ID", "NOTA", "TIPO_VOTO", "RESTAURANTE_ID" ) VALUES(1635,5,'LOCALIZACAO',2);
INSERT INTO RANKING_VOTOS ( "RANKING", "VOTOS" ) VALUES(66,1635);
INSERT INTO VOTO ( "ID", "NOTA", "TIPO_VOTO", "RESTAURANTE_ID" ) VALUES(1636,4,'ATENDIMENTO',3);
INSERT INTO RANKING_VOTOS ( "RANKING", "VOTOS" ) VALUES(66,1636);
INSERT INTO VOTO ( "ID", "NOTA", "TIPO_VOTO", "RESTAURANTE_ID" ) VALUES(1637,4,'DEMORA',3);
INSERT INTO RANKING_VOTOS ( "RANKING", "VOTOS" ) VALUES(66,1637);
INSERT INTO VOTO ( "ID", "NOTA", "TIPO_VOTO", "RESTAURANTE_ID" ) VALUES(1638,4,'SABOR',3);
INSERT INTO RANKING_VOTOS ( "RANKING", "VOTOS" ) VALUES(66,1638);
INSERT INTO VOTO ( "ID", "NOTA", "TIPO_VOTO", "RESTAURANTE_ID" ) VALUES(1639,4,'PRECO',3);
INSERT INTO RANKING_VOTOS ( "RANKING", "VOTOS" ) VALUES(66,1639);
INSERT INTO VOTO ( "ID", "NOTA", "TIPO_VOTO", "RESTAURANTE_ID" ) VALUES(1640,1,'LOCALIZACAO',3);
INSERT INTO RANKING_VOTOS ( "RANKING", "VOTOS" ) VALUES(66,1640);
INSERT INTO VOTO ( "ID", "NOTA", "TIPO_VOTO", "RESTAURANTE_ID" ) VALUES(1641,1,'ATENDIMENTO',4);
INSERT INTO RANKING_VOTOS ( "RANKING", "VOTOS" ) VALUES(66,1641);
INSERT INTO VOTO ( "ID", "NOTA", "TIPO_VOTO", "RESTAURANTE_ID" ) VALUES(1642,1,'DEMORA',4);
INSERT INTO RANKING_VOTOS ( "RANKING", "VOTOS" ) VALUES(66,1642);
INSERT INTO VOTO ( "ID", "NOTA", "TIPO_VOTO", "RESTAURANTE_ID" ) VALUES(1643,1,'SABOR',4);
INSERT INTO RANKING_VOTOS ( "RANKING", "VOTOS" ) VALUES(66,1643);
INSERT INTO VOTO ( "ID", "NOTA", "TIPO_VOTO", "RESTAURANTE_ID" ) VALUES(1644,2,'PRECO',4);
INSERT INTO RANKING_VOTOS ( "RANKING", "VOTOS" ) VALUES(66,1644);
INSERT INTO VOTO ( "ID", "NOTA", "TIPO_VOTO", "RESTAURANTE_ID" ) VALUES(1645,1,'LOCALIZACAO',4);
INSERT INTO RANKING_VOTOS ( "RANKING", "VOTOS" ) VALUES(66,1645);
INSERT INTO VOTO ( "ID", "NOTA", "TIPO_VOTO", "RESTAURANTE_ID" ) VALUES(1646,2,'ATENDIMENTO',5);
INSERT INTO RANKING_VOTOS ( "RANKING", "VOTOS" ) VALUES(66,1646);
INSERT INTO VOTO ( "ID", "NOTA", "TIPO_VOTO", "RESTAURANTE_ID" ) VALUES(1647,1,'DEMORA',5);
INSERT INTO RANKING_VOTOS ( "RANKING", "VOTOS" ) VALUES(66,1647);
INSERT INTO VOTO ( "ID", "NOTA", "TIPO_VOTO", "RESTAURANTE_ID" ) VALUES(1648,1,'SABOR',5);
INSERT INTO RANKING_VOTOS ( "RANKING", "VOTOS" ) VALUES(66,1648);
INSERT INTO VOTO ( "ID", "NOTA", "TIPO_VOTO", "RESTAURANTE_ID" ) VALUES(1649,2,'PRECO',5);
INSERT INTO RANKING_VOTOS ( "RANKING", "VOTOS" ) VALUES(66,1649);
INSERT INTO VOTO ( "ID", "NOTA", "TIPO_VOTO", "RESTAURANTE_ID" ) VALUES(1650,1,'LOCALIZACAO',5);
INSERT INTO RANKING_VOTOS ( "RANKING", "VOTOS" ) VALUES(66,1650);
INSERT INTO PESSOA ( "ID", "NOME" ) VALUES(67, 'Sherley Ziemann');
INSERT INTO USUARIO ( "ID", "PESSOA_ID" ) VALUES('hormonally@email.com',67);
INSERT INTO RANKING ( "ID", "USUARIO_ID" ) VALUES (67,'hormonally@email.com');
INSERT INTO VOTO ( "ID", "NOTA", "TIPO_VOTO", "RESTAURANTE_ID" ) VALUES(1651,3,'ATENDIMENTO',1);
INSERT INTO RANKING_VOTOS ( "RANKING", "VOTOS" ) VALUES(67,1651);
INSERT INTO VOTO ( "ID", "NOTA", "TIPO_VOTO", "RESTAURANTE_ID" ) VALUES(1652,3,'DEMORA',1);
INSERT INTO RANKING_VOTOS ( "RANKING", "VOTOS" ) VALUES(67,1652);
INSERT INTO VOTO ( "ID", "NOTA", "TIPO_VOTO", "RESTAURANTE_ID" ) VALUES(1653,1,'SABOR',1);
INSERT INTO RANKING_VOTOS ( "RANKING", "VOTOS" ) VALUES(67,1653);
INSERT INTO VOTO ( "ID", "NOTA", "TIPO_VOTO", "RESTAURANTE_ID" ) VALUES(1654,3,'PRECO',1);
INSERT INTO RANKING_VOTOS ( "RANKING", "VOTOS" ) VALUES(67,1654);
INSERT INTO VOTO ( "ID", "NOTA", "TIPO_VOTO", "RESTAURANTE_ID" ) VALUES(1655,4,'LOCALIZACAO',1);
INSERT INTO RANKING_VOTOS ( "RANKING", "VOTOS" ) VALUES(67,1655);
INSERT INTO VOTO ( "ID", "NOTA", "TIPO_VOTO", "RESTAURANTE_ID" ) VALUES(1656,5,'ATENDIMENTO',2);
INSERT INTO RANKING_VOTOS ( "RANKING", "VOTOS" ) VALUES(67,1656);
INSERT INTO VOTO ( "ID", "NOTA", "TIPO_VOTO", "RESTAURANTE_ID" ) VALUES(1657,3,'DEMORA',2);
INSERT INTO RANKING_VOTOS ( "RANKING", "VOTOS" ) VALUES(67,1657);
INSERT INTO VOTO ( "ID", "NOTA", "TIPO_VOTO", "RESTAURANTE_ID" ) VALUES(1658,4,'SABOR',2);
INSERT INTO RANKING_VOTOS ( "RANKING", "VOTOS" ) VALUES(67,1658);
INSERT INTO VOTO ( "ID", "NOTA", "TIPO_VOTO", "RESTAURANTE_ID" ) VALUES(1659,2,'PRECO',2);
INSERT INTO RANKING_VOTOS ( "RANKING", "VOTOS" ) VALUES(67,1659);
INSERT INTO VOTO ( "ID", "NOTA", "TIPO_VOTO", "RESTAURANTE_ID" ) VALUES(1660,5,'LOCALIZACAO',2);
INSERT INTO RANKING_VOTOS ( "RANKING", "VOTOS" ) VALUES(67,1660);
INSERT INTO VOTO ( "ID", "NOTA", "TIPO_VOTO", "RESTAURANTE_ID" ) VALUES(1661,2,'ATENDIMENTO',3);
INSERT INTO RANKING_VOTOS ( "RANKING", "VOTOS" ) VALUES(67,1661);
INSERT INTO VOTO ( "ID", "NOTA", "TIPO_VOTO", "RESTAURANTE_ID" ) VALUES(1662,2,'DEMORA',3);
INSERT INTO RANKING_VOTOS ( "RANKING", "VOTOS" ) VALUES(67,1662);
INSERT INTO VOTO ( "ID", "NOTA", "TIPO_VOTO", "RESTAURANTE_ID" ) VALUES(1663,4,'SABOR',3);
INSERT INTO RANKING_VOTOS ( "RANKING", "VOTOS" ) VALUES(67,1663);
INSERT INTO VOTO ( "ID", "NOTA", "TIPO_VOTO", "RESTAURANTE_ID" ) VALUES(1664,4,'PRECO',3);
INSERT INTO RANKING_VOTOS ( "RANKING", "VOTOS" ) VALUES(67,1664);
INSERT INTO VOTO ( "ID", "NOTA", "TIPO_VOTO", "RESTAURANTE_ID" ) VALUES(1665,3,'LOCALIZACAO',3);
INSERT INTO RANKING_VOTOS ( "RANKING", "VOTOS" ) VALUES(67,1665);
INSERT INTO VOTO ( "ID", "NOTA", "TIPO_VOTO", "RESTAURANTE_ID" ) VALUES(1666,2,'ATENDIMENTO',4);
INSERT INTO RANKING_VOTOS ( "RANKING", "VOTOS" ) VALUES(67,1666);
INSERT INTO VOTO ( "ID", "NOTA", "TIPO_VOTO", "RESTAURANTE_ID" ) VALUES(1667,4,'DEMORA',4);
INSERT INTO RANKING_VOTOS ( "RANKING", "VOTOS" ) VALUES(67,1667);
INSERT INTO VOTO ( "ID", "NOTA", "TIPO_VOTO", "RESTAURANTE_ID" ) VALUES(1668,3,'SABOR',4);
INSERT INTO RANKING_VOTOS ( "RANKING", "VOTOS" ) VALUES(67,1668);
INSERT INTO VOTO ( "ID", "NOTA", "TIPO_VOTO", "RESTAURANTE_ID" ) VALUES(1669,3,'PRECO',4);
INSERT INTO RANKING_VOTOS ( "RANKING", "VOTOS" ) VALUES(67,1669);
INSERT INTO VOTO ( "ID", "NOTA", "TIPO_VOTO", "RESTAURANTE_ID" ) VALUES(1670,3,'LOCALIZACAO',4);
INSERT INTO RANKING_VOTOS ( "RANKING", "VOTOS" ) VALUES(67,1670);
INSERT INTO VOTO ( "ID", "NOTA", "TIPO_VOTO", "RESTAURANTE_ID" ) VALUES(1671,4,'ATENDIMENTO',5);
INSERT INTO RANKING_VOTOS ( "RANKING", "VOTOS" ) VALUES(67,1671);
INSERT INTO VOTO ( "ID", "NOTA", "TIPO_VOTO", "RESTAURANTE_ID" ) VALUES(1672,4,'DEMORA',5);
INSERT INTO RANKING_VOTOS ( "RANKING", "VOTOS" ) VALUES(67,1672);
INSERT INTO VOTO ( "ID", "NOTA", "TIPO_VOTO", "RESTAURANTE_ID" ) VALUES(1673,3,'SABOR',5);
INSERT INTO RANKING_VOTOS ( "RANKING", "VOTOS" ) VALUES(67,1673);
INSERT INTO VOTO ( "ID", "NOTA", "TIPO_VOTO", "RESTAURANTE_ID" ) VALUES(1674,3,'PRECO',5);
INSERT INTO RANKING_VOTOS ( "RANKING", "VOTOS" ) VALUES(67,1674);
INSERT INTO VOTO ( "ID", "NOTA", "TIPO_VOTO", "RESTAURANTE_ID" ) VALUES(1675,5,'LOCALIZACAO',5);
INSERT INTO RANKING_VOTOS ( "RANKING", "VOTOS" ) VALUES(67,1675);
INSERT INTO PESSOA ( "ID", "NOME" ) VALUES(68, 'Rodrigo Windler');
INSERT INTO USUARIO ( "ID", "PESSOA_ID" ) VALUES('polydactyl@email.com',68);
INSERT INTO RANKING ( "ID", "USUARIO_ID" ) VALUES (68,'polydactyl@email.com');
INSERT INTO VOTO ( "ID", "NOTA", "TIPO_VOTO", "RESTAURANTE_ID" ) VALUES(1676,2,'ATENDIMENTO',1);
INSERT INTO RANKING_VOTOS ( "RANKING", "VOTOS" ) VALUES(68,1676);
INSERT INTO VOTO ( "ID", "NOTA", "TIPO_VOTO", "RESTAURANTE_ID" ) VALUES(1677,4,'DEMORA',1);
INSERT INTO RANKING_VOTOS ( "RANKING", "VOTOS" ) VALUES(68,1677);
INSERT INTO VOTO ( "ID", "NOTA", "TIPO_VOTO", "RESTAURANTE_ID" ) VALUES(1678,4,'SABOR',1);
INSERT INTO RANKING_VOTOS ( "RANKING", "VOTOS" ) VALUES(68,1678);
INSERT INTO VOTO ( "ID", "NOTA", "TIPO_VOTO", "RESTAURANTE_ID" ) VALUES(1679,1,'PRECO',1);
INSERT INTO RANKING_VOTOS ( "RANKING", "VOTOS" ) VALUES(68,1679);
INSERT INTO VOTO ( "ID", "NOTA", "TIPO_VOTO", "RESTAURANTE_ID" ) VALUES(1680,5,'LOCALIZACAO',1);
INSERT INTO RANKING_VOTOS ( "RANKING", "VOTOS" ) VALUES(68,1680);
INSERT INTO VOTO ( "ID", "NOTA", "TIPO_VOTO", "RESTAURANTE_ID" ) VALUES(1681,1,'ATENDIMENTO',2);
INSERT INTO RANKING_VOTOS ( "RANKING", "VOTOS" ) VALUES(68,1681);
INSERT INTO VOTO ( "ID", "NOTA", "TIPO_VOTO", "RESTAURANTE_ID" ) VALUES(1682,2,'DEMORA',2);
INSERT INTO RANKING_VOTOS ( "RANKING", "VOTOS" ) VALUES(68,1682);
INSERT INTO VOTO ( "ID", "NOTA", "TIPO_VOTO", "RESTAURANTE_ID" ) VALUES(1683,1,'SABOR',2);
INSERT INTO RANKING_VOTOS ( "RANKING", "VOTOS" ) VALUES(68,1683);
INSERT INTO VOTO ( "ID", "NOTA", "TIPO_VOTO", "RESTAURANTE_ID" ) VALUES(1684,5,'PRECO',2);
INSERT INTO RANKING_VOTOS ( "RANKING", "VOTOS" ) VALUES(68,1684);
INSERT INTO VOTO ( "ID", "NOTA", "TIPO_VOTO", "RESTAURANTE_ID" ) VALUES(1685,4,'LOCALIZACAO',2);
INSERT INTO RANKING_VOTOS ( "RANKING", "VOTOS" ) VALUES(68,1685);
INSERT INTO VOTO ( "ID", "NOTA", "TIPO_VOTO", "RESTAURANTE_ID" ) VALUES(1686,5,'ATENDIMENTO',3);
INSERT INTO RANKING_VOTOS ( "RANKING", "VOTOS" ) VALUES(68,1686);
INSERT INTO VOTO ( "ID", "NOTA", "TIPO_VOTO", "RESTAURANTE_ID" ) VALUES(1687,5,'DEMORA',3);
INSERT INTO RANKING_VOTOS ( "RANKING", "VOTOS" ) VALUES(68,1687);
INSERT INTO VOTO ( "ID", "NOTA", "TIPO_VOTO", "RESTAURANTE_ID" ) VALUES(1688,4,'SABOR',3);
INSERT INTO RANKING_VOTOS ( "RANKING", "VOTOS" ) VALUES(68,1688);
INSERT INTO VOTO ( "ID", "NOTA", "TIPO_VOTO", "RESTAURANTE_ID" ) VALUES(1689,5,'PRECO',3);
INSERT INTO RANKING_VOTOS ( "RANKING", "VOTOS" ) VALUES(68,1689);
INSERT INTO VOTO ( "ID", "NOTA", "TIPO_VOTO", "RESTAURANTE_ID" ) VALUES(1690,2,'LOCALIZACAO',3);
INSERT INTO RANKING_VOTOS ( "RANKING", "VOTOS" ) VALUES(68,1690);
INSERT INTO VOTO ( "ID", "NOTA", "TIPO_VOTO", "RESTAURANTE_ID" ) VALUES(1691,2,'ATENDIMENTO',4);
INSERT INTO RANKING_VOTOS ( "RANKING", "VOTOS" ) VALUES(68,1691);
INSERT INTO VOTO ( "ID", "NOTA", "TIPO_VOTO", "RESTAURANTE_ID" ) VALUES(1692,3,'DEMORA',4);
INSERT INTO RANKING_VOTOS ( "RANKING", "VOTOS" ) VALUES(68,1692);
INSERT INTO VOTO ( "ID", "NOTA", "TIPO_VOTO", "RESTAURANTE_ID" ) VALUES(1693,2,'SABOR',4);
INSERT INTO RANKING_VOTOS ( "RANKING", "VOTOS" ) VALUES(68,1693);
INSERT INTO VOTO ( "ID", "NOTA", "TIPO_VOTO", "RESTAURANTE_ID" ) VALUES(1694,2,'PRECO',4);
INSERT INTO RANKING_VOTOS ( "RANKING", "VOTOS" ) VALUES(68,1694);
INSERT INTO VOTO ( "ID", "NOTA", "TIPO_VOTO", "RESTAURANTE_ID" ) VALUES(1695,5,'LOCALIZACAO',4);
INSERT INTO RANKING_VOTOS ( "RANKING", "VOTOS" ) VALUES(68,1695);
INSERT INTO VOTO ( "ID", "NOTA", "TIPO_VOTO", "RESTAURANTE_ID" ) VALUES(1696,5,'ATENDIMENTO',5);
INSERT INTO RANKING_VOTOS ( "RANKING", "VOTOS" ) VALUES(68,1696);
INSERT INTO VOTO ( "ID", "NOTA", "TIPO_VOTO", "RESTAURANTE_ID" ) VALUES(1697,3,'DEMORA',5);
INSERT INTO RANKING_VOTOS ( "RANKING", "VOTOS" ) VALUES(68,1697);
INSERT INTO VOTO ( "ID", "NOTA", "TIPO_VOTO", "RESTAURANTE_ID" ) VALUES(1698,1,'SABOR',5);
INSERT INTO RANKING_VOTOS ( "RANKING", "VOTOS" ) VALUES(68,1698);
INSERT INTO VOTO ( "ID", "NOTA", "TIPO_VOTO", "RESTAURANTE_ID" ) VALUES(1699,3,'PRECO',5);
INSERT INTO RANKING_VOTOS ( "RANKING", "VOTOS" ) VALUES(68,1699);
INSERT INTO VOTO ( "ID", "NOTA", "TIPO_VOTO", "RESTAURANTE_ID" ) VALUES(1700,2,'LOCALIZACAO',5);
INSERT INTO RANKING_VOTOS ( "RANKING", "VOTOS" ) VALUES(68,1700);
INSERT INTO PESSOA ( "ID", "NOME" ) VALUES(69, 'Claudie Kilback');
INSERT INTO USUARIO ( "ID", "PESSOA_ID" ) VALUES('revegetate@email.com',69);
INSERT INTO RANKING ( "ID", "USUARIO_ID" ) VALUES (69,'revegetate@email.com');
INSERT INTO VOTO ( "ID", "NOTA", "TIPO_VOTO", "RESTAURANTE_ID" ) VALUES(1701,4,'ATENDIMENTO',1);
INSERT INTO RANKING_VOTOS ( "RANKING", "VOTOS" ) VALUES(69,1701);
INSERT INTO VOTO ( "ID", "NOTA", "TIPO_VOTO", "RESTAURANTE_ID" ) VALUES(1702,3,'DEMORA',1);
INSERT INTO RANKING_VOTOS ( "RANKING", "VOTOS" ) VALUES(69,1702);
INSERT INTO VOTO ( "ID", "NOTA", "TIPO_VOTO", "RESTAURANTE_ID" ) VALUES(1703,3,'SABOR',1);
INSERT INTO RANKING_VOTOS ( "RANKING", "VOTOS" ) VALUES(69,1703);
INSERT INTO VOTO ( "ID", "NOTA", "TIPO_VOTO", "RESTAURANTE_ID" ) VALUES(1704,3,'PRECO',1);
INSERT INTO RANKING_VOTOS ( "RANKING", "VOTOS" ) VALUES(69,1704);
INSERT INTO VOTO ( "ID", "NOTA", "TIPO_VOTO", "RESTAURANTE_ID" ) VALUES(1705,1,'LOCALIZACAO',1);
INSERT INTO RANKING_VOTOS ( "RANKING", "VOTOS" ) VALUES(69,1705);
INSERT INTO VOTO ( "ID", "NOTA", "TIPO_VOTO", "RESTAURANTE_ID" ) VALUES(1706,4,'ATENDIMENTO',2);
INSERT INTO RANKING_VOTOS ( "RANKING", "VOTOS" ) VALUES(69,1706);
INSERT INTO VOTO ( "ID", "NOTA", "TIPO_VOTO", "RESTAURANTE_ID" ) VALUES(1707,1,'DEMORA',2);
INSERT INTO RANKING_VOTOS ( "RANKING", "VOTOS" ) VALUES(69,1707);
INSERT INTO VOTO ( "ID", "NOTA", "TIPO_VOTO", "RESTAURANTE_ID" ) VALUES(1708,5,'SABOR',2);
INSERT INTO RANKING_VOTOS ( "RANKING", "VOTOS" ) VALUES(69,1708);
INSERT INTO VOTO ( "ID", "NOTA", "TIPO_VOTO", "RESTAURANTE_ID" ) VALUES(1709,4,'PRECO',2);
INSERT INTO RANKING_VOTOS ( "RANKING", "VOTOS" ) VALUES(69,1709);
INSERT INTO VOTO ( "ID", "NOTA", "TIPO_VOTO", "RESTAURANTE_ID" ) VALUES(1710,1,'LOCALIZACAO',2);
INSERT INTO RANKING_VOTOS ( "RANKING", "VOTOS" ) VALUES(69,1710);
INSERT INTO VOTO ( "ID", "NOTA", "TIPO_VOTO", "RESTAURANTE_ID" ) VALUES(1711,5,'ATENDIMENTO',3);
INSERT INTO RANKING_VOTOS ( "RANKING", "VOTOS" ) VALUES(69,1711);
INSERT INTO VOTO ( "ID", "NOTA", "TIPO_VOTO", "RESTAURANTE_ID" ) VALUES(1712,4,'DEMORA',3);
INSERT INTO RANKING_VOTOS ( "RANKING", "VOTOS" ) VALUES(69,1712);
INSERT INTO VOTO ( "ID", "NOTA", "TIPO_VOTO", "RESTAURANTE_ID" ) VALUES(1713,1,'SABOR',3);
INSERT INTO RANKING_VOTOS ( "RANKING", "VOTOS" ) VALUES(69,1713);
INSERT INTO VOTO ( "ID", "NOTA", "TIPO_VOTO", "RESTAURANTE_ID" ) VALUES(1714,1,'PRECO',3);
INSERT INTO RANKING_VOTOS ( "RANKING", "VOTOS" ) VALUES(69,1714);
INSERT INTO VOTO ( "ID", "NOTA", "TIPO_VOTO", "RESTAURANTE_ID" ) VALUES(1715,2,'LOCALIZACAO',3);
INSERT INTO RANKING_VOTOS ( "RANKING", "VOTOS" ) VALUES(69,1715);
INSERT INTO VOTO ( "ID", "NOTA", "TIPO_VOTO", "RESTAURANTE_ID" ) VALUES(1716,1,'ATENDIMENTO',4);
INSERT INTO RANKING_VOTOS ( "RANKING", "VOTOS" ) VALUES(69,1716);
INSERT INTO VOTO ( "ID", "NOTA", "TIPO_VOTO", "RESTAURANTE_ID" ) VALUES(1717,3,'DEMORA',4);
INSERT INTO RANKING_VOTOS ( "RANKING", "VOTOS" ) VALUES(69,1717);
INSERT INTO VOTO ( "ID", "NOTA", "TIPO_VOTO", "RESTAURANTE_ID" ) VALUES(1718,5,'SABOR',4);
INSERT INTO RANKING_VOTOS ( "RANKING", "VOTOS" ) VALUES(69,1718);
INSERT INTO VOTO ( "ID", "NOTA", "TIPO_VOTO", "RESTAURANTE_ID" ) VALUES(1719,1,'PRECO',4);
INSERT INTO RANKING_VOTOS ( "RANKING", "VOTOS" ) VALUES(69,1719);
INSERT INTO VOTO ( "ID", "NOTA", "TIPO_VOTO", "RESTAURANTE_ID" ) VALUES(1720,5,'LOCALIZACAO',4);
INSERT INTO RANKING_VOTOS ( "RANKING", "VOTOS" ) VALUES(69,1720);
INSERT INTO VOTO ( "ID", "NOTA", "TIPO_VOTO", "RESTAURANTE_ID" ) VALUES(1721,2,'ATENDIMENTO',5);
INSERT INTO RANKING_VOTOS ( "RANKING", "VOTOS" ) VALUES(69,1721);
INSERT INTO VOTO ( "ID", "NOTA", "TIPO_VOTO", "RESTAURANTE_ID" ) VALUES(1722,3,'DEMORA',5);
INSERT INTO RANKING_VOTOS ( "RANKING", "VOTOS" ) VALUES(69,1722);
INSERT INTO VOTO ( "ID", "NOTA", "TIPO_VOTO", "RESTAURANTE_ID" ) VALUES(1723,5,'SABOR',5);
INSERT INTO RANKING_VOTOS ( "RANKING", "VOTOS" ) VALUES(69,1723);
INSERT INTO VOTO ( "ID", "NOTA", "TIPO_VOTO", "RESTAURANTE_ID" ) VALUES(1724,5,'PRECO',5);
INSERT INTO RANKING_VOTOS ( "RANKING", "VOTOS" ) VALUES(69,1724);
INSERT INTO VOTO ( "ID", "NOTA", "TIPO_VOTO", "RESTAURANTE_ID" ) VALUES(1725,2,'LOCALIZACAO',5);
INSERT INTO RANKING_VOTOS ( "RANKING", "VOTOS" ) VALUES(69,1725);
INSERT INTO PESSOA ( "ID", "NOME" ) VALUES(70, 'Zackary Schmidt');
INSERT INTO USUARIO ( "ID", "PESSOA_ID" ) VALUES('alpenstock@email.com',70);
INSERT INTO RANKING ( "ID", "USUARIO_ID" ) VALUES (70,'alpenstock@email.com');
INSERT INTO VOTO ( "ID", "NOTA", "TIPO_VOTO", "RESTAURANTE_ID" ) VALUES(1726,4,'ATENDIMENTO',1);
INSERT INTO RANKING_VOTOS ( "RANKING", "VOTOS" ) VALUES(70,1726);
INSERT INTO VOTO ( "ID", "NOTA", "TIPO_VOTO", "RESTAURANTE_ID" ) VALUES(1727,1,'DEMORA',1);
INSERT INTO RANKING_VOTOS ( "RANKING", "VOTOS" ) VALUES(70,1727);
INSERT INTO VOTO ( "ID", "NOTA", "TIPO_VOTO", "RESTAURANTE_ID" ) VALUES(1728,5,'SABOR',1);
INSERT INTO RANKING_VOTOS ( "RANKING", "VOTOS" ) VALUES(70,1728);
INSERT INTO VOTO ( "ID", "NOTA", "TIPO_VOTO", "RESTAURANTE_ID" ) VALUES(1729,3,'PRECO',1);
INSERT INTO RANKING_VOTOS ( "RANKING", "VOTOS" ) VALUES(70,1729);
INSERT INTO VOTO ( "ID", "NOTA", "TIPO_VOTO", "RESTAURANTE_ID" ) VALUES(1730,1,'LOCALIZACAO',1);
INSERT INTO RANKING_VOTOS ( "RANKING", "VOTOS" ) VALUES(70,1730);
INSERT INTO VOTO ( "ID", "NOTA", "TIPO_VOTO", "RESTAURANTE_ID" ) VALUES(1731,1,'ATENDIMENTO',2);
INSERT INTO RANKING_VOTOS ( "RANKING", "VOTOS" ) VALUES(70,1731);
INSERT INTO VOTO ( "ID", "NOTA", "TIPO_VOTO", "RESTAURANTE_ID" ) VALUES(1732,4,'DEMORA',2);
INSERT INTO RANKING_VOTOS ( "RANKING", "VOTOS" ) VALUES(70,1732);
INSERT INTO VOTO ( "ID", "NOTA", "TIPO_VOTO", "RESTAURANTE_ID" ) VALUES(1733,4,'SABOR',2);
INSERT INTO RANKING_VOTOS ( "RANKING", "VOTOS" ) VALUES(70,1733);
INSERT INTO VOTO ( "ID", "NOTA", "TIPO_VOTO", "RESTAURANTE_ID" ) VALUES(1734,5,'PRECO',2);
INSERT INTO RANKING_VOTOS ( "RANKING", "VOTOS" ) VALUES(70,1734);
INSERT INTO VOTO ( "ID", "NOTA", "TIPO_VOTO", "RESTAURANTE_ID" ) VALUES(1735,4,'LOCALIZACAO',2);
INSERT INTO RANKING_VOTOS ( "RANKING", "VOTOS" ) VALUES(70,1735);
INSERT INTO VOTO ( "ID", "NOTA", "TIPO_VOTO", "RESTAURANTE_ID" ) VALUES(1736,3,'ATENDIMENTO',3);
INSERT INTO RANKING_VOTOS ( "RANKING", "VOTOS" ) VALUES(70,1736);
INSERT INTO VOTO ( "ID", "NOTA", "TIPO_VOTO", "RESTAURANTE_ID" ) VALUES(1737,2,'DEMORA',3);
INSERT INTO RANKING_VOTOS ( "RANKING", "VOTOS" ) VALUES(70,1737);
INSERT INTO VOTO ( "ID", "NOTA", "TIPO_VOTO", "RESTAURANTE_ID" ) VALUES(1738,5,'SABOR',3);
INSERT INTO RANKING_VOTOS ( "RANKING", "VOTOS" ) VALUES(70,1738);
INSERT INTO VOTO ( "ID", "NOTA", "TIPO_VOTO", "RESTAURANTE_ID" ) VALUES(1739,4,'PRECO',3);
INSERT INTO RANKING_VOTOS ( "RANKING", "VOTOS" ) VALUES(70,1739);
INSERT INTO VOTO ( "ID", "NOTA", "TIPO_VOTO", "RESTAURANTE_ID" ) VALUES(1740,4,'LOCALIZACAO',3);
INSERT INTO RANKING_VOTOS ( "RANKING", "VOTOS" ) VALUES(70,1740);
INSERT INTO VOTO ( "ID", "NOTA", "TIPO_VOTO", "RESTAURANTE_ID" ) VALUES(1741,3,'ATENDIMENTO',4);
INSERT INTO RANKING_VOTOS ( "RANKING", "VOTOS" ) VALUES(70,1741);
INSERT INTO VOTO ( "ID", "NOTA", "TIPO_VOTO", "RESTAURANTE_ID" ) VALUES(1742,5,'DEMORA',4);
INSERT INTO RANKING_VOTOS ( "RANKING", "VOTOS" ) VALUES(70,1742);
INSERT INTO VOTO ( "ID", "NOTA", "TIPO_VOTO", "RESTAURANTE_ID" ) VALUES(1743,1,'SABOR',4);
INSERT INTO RANKING_VOTOS ( "RANKING", "VOTOS" ) VALUES(70,1743);
INSERT INTO VOTO ( "ID", "NOTA", "TIPO_VOTO", "RESTAURANTE_ID" ) VALUES(1744,1,'PRECO',4);
INSERT INTO RANKING_VOTOS ( "RANKING", "VOTOS" ) VALUES(70,1744);
INSERT INTO VOTO ( "ID", "NOTA", "TIPO_VOTO", "RESTAURANTE_ID" ) VALUES(1745,3,'LOCALIZACAO',4);
INSERT INTO RANKING_VOTOS ( "RANKING", "VOTOS" ) VALUES(70,1745);
INSERT INTO VOTO ( "ID", "NOTA", "TIPO_VOTO", "RESTAURANTE_ID" ) VALUES(1746,1,'ATENDIMENTO',5);
INSERT INTO RANKING_VOTOS ( "RANKING", "VOTOS" ) VALUES(70,1746);
INSERT INTO VOTO ( "ID", "NOTA", "TIPO_VOTO", "RESTAURANTE_ID" ) VALUES(1747,1,'DEMORA',5);
INSERT INTO RANKING_VOTOS ( "RANKING", "VOTOS" ) VALUES(70,1747);
INSERT INTO VOTO ( "ID", "NOTA", "TIPO_VOTO", "RESTAURANTE_ID" ) VALUES(1748,5,'SABOR',5);
INSERT INTO RANKING_VOTOS ( "RANKING", "VOTOS" ) VALUES(70,1748);
INSERT INTO VOTO ( "ID", "NOTA", "TIPO_VOTO", "RESTAURANTE_ID" ) VALUES(1749,4,'PRECO',5);
INSERT INTO RANKING_VOTOS ( "RANKING", "VOTOS" ) VALUES(70,1749);
INSERT INTO VOTO ( "ID", "NOTA", "TIPO_VOTO", "RESTAURANTE_ID" ) VALUES(1750,4,'LOCALIZACAO',5);
INSERT INTO RANKING_VOTOS ( "RANKING", "VOTOS" ) VALUES(70,1750);
INSERT INTO PESSOA ( "ID", "NOME" ) VALUES(71, 'Lizette Schultz');
INSERT INTO USUARIO ( "ID", "PESSOA_ID" ) VALUES('chatoyancy@email.com',71);
INSERT INTO RANKING ( "ID", "USUARIO_ID" ) VALUES (71,'chatoyancy@email.com');
INSERT INTO VOTO ( "ID", "NOTA", "TIPO_VOTO", "RESTAURANTE_ID" ) VALUES(1751,1,'ATENDIMENTO',1);
INSERT INTO RANKING_VOTOS ( "RANKING", "VOTOS" ) VALUES(71,1751);
INSERT INTO VOTO ( "ID", "NOTA", "TIPO_VOTO", "RESTAURANTE_ID" ) VALUES(1752,1,'DEMORA',1);
INSERT INTO RANKING_VOTOS ( "RANKING", "VOTOS" ) VALUES(71,1752);
INSERT INTO VOTO ( "ID", "NOTA", "TIPO_VOTO", "RESTAURANTE_ID" ) VALUES(1753,3,'SABOR',1);
INSERT INTO RANKING_VOTOS ( "RANKING", "VOTOS" ) VALUES(71,1753);
INSERT INTO VOTO ( "ID", "NOTA", "TIPO_VOTO", "RESTAURANTE_ID" ) VALUES(1754,2,'PRECO',1);
INSERT INTO RANKING_VOTOS ( "RANKING", "VOTOS" ) VALUES(71,1754);
INSERT INTO VOTO ( "ID", "NOTA", "TIPO_VOTO", "RESTAURANTE_ID" ) VALUES(1755,3,'LOCALIZACAO',1);
INSERT INTO RANKING_VOTOS ( "RANKING", "VOTOS" ) VALUES(71,1755);
INSERT INTO VOTO ( "ID", "NOTA", "TIPO_VOTO", "RESTAURANTE_ID" ) VALUES(1756,3,'ATENDIMENTO',2);
INSERT INTO RANKING_VOTOS ( "RANKING", "VOTOS" ) VALUES(71,1756);
INSERT INTO VOTO ( "ID", "NOTA", "TIPO_VOTO", "RESTAURANTE_ID" ) VALUES(1757,2,'DEMORA',2);
INSERT INTO RANKING_VOTOS ( "RANKING", "VOTOS" ) VALUES(71,1757);
INSERT INTO VOTO ( "ID", "NOTA", "TIPO_VOTO", "RESTAURANTE_ID" ) VALUES(1758,1,'SABOR',2);
INSERT INTO RANKING_VOTOS ( "RANKING", "VOTOS" ) VALUES(71,1758);
INSERT INTO VOTO ( "ID", "NOTA", "TIPO_VOTO", "RESTAURANTE_ID" ) VALUES(1759,2,'PRECO',2);
INSERT INTO RANKING_VOTOS ( "RANKING", "VOTOS" ) VALUES(71,1759);
INSERT INTO VOTO ( "ID", "NOTA", "TIPO_VOTO", "RESTAURANTE_ID" ) VALUES(1760,3,'LOCALIZACAO',2);
INSERT INTO RANKING_VOTOS ( "RANKING", "VOTOS" ) VALUES(71,1760);
INSERT INTO VOTO ( "ID", "NOTA", "TIPO_VOTO", "RESTAURANTE_ID" ) VALUES(1761,1,'ATENDIMENTO',3);
INSERT INTO RANKING_VOTOS ( "RANKING", "VOTOS" ) VALUES(71,1761);
INSERT INTO VOTO ( "ID", "NOTA", "TIPO_VOTO", "RESTAURANTE_ID" ) VALUES(1762,5,'DEMORA',3);
INSERT INTO RANKING_VOTOS ( "RANKING", "VOTOS" ) VALUES(71,1762);
INSERT INTO VOTO ( "ID", "NOTA", "TIPO_VOTO", "RESTAURANTE_ID" ) VALUES(1763,3,'SABOR',3);
INSERT INTO RANKING_VOTOS ( "RANKING", "VOTOS" ) VALUES(71,1763);
INSERT INTO VOTO ( "ID", "NOTA", "TIPO_VOTO", "RESTAURANTE_ID" ) VALUES(1764,1,'PRECO',3);
INSERT INTO RANKING_VOTOS ( "RANKING", "VOTOS" ) VALUES(71,1764);
INSERT INTO VOTO ( "ID", "NOTA", "TIPO_VOTO", "RESTAURANTE_ID" ) VALUES(1765,3,'LOCALIZACAO',3);
INSERT INTO RANKING_VOTOS ( "RANKING", "VOTOS" ) VALUES(71,1765);
INSERT INTO VOTO ( "ID", "NOTA", "TIPO_VOTO", "RESTAURANTE_ID" ) VALUES(1766,1,'ATENDIMENTO',4);
INSERT INTO RANKING_VOTOS ( "RANKING", "VOTOS" ) VALUES(71,1766);
INSERT INTO VOTO ( "ID", "NOTA", "TIPO_VOTO", "RESTAURANTE_ID" ) VALUES(1767,1,'DEMORA',4);
INSERT INTO RANKING_VOTOS ( "RANKING", "VOTOS" ) VALUES(71,1767);
INSERT INTO VOTO ( "ID", "NOTA", "TIPO_VOTO", "RESTAURANTE_ID" ) VALUES(1768,3,'SABOR',4);
INSERT INTO RANKING_VOTOS ( "RANKING", "VOTOS" ) VALUES(71,1768);
INSERT INTO VOTO ( "ID", "NOTA", "TIPO_VOTO", "RESTAURANTE_ID" ) VALUES(1769,2,'PRECO',4);
INSERT INTO RANKING_VOTOS ( "RANKING", "VOTOS" ) VALUES(71,1769);
INSERT INTO VOTO ( "ID", "NOTA", "TIPO_VOTO", "RESTAURANTE_ID" ) VALUES(1770,2,'LOCALIZACAO',4);
INSERT INTO RANKING_VOTOS ( "RANKING", "VOTOS" ) VALUES(71,1770);
INSERT INTO VOTO ( "ID", "NOTA", "TIPO_VOTO", "RESTAURANTE_ID" ) VALUES(1771,4,'ATENDIMENTO',5);
INSERT INTO RANKING_VOTOS ( "RANKING", "VOTOS" ) VALUES(71,1771);
INSERT INTO VOTO ( "ID", "NOTA", "TIPO_VOTO", "RESTAURANTE_ID" ) VALUES(1772,3,'DEMORA',5);
INSERT INTO RANKING_VOTOS ( "RANKING", "VOTOS" ) VALUES(71,1772);
INSERT INTO VOTO ( "ID", "NOTA", "TIPO_VOTO", "RESTAURANTE_ID" ) VALUES(1773,1,'SABOR',5);
INSERT INTO RANKING_VOTOS ( "RANKING", "VOTOS" ) VALUES(71,1773);
INSERT INTO VOTO ( "ID", "NOTA", "TIPO_VOTO", "RESTAURANTE_ID" ) VALUES(1774,3,'PRECO',5);
INSERT INTO RANKING_VOTOS ( "RANKING", "VOTOS" ) VALUES(71,1774);
INSERT INTO VOTO ( "ID", "NOTA", "TIPO_VOTO", "RESTAURANTE_ID" ) VALUES(1775,5,'LOCALIZACAO',5);
INSERT INTO RANKING_VOTOS ( "RANKING", "VOTOS" ) VALUES(71,1775);
INSERT INTO PESSOA ( "ID", "NOME" ) VALUES(72, 'Shaunta Krajcik');
INSERT INTO USUARIO ( "ID", "PESSOA_ID" ) VALUES('drumbeater@email.com',72);
INSERT INTO RANKING ( "ID", "USUARIO_ID" ) VALUES (72,'drumbeater@email.com');
INSERT INTO VOTO ( "ID", "NOTA", "TIPO_VOTO", "RESTAURANTE_ID" ) VALUES(1776,5,'ATENDIMENTO',1);
INSERT INTO RANKING_VOTOS ( "RANKING", "VOTOS" ) VALUES(72,1776);
INSERT INTO VOTO ( "ID", "NOTA", "TIPO_VOTO", "RESTAURANTE_ID" ) VALUES(1777,4,'DEMORA',1);
INSERT INTO RANKING_VOTOS ( "RANKING", "VOTOS" ) VALUES(72,1777);
INSERT INTO VOTO ( "ID", "NOTA", "TIPO_VOTO", "RESTAURANTE_ID" ) VALUES(1778,1,'SABOR',1);
INSERT INTO RANKING_VOTOS ( "RANKING", "VOTOS" ) VALUES(72,1778);
INSERT INTO VOTO ( "ID", "NOTA", "TIPO_VOTO", "RESTAURANTE_ID" ) VALUES(1779,4,'PRECO',1);
INSERT INTO RANKING_VOTOS ( "RANKING", "VOTOS" ) VALUES(72,1779);
INSERT INTO VOTO ( "ID", "NOTA", "TIPO_VOTO", "RESTAURANTE_ID" ) VALUES(1780,5,'LOCALIZACAO',1);
INSERT INTO RANKING_VOTOS ( "RANKING", "VOTOS" ) VALUES(72,1780);
INSERT INTO VOTO ( "ID", "NOTA", "TIPO_VOTO", "RESTAURANTE_ID" ) VALUES(1781,5,'ATENDIMENTO',2);
INSERT INTO RANKING_VOTOS ( "RANKING", "VOTOS" ) VALUES(72,1781);
INSERT INTO VOTO ( "ID", "NOTA", "TIPO_VOTO", "RESTAURANTE_ID" ) VALUES(1782,3,'DEMORA',2);
INSERT INTO RANKING_VOTOS ( "RANKING", "VOTOS" ) VALUES(72,1782);
INSERT INTO VOTO ( "ID", "NOTA", "TIPO_VOTO", "RESTAURANTE_ID" ) VALUES(1783,1,'SABOR',2);
INSERT INTO RANKING_VOTOS ( "RANKING", "VOTOS" ) VALUES(72,1783);
INSERT INTO VOTO ( "ID", "NOTA", "TIPO_VOTO", "RESTAURANTE_ID" ) VALUES(1784,5,'PRECO',2);
INSERT INTO RANKING_VOTOS ( "RANKING", "VOTOS" ) VALUES(72,1784);
INSERT INTO VOTO ( "ID", "NOTA", "TIPO_VOTO", "RESTAURANTE_ID" ) VALUES(1785,4,'LOCALIZACAO',2);
INSERT INTO RANKING_VOTOS ( "RANKING", "VOTOS" ) VALUES(72,1785);
INSERT INTO VOTO ( "ID", "NOTA", "TIPO_VOTO", "RESTAURANTE_ID" ) VALUES(1786,3,'ATENDIMENTO',3);
INSERT INTO RANKING_VOTOS ( "RANKING", "VOTOS" ) VALUES(72,1786);
INSERT INTO VOTO ( "ID", "NOTA", "TIPO_VOTO", "RESTAURANTE_ID" ) VALUES(1787,5,'DEMORA',3);
INSERT INTO RANKING_VOTOS ( "RANKING", "VOTOS" ) VALUES(72,1787);
INSERT INTO VOTO ( "ID", "NOTA", "TIPO_VOTO", "RESTAURANTE_ID" ) VALUES(1788,5,'SABOR',3);
INSERT INTO RANKING_VOTOS ( "RANKING", "VOTOS" ) VALUES(72,1788);
INSERT INTO VOTO ( "ID", "NOTA", "TIPO_VOTO", "RESTAURANTE_ID" ) VALUES(1789,5,'PRECO',3);
INSERT INTO RANKING_VOTOS ( "RANKING", "VOTOS" ) VALUES(72,1789);
INSERT INTO VOTO ( "ID", "NOTA", "TIPO_VOTO", "RESTAURANTE_ID" ) VALUES(1790,1,'LOCALIZACAO',3);
INSERT INTO RANKING_VOTOS ( "RANKING", "VOTOS" ) VALUES(72,1790);
INSERT INTO VOTO ( "ID", "NOTA", "TIPO_VOTO", "RESTAURANTE_ID" ) VALUES(1791,1,'ATENDIMENTO',4);
INSERT INTO RANKING_VOTOS ( "RANKING", "VOTOS" ) VALUES(72,1791);
INSERT INTO VOTO ( "ID", "NOTA", "TIPO_VOTO", "RESTAURANTE_ID" ) VALUES(1792,1,'DEMORA',4);
INSERT INTO RANKING_VOTOS ( "RANKING", "VOTOS" ) VALUES(72,1792);
INSERT INTO VOTO ( "ID", "NOTA", "TIPO_VOTO", "RESTAURANTE_ID" ) VALUES(1793,2,'SABOR',4);
INSERT INTO RANKING_VOTOS ( "RANKING", "VOTOS" ) VALUES(72,1793);
INSERT INTO VOTO ( "ID", "NOTA", "TIPO_VOTO", "RESTAURANTE_ID" ) VALUES(1794,3,'PRECO',4);
INSERT INTO RANKING_VOTOS ( "RANKING", "VOTOS" ) VALUES(72,1794);
INSERT INTO VOTO ( "ID", "NOTA", "TIPO_VOTO", "RESTAURANTE_ID" ) VALUES(1795,4,'LOCALIZACAO',4);
INSERT INTO RANKING_VOTOS ( "RANKING", "VOTOS" ) VALUES(72,1795);
INSERT INTO VOTO ( "ID", "NOTA", "TIPO_VOTO", "RESTAURANTE_ID" ) VALUES(1796,5,'ATENDIMENTO',5);
INSERT INTO RANKING_VOTOS ( "RANKING", "VOTOS" ) VALUES(72,1796);
INSERT INTO VOTO ( "ID", "NOTA", "TIPO_VOTO", "RESTAURANTE_ID" ) VALUES(1797,1,'DEMORA',5);
INSERT INTO RANKING_VOTOS ( "RANKING", "VOTOS" ) VALUES(72,1797);
INSERT INTO VOTO ( "ID", "NOTA", "TIPO_VOTO", "RESTAURANTE_ID" ) VALUES(1798,3,'SABOR',5);
INSERT INTO RANKING_VOTOS ( "RANKING", "VOTOS" ) VALUES(72,1798);
INSERT INTO VOTO ( "ID", "NOTA", "TIPO_VOTO", "RESTAURANTE_ID" ) VALUES(1799,5,'PRECO',5);
INSERT INTO RANKING_VOTOS ( "RANKING", "VOTOS" ) VALUES(72,1799);
INSERT INTO VOTO ( "ID", "NOTA", "TIPO_VOTO", "RESTAURANTE_ID" ) VALUES(1800,4,'LOCALIZACAO',5);
INSERT INTO RANKING_VOTOS ( "RANKING", "VOTOS" ) VALUES(72,1800);
INSERT INTO PESSOA ( "ID", "NOME" ) VALUES(73, 'Gillian Mueller');
INSERT INTO USUARIO ( "ID", "PESSOA_ID" ) VALUES('retrorsely@email.com',73);
INSERT INTO RANKING ( "ID", "USUARIO_ID" ) VALUES (73,'retrorsely@email.com');
INSERT INTO VOTO ( "ID", "NOTA", "TIPO_VOTO", "RESTAURANTE_ID" ) VALUES(1801,4,'ATENDIMENTO',1);
INSERT INTO RANKING_VOTOS ( "RANKING", "VOTOS" ) VALUES(73,1801);
INSERT INTO VOTO ( "ID", "NOTA", "TIPO_VOTO", "RESTAURANTE_ID" ) VALUES(1802,5,'DEMORA',1);
INSERT INTO RANKING_VOTOS ( "RANKING", "VOTOS" ) VALUES(73,1802);
INSERT INTO VOTO ( "ID", "NOTA", "TIPO_VOTO", "RESTAURANTE_ID" ) VALUES(1803,3,'SABOR',1);
INSERT INTO RANKING_VOTOS ( "RANKING", "VOTOS" ) VALUES(73,1803);
INSERT INTO VOTO ( "ID", "NOTA", "TIPO_VOTO", "RESTAURANTE_ID" ) VALUES(1804,4,'PRECO',1);
INSERT INTO RANKING_VOTOS ( "RANKING", "VOTOS" ) VALUES(73,1804);
INSERT INTO VOTO ( "ID", "NOTA", "TIPO_VOTO", "RESTAURANTE_ID" ) VALUES(1805,2,'LOCALIZACAO',1);
INSERT INTO RANKING_VOTOS ( "RANKING", "VOTOS" ) VALUES(73,1805);
INSERT INTO VOTO ( "ID", "NOTA", "TIPO_VOTO", "RESTAURANTE_ID" ) VALUES(1806,2,'ATENDIMENTO',2);
INSERT INTO RANKING_VOTOS ( "RANKING", "VOTOS" ) VALUES(73,1806);
INSERT INTO VOTO ( "ID", "NOTA", "TIPO_VOTO", "RESTAURANTE_ID" ) VALUES(1807,1,'DEMORA',2);
INSERT INTO RANKING_VOTOS ( "RANKING", "VOTOS" ) VALUES(73,1807);
INSERT INTO VOTO ( "ID", "NOTA", "TIPO_VOTO", "RESTAURANTE_ID" ) VALUES(1808,5,'SABOR',2);
INSERT INTO RANKING_VOTOS ( "RANKING", "VOTOS" ) VALUES(73,1808);
INSERT INTO VOTO ( "ID", "NOTA", "TIPO_VOTO", "RESTAURANTE_ID" ) VALUES(1809,5,'PRECO',2);
INSERT INTO RANKING_VOTOS ( "RANKING", "VOTOS" ) VALUES(73,1809);
INSERT INTO VOTO ( "ID", "NOTA", "TIPO_VOTO", "RESTAURANTE_ID" ) VALUES(1810,4,'LOCALIZACAO',2);
INSERT INTO RANKING_VOTOS ( "RANKING", "VOTOS" ) VALUES(73,1810);
INSERT INTO VOTO ( "ID", "NOTA", "TIPO_VOTO", "RESTAURANTE_ID" ) VALUES(1811,4,'ATENDIMENTO',3);
INSERT INTO RANKING_VOTOS ( "RANKING", "VOTOS" ) VALUES(73,1811);
INSERT INTO VOTO ( "ID", "NOTA", "TIPO_VOTO", "RESTAURANTE_ID" ) VALUES(1812,2,'DEMORA',3);
INSERT INTO RANKING_VOTOS ( "RANKING", "VOTOS" ) VALUES(73,1812);
INSERT INTO VOTO ( "ID", "NOTA", "TIPO_VOTO", "RESTAURANTE_ID" ) VALUES(1813,4,'SABOR',3);
INSERT INTO RANKING_VOTOS ( "RANKING", "VOTOS" ) VALUES(73,1813);
INSERT INTO VOTO ( "ID", "NOTA", "TIPO_VOTO", "RESTAURANTE_ID" ) VALUES(1814,1,'PRECO',3);
INSERT INTO RANKING_VOTOS ( "RANKING", "VOTOS" ) VALUES(73,1814);
INSERT INTO VOTO ( "ID", "NOTA", "TIPO_VOTO", "RESTAURANTE_ID" ) VALUES(1815,5,'LOCALIZACAO',3);
INSERT INTO RANKING_VOTOS ( "RANKING", "VOTOS" ) VALUES(73,1815);
INSERT INTO VOTO ( "ID", "NOTA", "TIPO_VOTO", "RESTAURANTE_ID" ) VALUES(1816,3,'ATENDIMENTO',4);
INSERT INTO RANKING_VOTOS ( "RANKING", "VOTOS" ) VALUES(73,1816);
INSERT INTO VOTO ( "ID", "NOTA", "TIPO_VOTO", "RESTAURANTE_ID" ) VALUES(1817,3,'DEMORA',4);
INSERT INTO RANKING_VOTOS ( "RANKING", "VOTOS" ) VALUES(73,1817);
INSERT INTO VOTO ( "ID", "NOTA", "TIPO_VOTO", "RESTAURANTE_ID" ) VALUES(1818,1,'SABOR',4);
INSERT INTO RANKING_VOTOS ( "RANKING", "VOTOS" ) VALUES(73,1818);
INSERT INTO VOTO ( "ID", "NOTA", "TIPO_VOTO", "RESTAURANTE_ID" ) VALUES(1819,5,'PRECO',4);
INSERT INTO RANKING_VOTOS ( "RANKING", "VOTOS" ) VALUES(73,1819);
INSERT INTO VOTO ( "ID", "NOTA", "TIPO_VOTO", "RESTAURANTE_ID" ) VALUES(1820,2,'LOCALIZACAO',4);
INSERT INTO RANKING_VOTOS ( "RANKING", "VOTOS" ) VALUES(73,1820);
INSERT INTO VOTO ( "ID", "NOTA", "TIPO_VOTO", "RESTAURANTE_ID" ) VALUES(1821,5,'ATENDIMENTO',5);
INSERT INTO RANKING_VOTOS ( "RANKING", "VOTOS" ) VALUES(73,1821);
INSERT INTO VOTO ( "ID", "NOTA", "TIPO_VOTO", "RESTAURANTE_ID" ) VALUES(1822,3,'DEMORA',5);
INSERT INTO RANKING_VOTOS ( "RANKING", "VOTOS" ) VALUES(73,1822);
INSERT INTO VOTO ( "ID", "NOTA", "TIPO_VOTO", "RESTAURANTE_ID" ) VALUES(1823,4,'SABOR',5);
INSERT INTO RANKING_VOTOS ( "RANKING", "VOTOS" ) VALUES(73,1823);
INSERT INTO VOTO ( "ID", "NOTA", "TIPO_VOTO", "RESTAURANTE_ID" ) VALUES(1824,3,'PRECO',5);
INSERT INTO RANKING_VOTOS ( "RANKING", "VOTOS" ) VALUES(73,1824);
INSERT INTO VOTO ( "ID", "NOTA", "TIPO_VOTO", "RESTAURANTE_ID" ) VALUES(1825,5,'LOCALIZACAO',5);
INSERT INTO RANKING_VOTOS ( "RANKING", "VOTOS" ) VALUES(73,1825);
INSERT INTO PESSOA ( "ID", "NOME" ) VALUES(74, 'Coretta Gleason');
INSERT INTO USUARIO ( "ID", "PESSOA_ID" ) VALUES('intravital@email.com',74);
INSERT INTO RANKING ( "ID", "USUARIO_ID" ) VALUES (74,'intravital@email.com');
INSERT INTO VOTO ( "ID", "NOTA", "TIPO_VOTO", "RESTAURANTE_ID" ) VALUES(1826,3,'ATENDIMENTO',1);
INSERT INTO RANKING_VOTOS ( "RANKING", "VOTOS" ) VALUES(74,1826);
INSERT INTO VOTO ( "ID", "NOTA", "TIPO_VOTO", "RESTAURANTE_ID" ) VALUES(1827,2,'DEMORA',1);
INSERT INTO RANKING_VOTOS ( "RANKING", "VOTOS" ) VALUES(74,1827);
INSERT INTO VOTO ( "ID", "NOTA", "TIPO_VOTO", "RESTAURANTE_ID" ) VALUES(1828,4,'SABOR',1);
INSERT INTO RANKING_VOTOS ( "RANKING", "VOTOS" ) VALUES(74,1828);
INSERT INTO VOTO ( "ID", "NOTA", "TIPO_VOTO", "RESTAURANTE_ID" ) VALUES(1829,2,'PRECO',1);
INSERT INTO RANKING_VOTOS ( "RANKING", "VOTOS" ) VALUES(74,1829);
INSERT INTO VOTO ( "ID", "NOTA", "TIPO_VOTO", "RESTAURANTE_ID" ) VALUES(1830,1,'LOCALIZACAO',1);
INSERT INTO RANKING_VOTOS ( "RANKING", "VOTOS" ) VALUES(74,1830);
INSERT INTO VOTO ( "ID", "NOTA", "TIPO_VOTO", "RESTAURANTE_ID" ) VALUES(1831,1,'ATENDIMENTO',2);
INSERT INTO RANKING_VOTOS ( "RANKING", "VOTOS" ) VALUES(74,1831);
INSERT INTO VOTO ( "ID", "NOTA", "TIPO_VOTO", "RESTAURANTE_ID" ) VALUES(1832,4,'DEMORA',2);
INSERT INTO RANKING_VOTOS ( "RANKING", "VOTOS" ) VALUES(74,1832);
INSERT INTO VOTO ( "ID", "NOTA", "TIPO_VOTO", "RESTAURANTE_ID" ) VALUES(1833,2,'SABOR',2);
INSERT INTO RANKING_VOTOS ( "RANKING", "VOTOS" ) VALUES(74,1833);
INSERT INTO VOTO ( "ID", "NOTA", "TIPO_VOTO", "RESTAURANTE_ID" ) VALUES(1834,4,'PRECO',2);
INSERT INTO RANKING_VOTOS ( "RANKING", "VOTOS" ) VALUES(74,1834);
INSERT INTO VOTO ( "ID", "NOTA", "TIPO_VOTO", "RESTAURANTE_ID" ) VALUES(1835,4,'LOCALIZACAO',2);
INSERT INTO RANKING_VOTOS ( "RANKING", "VOTOS" ) VALUES(74,1835);
INSERT INTO VOTO ( "ID", "NOTA", "TIPO_VOTO", "RESTAURANTE_ID" ) VALUES(1836,1,'ATENDIMENTO',3);
INSERT INTO RANKING_VOTOS ( "RANKING", "VOTOS" ) VALUES(74,1836);
INSERT INTO VOTO ( "ID", "NOTA", "TIPO_VOTO", "RESTAURANTE_ID" ) VALUES(1837,5,'DEMORA',3);
INSERT INTO RANKING_VOTOS ( "RANKING", "VOTOS" ) VALUES(74,1837);
INSERT INTO VOTO ( "ID", "NOTA", "TIPO_VOTO", "RESTAURANTE_ID" ) VALUES(1838,4,'SABOR',3);
INSERT INTO RANKING_VOTOS ( "RANKING", "VOTOS" ) VALUES(74,1838);
INSERT INTO VOTO ( "ID", "NOTA", "TIPO_VOTO", "RESTAURANTE_ID" ) VALUES(1839,2,'PRECO',3);
INSERT INTO RANKING_VOTOS ( "RANKING", "VOTOS" ) VALUES(74,1839);
INSERT INTO VOTO ( "ID", "NOTA", "TIPO_VOTO", "RESTAURANTE_ID" ) VALUES(1840,2,'LOCALIZACAO',3);
INSERT INTO RANKING_VOTOS ( "RANKING", "VOTOS" ) VALUES(74,1840);
INSERT INTO VOTO ( "ID", "NOTA", "TIPO_VOTO", "RESTAURANTE_ID" ) VALUES(1841,5,'ATENDIMENTO',4);
INSERT INTO RANKING_VOTOS ( "RANKING", "VOTOS" ) VALUES(74,1841);
INSERT INTO VOTO ( "ID", "NOTA", "TIPO_VOTO", "RESTAURANTE_ID" ) VALUES(1842,5,'DEMORA',4);
INSERT INTO RANKING_VOTOS ( "RANKING", "VOTOS" ) VALUES(74,1842);
INSERT INTO VOTO ( "ID", "NOTA", "TIPO_VOTO", "RESTAURANTE_ID" ) VALUES(1843,2,'SABOR',4);
INSERT INTO RANKING_VOTOS ( "RANKING", "VOTOS" ) VALUES(74,1843);
INSERT INTO VOTO ( "ID", "NOTA", "TIPO_VOTO", "RESTAURANTE_ID" ) VALUES(1844,3,'PRECO',4);
INSERT INTO RANKING_VOTOS ( "RANKING", "VOTOS" ) VALUES(74,1844);
INSERT INTO VOTO ( "ID", "NOTA", "TIPO_VOTO", "RESTAURANTE_ID" ) VALUES(1845,5,'LOCALIZACAO',4);
INSERT INTO RANKING_VOTOS ( "RANKING", "VOTOS" ) VALUES(74,1845);
INSERT INTO VOTO ( "ID", "NOTA", "TIPO_VOTO", "RESTAURANTE_ID" ) VALUES(1846,4,'ATENDIMENTO',5);
INSERT INTO RANKING_VOTOS ( "RANKING", "VOTOS" ) VALUES(74,1846);
INSERT INTO VOTO ( "ID", "NOTA", "TIPO_VOTO", "RESTAURANTE_ID" ) VALUES(1847,5,'DEMORA',5);
INSERT INTO RANKING_VOTOS ( "RANKING", "VOTOS" ) VALUES(74,1847);
INSERT INTO VOTO ( "ID", "NOTA", "TIPO_VOTO", "RESTAURANTE_ID" ) VALUES(1848,4,'SABOR',5);
INSERT INTO RANKING_VOTOS ( "RANKING", "VOTOS" ) VALUES(74,1848);
INSERT INTO VOTO ( "ID", "NOTA", "TIPO_VOTO", "RESTAURANTE_ID" ) VALUES(1849,4,'PRECO',5);
INSERT INTO RANKING_VOTOS ( "RANKING", "VOTOS" ) VALUES(74,1849);
INSERT INTO VOTO ( "ID", "NOTA", "TIPO_VOTO", "RESTAURANTE_ID" ) VALUES(1850,4,'LOCALIZACAO',5);
INSERT INTO RANKING_VOTOS ( "RANKING", "VOTOS" ) VALUES(74,1850);
INSERT INTO PESSOA ( "ID", "NOME" ) VALUES(75, 'Willian Tillman');
INSERT INTO USUARIO ( "ID", "PESSOA_ID" ) VALUES('enticement@email.com',75);
INSERT INTO RANKING ( "ID", "USUARIO_ID" ) VALUES (75,'enticement@email.com');
INSERT INTO VOTO ( "ID", "NOTA", "TIPO_VOTO", "RESTAURANTE_ID" ) VALUES(1851,5,'ATENDIMENTO',1);
INSERT INTO RANKING_VOTOS ( "RANKING", "VOTOS" ) VALUES(75,1851);
INSERT INTO VOTO ( "ID", "NOTA", "TIPO_VOTO", "RESTAURANTE_ID" ) VALUES(1852,2,'DEMORA',1);
INSERT INTO RANKING_VOTOS ( "RANKING", "VOTOS" ) VALUES(75,1852);
INSERT INTO VOTO ( "ID", "NOTA", "TIPO_VOTO", "RESTAURANTE_ID" ) VALUES(1853,1,'SABOR',1);
INSERT INTO RANKING_VOTOS ( "RANKING", "VOTOS" ) VALUES(75,1853);
INSERT INTO VOTO ( "ID", "NOTA", "TIPO_VOTO", "RESTAURANTE_ID" ) VALUES(1854,4,'PRECO',1);
INSERT INTO RANKING_VOTOS ( "RANKING", "VOTOS" ) VALUES(75,1854);
INSERT INTO VOTO ( "ID", "NOTA", "TIPO_VOTO", "RESTAURANTE_ID" ) VALUES(1855,4,'LOCALIZACAO',1);
INSERT INTO RANKING_VOTOS ( "RANKING", "VOTOS" ) VALUES(75,1855);
INSERT INTO VOTO ( "ID", "NOTA", "TIPO_VOTO", "RESTAURANTE_ID" ) VALUES(1856,3,'ATENDIMENTO',2);
INSERT INTO RANKING_VOTOS ( "RANKING", "VOTOS" ) VALUES(75,1856);
INSERT INTO VOTO ( "ID", "NOTA", "TIPO_VOTO", "RESTAURANTE_ID" ) VALUES(1857,1,'DEMORA',2);
INSERT INTO RANKING_VOTOS ( "RANKING", "VOTOS" ) VALUES(75,1857);
INSERT INTO VOTO ( "ID", "NOTA", "TIPO_VOTO", "RESTAURANTE_ID" ) VALUES(1858,1,'SABOR',2);
INSERT INTO RANKING_VOTOS ( "RANKING", "VOTOS" ) VALUES(75,1858);
INSERT INTO VOTO ( "ID", "NOTA", "TIPO_VOTO", "RESTAURANTE_ID" ) VALUES(1859,2,'PRECO',2);
INSERT INTO RANKING_VOTOS ( "RANKING", "VOTOS" ) VALUES(75,1859);
INSERT INTO VOTO ( "ID", "NOTA", "TIPO_VOTO", "RESTAURANTE_ID" ) VALUES(1860,2,'LOCALIZACAO',2);
INSERT INTO RANKING_VOTOS ( "RANKING", "VOTOS" ) VALUES(75,1860);
INSERT INTO VOTO ( "ID", "NOTA", "TIPO_VOTO", "RESTAURANTE_ID" ) VALUES(1861,2,'ATENDIMENTO',3);
INSERT INTO RANKING_VOTOS ( "RANKING", "VOTOS" ) VALUES(75,1861);
INSERT INTO VOTO ( "ID", "NOTA", "TIPO_VOTO", "RESTAURANTE_ID" ) VALUES(1862,4,'DEMORA',3);
INSERT INTO RANKING_VOTOS ( "RANKING", "VOTOS" ) VALUES(75,1862);
INSERT INTO VOTO ( "ID", "NOTA", "TIPO_VOTO", "RESTAURANTE_ID" ) VALUES(1863,2,'SABOR',3);
INSERT INTO RANKING_VOTOS ( "RANKING", "VOTOS" ) VALUES(75,1863);
INSERT INTO VOTO ( "ID", "NOTA", "TIPO_VOTO", "RESTAURANTE_ID" ) VALUES(1864,1,'PRECO',3);
INSERT INTO RANKING_VOTOS ( "RANKING", "VOTOS" ) VALUES(75,1864);
INSERT INTO VOTO ( "ID", "NOTA", "TIPO_VOTO", "RESTAURANTE_ID" ) VALUES(1865,1,'LOCALIZACAO',3);
INSERT INTO RANKING_VOTOS ( "RANKING", "VOTOS" ) VALUES(75,1865);
INSERT INTO VOTO ( "ID", "NOTA", "TIPO_VOTO", "RESTAURANTE_ID" ) VALUES(1866,4,'ATENDIMENTO',4);
INSERT INTO RANKING_VOTOS ( "RANKING", "VOTOS" ) VALUES(75,1866);
INSERT INTO VOTO ( "ID", "NOTA", "TIPO_VOTO", "RESTAURANTE_ID" ) VALUES(1867,1,'DEMORA',4);
INSERT INTO RANKING_VOTOS ( "RANKING", "VOTOS" ) VALUES(75,1867);
INSERT INTO VOTO ( "ID", "NOTA", "TIPO_VOTO", "RESTAURANTE_ID" ) VALUES(1868,5,'SABOR',4);
INSERT INTO RANKING_VOTOS ( "RANKING", "VOTOS" ) VALUES(75,1868);
INSERT INTO VOTO ( "ID", "NOTA", "TIPO_VOTO", "RESTAURANTE_ID" ) VALUES(1869,5,'PRECO',4);
INSERT INTO RANKING_VOTOS ( "RANKING", "VOTOS" ) VALUES(75,1869);
INSERT INTO VOTO ( "ID", "NOTA", "TIPO_VOTO", "RESTAURANTE_ID" ) VALUES(1870,1,'LOCALIZACAO',4);
INSERT INTO RANKING_VOTOS ( "RANKING", "VOTOS" ) VALUES(75,1870);
INSERT INTO VOTO ( "ID", "NOTA", "TIPO_VOTO", "RESTAURANTE_ID" ) VALUES(1871,3,'ATENDIMENTO',5);
INSERT INTO RANKING_VOTOS ( "RANKING", "VOTOS" ) VALUES(75,1871);
INSERT INTO VOTO ( "ID", "NOTA", "TIPO_VOTO", "RESTAURANTE_ID" ) VALUES(1872,1,'DEMORA',5);
INSERT INTO RANKING_VOTOS ( "RANKING", "VOTOS" ) VALUES(75,1872);
INSERT INTO VOTO ( "ID", "NOTA", "TIPO_VOTO", "RESTAURANTE_ID" ) VALUES(1873,2,'SABOR',5);
INSERT INTO RANKING_VOTOS ( "RANKING", "VOTOS" ) VALUES(75,1873);
INSERT INTO VOTO ( "ID", "NOTA", "TIPO_VOTO", "RESTAURANTE_ID" ) VALUES(1874,5,'PRECO',5);
INSERT INTO RANKING_VOTOS ( "RANKING", "VOTOS" ) VALUES(75,1874);
INSERT INTO VOTO ( "ID", "NOTA", "TIPO_VOTO", "RESTAURANTE_ID" ) VALUES(1875,3,'LOCALIZACAO',5);
INSERT INTO RANKING_VOTOS ( "RANKING", "VOTOS" ) VALUES(75,1875);
INSERT INTO PESSOA ( "ID", "NOME" ) VALUES(76, 'Tristan Hermann');
INSERT INTO USUARIO ( "ID", "PESSOA_ID" ) VALUES('infrasonic@email.com',76);
INSERT INTO RANKING ( "ID", "USUARIO_ID" ) VALUES (76,'infrasonic@email.com');
INSERT INTO VOTO ( "ID", "NOTA", "TIPO_VOTO", "RESTAURANTE_ID" ) VALUES(1876,1,'ATENDIMENTO',1);
INSERT INTO RANKING_VOTOS ( "RANKING", "VOTOS" ) VALUES(76,1876);
INSERT INTO VOTO ( "ID", "NOTA", "TIPO_VOTO", "RESTAURANTE_ID" ) VALUES(1877,1,'DEMORA',1);
INSERT INTO RANKING_VOTOS ( "RANKING", "VOTOS" ) VALUES(76,1877);
INSERT INTO VOTO ( "ID", "NOTA", "TIPO_VOTO", "RESTAURANTE_ID" ) VALUES(1878,1,'SABOR',1);
INSERT INTO RANKING_VOTOS ( "RANKING", "VOTOS" ) VALUES(76,1878);
INSERT INTO VOTO ( "ID", "NOTA", "TIPO_VOTO", "RESTAURANTE_ID" ) VALUES(1879,2,'PRECO',1);
INSERT INTO RANKING_VOTOS ( "RANKING", "VOTOS" ) VALUES(76,1879);
INSERT INTO VOTO ( "ID", "NOTA", "TIPO_VOTO", "RESTAURANTE_ID" ) VALUES(1880,2,'LOCALIZACAO',1);
INSERT INTO RANKING_VOTOS ( "RANKING", "VOTOS" ) VALUES(76,1880);
INSERT INTO VOTO ( "ID", "NOTA", "TIPO_VOTO", "RESTAURANTE_ID" ) VALUES(1881,3,'ATENDIMENTO',2);
INSERT INTO RANKING_VOTOS ( "RANKING", "VOTOS" ) VALUES(76,1881);
INSERT INTO VOTO ( "ID", "NOTA", "TIPO_VOTO", "RESTAURANTE_ID" ) VALUES(1882,4,'DEMORA',2);
INSERT INTO RANKING_VOTOS ( "RANKING", "VOTOS" ) VALUES(76,1882);
INSERT INTO VOTO ( "ID", "NOTA", "TIPO_VOTO", "RESTAURANTE_ID" ) VALUES(1883,4,'SABOR',2);
INSERT INTO RANKING_VOTOS ( "RANKING", "VOTOS" ) VALUES(76,1883);
INSERT INTO VOTO ( "ID", "NOTA", "TIPO_VOTO", "RESTAURANTE_ID" ) VALUES(1884,2,'PRECO',2);
INSERT INTO RANKING_VOTOS ( "RANKING", "VOTOS" ) VALUES(76,1884);
INSERT INTO VOTO ( "ID", "NOTA", "TIPO_VOTO", "RESTAURANTE_ID" ) VALUES(1885,3,'LOCALIZACAO',2);
INSERT INTO RANKING_VOTOS ( "RANKING", "VOTOS" ) VALUES(76,1885);
INSERT INTO VOTO ( "ID", "NOTA", "TIPO_VOTO", "RESTAURANTE_ID" ) VALUES(1886,2,'ATENDIMENTO',3);
INSERT INTO RANKING_VOTOS ( "RANKING", "VOTOS" ) VALUES(76,1886);
INSERT INTO VOTO ( "ID", "NOTA", "TIPO_VOTO", "RESTAURANTE_ID" ) VALUES(1887,5,'DEMORA',3);
INSERT INTO RANKING_VOTOS ( "RANKING", "VOTOS" ) VALUES(76,1887);
INSERT INTO VOTO ( "ID", "NOTA", "TIPO_VOTO", "RESTAURANTE_ID" ) VALUES(1888,5,'SABOR',3);
INSERT INTO RANKING_VOTOS ( "RANKING", "VOTOS" ) VALUES(76,1888);
INSERT INTO VOTO ( "ID", "NOTA", "TIPO_VOTO", "RESTAURANTE_ID" ) VALUES(1889,1,'PRECO',3);
INSERT INTO RANKING_VOTOS ( "RANKING", "VOTOS" ) VALUES(76,1889);
INSERT INTO VOTO ( "ID", "NOTA", "TIPO_VOTO", "RESTAURANTE_ID" ) VALUES(1890,3,'LOCALIZACAO',3);
INSERT INTO RANKING_VOTOS ( "RANKING", "VOTOS" ) VALUES(76,1890);
INSERT INTO VOTO ( "ID", "NOTA", "TIPO_VOTO", "RESTAURANTE_ID" ) VALUES(1891,3,'ATENDIMENTO',4);
INSERT INTO RANKING_VOTOS ( "RANKING", "VOTOS" ) VALUES(76,1891);
INSERT INTO VOTO ( "ID", "NOTA", "TIPO_VOTO", "RESTAURANTE_ID" ) VALUES(1892,4,'DEMORA',4);
INSERT INTO RANKING_VOTOS ( "RANKING", "VOTOS" ) VALUES(76,1892);
INSERT INTO VOTO ( "ID", "NOTA", "TIPO_VOTO", "RESTAURANTE_ID" ) VALUES(1893,5,'SABOR',4);
INSERT INTO RANKING_VOTOS ( "RANKING", "VOTOS" ) VALUES(76,1893);
INSERT INTO VOTO ( "ID", "NOTA", "TIPO_VOTO", "RESTAURANTE_ID" ) VALUES(1894,2,'PRECO',4);
INSERT INTO RANKING_VOTOS ( "RANKING", "VOTOS" ) VALUES(76,1894);
INSERT INTO VOTO ( "ID", "NOTA", "TIPO_VOTO", "RESTAURANTE_ID" ) VALUES(1895,5,'LOCALIZACAO',4);
INSERT INTO RANKING_VOTOS ( "RANKING", "VOTOS" ) VALUES(76,1895);
INSERT INTO VOTO ( "ID", "NOTA", "TIPO_VOTO", "RESTAURANTE_ID" ) VALUES(1896,3,'ATENDIMENTO',5);
INSERT INTO RANKING_VOTOS ( "RANKING", "VOTOS" ) VALUES(76,1896);
INSERT INTO VOTO ( "ID", "NOTA", "TIPO_VOTO", "RESTAURANTE_ID" ) VALUES(1897,3,'DEMORA',5);
INSERT INTO RANKING_VOTOS ( "RANKING", "VOTOS" ) VALUES(76,1897);
INSERT INTO VOTO ( "ID", "NOTA", "TIPO_VOTO", "RESTAURANTE_ID" ) VALUES(1898,2,'SABOR',5);
INSERT INTO RANKING_VOTOS ( "RANKING", "VOTOS" ) VALUES(76,1898);
INSERT INTO VOTO ( "ID", "NOTA", "TIPO_VOTO", "RESTAURANTE_ID" ) VALUES(1899,3,'PRECO',5);
INSERT INTO RANKING_VOTOS ( "RANKING", "VOTOS" ) VALUES(76,1899);
INSERT INTO VOTO ( "ID", "NOTA", "TIPO_VOTO", "RESTAURANTE_ID" ) VALUES(1900,5,'LOCALIZACAO',5);
INSERT INTO RANKING_VOTOS ( "RANKING", "VOTOS" ) VALUES(76,1900);
INSERT INTO PESSOA ( "ID", "NOME" ) VALUES(77, 'Phillip Rolfson');
INSERT INTO USUARIO ( "ID", "PESSOA_ID" ) VALUES('vicegerent@email.com',77);
INSERT INTO RANKING ( "ID", "USUARIO_ID" ) VALUES (77,'vicegerent@email.com');
INSERT INTO VOTO ( "ID", "NOTA", "TIPO_VOTO", "RESTAURANTE_ID" ) VALUES(1901,3,'ATENDIMENTO',1);
INSERT INTO RANKING_VOTOS ( "RANKING", "VOTOS" ) VALUES(77,1901);
INSERT INTO VOTO ( "ID", "NOTA", "TIPO_VOTO", "RESTAURANTE_ID" ) VALUES(1902,2,'DEMORA',1);
INSERT INTO RANKING_VOTOS ( "RANKING", "VOTOS" ) VALUES(77,1902);
INSERT INTO VOTO ( "ID", "NOTA", "TIPO_VOTO", "RESTAURANTE_ID" ) VALUES(1903,5,'SABOR',1);
INSERT INTO RANKING_VOTOS ( "RANKING", "VOTOS" ) VALUES(77,1903);
INSERT INTO VOTO ( "ID", "NOTA", "TIPO_VOTO", "RESTAURANTE_ID" ) VALUES(1904,3,'PRECO',1);
INSERT INTO RANKING_VOTOS ( "RANKING", "VOTOS" ) VALUES(77,1904);
INSERT INTO VOTO ( "ID", "NOTA", "TIPO_VOTO", "RESTAURANTE_ID" ) VALUES(1905,2,'LOCALIZACAO',1);
INSERT INTO RANKING_VOTOS ( "RANKING", "VOTOS" ) VALUES(77,1905);
INSERT INTO VOTO ( "ID", "NOTA", "TIPO_VOTO", "RESTAURANTE_ID" ) VALUES(1906,4,'ATENDIMENTO',2);
INSERT INTO RANKING_VOTOS ( "RANKING", "VOTOS" ) VALUES(77,1906);
INSERT INTO VOTO ( "ID", "NOTA", "TIPO_VOTO", "RESTAURANTE_ID" ) VALUES(1907,5,'DEMORA',2);
INSERT INTO RANKING_VOTOS ( "RANKING", "VOTOS" ) VALUES(77,1907);
INSERT INTO VOTO ( "ID", "NOTA", "TIPO_VOTO", "RESTAURANTE_ID" ) VALUES(1908,2,'SABOR',2);
INSERT INTO RANKING_VOTOS ( "RANKING", "VOTOS" ) VALUES(77,1908);
INSERT INTO VOTO ( "ID", "NOTA", "TIPO_VOTO", "RESTAURANTE_ID" ) VALUES(1909,4,'PRECO',2);
INSERT INTO RANKING_VOTOS ( "RANKING", "VOTOS" ) VALUES(77,1909);
INSERT INTO VOTO ( "ID", "NOTA", "TIPO_VOTO", "RESTAURANTE_ID" ) VALUES(1910,4,'LOCALIZACAO',2);
INSERT INTO RANKING_VOTOS ( "RANKING", "VOTOS" ) VALUES(77,1910);
INSERT INTO VOTO ( "ID", "NOTA", "TIPO_VOTO", "RESTAURANTE_ID" ) VALUES(1911,3,'ATENDIMENTO',3);
INSERT INTO RANKING_VOTOS ( "RANKING", "VOTOS" ) VALUES(77,1911);
INSERT INTO VOTO ( "ID", "NOTA", "TIPO_VOTO", "RESTAURANTE_ID" ) VALUES(1912,4,'DEMORA',3);
INSERT INTO RANKING_VOTOS ( "RANKING", "VOTOS" ) VALUES(77,1912);
INSERT INTO VOTO ( "ID", "NOTA", "TIPO_VOTO", "RESTAURANTE_ID" ) VALUES(1913,2,'SABOR',3);
INSERT INTO RANKING_VOTOS ( "RANKING", "VOTOS" ) VALUES(77,1913);
INSERT INTO VOTO ( "ID", "NOTA", "TIPO_VOTO", "RESTAURANTE_ID" ) VALUES(1914,3,'PRECO',3);
INSERT INTO RANKING_VOTOS ( "RANKING", "VOTOS" ) VALUES(77,1914);
INSERT INTO VOTO ( "ID", "NOTA", "TIPO_VOTO", "RESTAURANTE_ID" ) VALUES(1915,1,'LOCALIZACAO',3);
INSERT INTO RANKING_VOTOS ( "RANKING", "VOTOS" ) VALUES(77,1915);
INSERT INTO VOTO ( "ID", "NOTA", "TIPO_VOTO", "RESTAURANTE_ID" ) VALUES(1916,1,'ATENDIMENTO',4);
INSERT INTO RANKING_VOTOS ( "RANKING", "VOTOS" ) VALUES(77,1916);
INSERT INTO VOTO ( "ID", "NOTA", "TIPO_VOTO", "RESTAURANTE_ID" ) VALUES(1917,3,'DEMORA',4);
INSERT INTO RANKING_VOTOS ( "RANKING", "VOTOS" ) VALUES(77,1917);
INSERT INTO VOTO ( "ID", "NOTA", "TIPO_VOTO", "RESTAURANTE_ID" ) VALUES(1918,1,'SABOR',4);
INSERT INTO RANKING_VOTOS ( "RANKING", "VOTOS" ) VALUES(77,1918);
INSERT INTO VOTO ( "ID", "NOTA", "TIPO_VOTO", "RESTAURANTE_ID" ) VALUES(1919,2,'PRECO',4);
INSERT INTO RANKING_VOTOS ( "RANKING", "VOTOS" ) VALUES(77,1919);
INSERT INTO VOTO ( "ID", "NOTA", "TIPO_VOTO", "RESTAURANTE_ID" ) VALUES(1920,3,'LOCALIZACAO',4);
INSERT INTO RANKING_VOTOS ( "RANKING", "VOTOS" ) VALUES(77,1920);
INSERT INTO VOTO ( "ID", "NOTA", "TIPO_VOTO", "RESTAURANTE_ID" ) VALUES(1921,1,'ATENDIMENTO',5);
INSERT INTO RANKING_VOTOS ( "RANKING", "VOTOS" ) VALUES(77,1921);
INSERT INTO VOTO ( "ID", "NOTA", "TIPO_VOTO", "RESTAURANTE_ID" ) VALUES(1922,2,'DEMORA',5);
INSERT INTO RANKING_VOTOS ( "RANKING", "VOTOS" ) VALUES(77,1922);
INSERT INTO VOTO ( "ID", "NOTA", "TIPO_VOTO", "RESTAURANTE_ID" ) VALUES(1923,2,'SABOR',5);
INSERT INTO RANKING_VOTOS ( "RANKING", "VOTOS" ) VALUES(77,1923);
INSERT INTO VOTO ( "ID", "NOTA", "TIPO_VOTO", "RESTAURANTE_ID" ) VALUES(1924,1,'PRECO',5);
INSERT INTO RANKING_VOTOS ( "RANKING", "VOTOS" ) VALUES(77,1924);
INSERT INTO VOTO ( "ID", "NOTA", "TIPO_VOTO", "RESTAURANTE_ID" ) VALUES(1925,4,'LOCALIZACAO',5);
INSERT INTO RANKING_VOTOS ( "RANKING", "VOTOS" ) VALUES(77,1925);
INSERT INTO PESSOA ( "ID", "NOME" ) VALUES(78, 'Aurelio Trantow');
INSERT INTO USUARIO ( "ID", "PESSOA_ID" ) VALUES('hardheaded@email.com',78);
INSERT INTO RANKING ( "ID", "USUARIO_ID" ) VALUES (78,'hardheaded@email.com');
INSERT INTO VOTO ( "ID", "NOTA", "TIPO_VOTO", "RESTAURANTE_ID" ) VALUES(1926,5,'ATENDIMENTO',1);
INSERT INTO RANKING_VOTOS ( "RANKING", "VOTOS" ) VALUES(78,1926);
INSERT INTO VOTO ( "ID", "NOTA", "TIPO_VOTO", "RESTAURANTE_ID" ) VALUES(1927,4,'DEMORA',1);
INSERT INTO RANKING_VOTOS ( "RANKING", "VOTOS" ) VALUES(78,1927);
INSERT INTO VOTO ( "ID", "NOTA", "TIPO_VOTO", "RESTAURANTE_ID" ) VALUES(1928,3,'SABOR',1);
INSERT INTO RANKING_VOTOS ( "RANKING", "VOTOS" ) VALUES(78,1928);
INSERT INTO VOTO ( "ID", "NOTA", "TIPO_VOTO", "RESTAURANTE_ID" ) VALUES(1929,3,'PRECO',1);
INSERT INTO RANKING_VOTOS ( "RANKING", "VOTOS" ) VALUES(78,1929);
INSERT INTO VOTO ( "ID", "NOTA", "TIPO_VOTO", "RESTAURANTE_ID" ) VALUES(1930,5,'LOCALIZACAO',1);
INSERT INTO RANKING_VOTOS ( "RANKING", "VOTOS" ) VALUES(78,1930);
INSERT INTO VOTO ( "ID", "NOTA", "TIPO_VOTO", "RESTAURANTE_ID" ) VALUES(1931,2,'ATENDIMENTO',2);
INSERT INTO RANKING_VOTOS ( "RANKING", "VOTOS" ) VALUES(78,1931);
INSERT INTO VOTO ( "ID", "NOTA", "TIPO_VOTO", "RESTAURANTE_ID" ) VALUES(1932,1,'DEMORA',2);
INSERT INTO RANKING_VOTOS ( "RANKING", "VOTOS" ) VALUES(78,1932);
INSERT INTO VOTO ( "ID", "NOTA", "TIPO_VOTO", "RESTAURANTE_ID" ) VALUES(1933,3,'SABOR',2);
INSERT INTO RANKING_VOTOS ( "RANKING", "VOTOS" ) VALUES(78,1933);
INSERT INTO VOTO ( "ID", "NOTA", "TIPO_VOTO", "RESTAURANTE_ID" ) VALUES(1934,2,'PRECO',2);
INSERT INTO RANKING_VOTOS ( "RANKING", "VOTOS" ) VALUES(78,1934);
INSERT INTO VOTO ( "ID", "NOTA", "TIPO_VOTO", "RESTAURANTE_ID" ) VALUES(1935,1,'LOCALIZACAO',2);
INSERT INTO RANKING_VOTOS ( "RANKING", "VOTOS" ) VALUES(78,1935);
INSERT INTO VOTO ( "ID", "NOTA", "TIPO_VOTO", "RESTAURANTE_ID" ) VALUES(1936,4,'ATENDIMENTO',3);
INSERT INTO RANKING_VOTOS ( "RANKING", "VOTOS" ) VALUES(78,1936);
INSERT INTO VOTO ( "ID", "NOTA", "TIPO_VOTO", "RESTAURANTE_ID" ) VALUES(1937,4,'DEMORA',3);
INSERT INTO RANKING_VOTOS ( "RANKING", "VOTOS" ) VALUES(78,1937);
INSERT INTO VOTO ( "ID", "NOTA", "TIPO_VOTO", "RESTAURANTE_ID" ) VALUES(1938,3,'SABOR',3);
INSERT INTO RANKING_VOTOS ( "RANKING", "VOTOS" ) VALUES(78,1938);
INSERT INTO VOTO ( "ID", "NOTA", "TIPO_VOTO", "RESTAURANTE_ID" ) VALUES(1939,2,'PRECO',3);
INSERT INTO RANKING_VOTOS ( "RANKING", "VOTOS" ) VALUES(78,1939);
INSERT INTO VOTO ( "ID", "NOTA", "TIPO_VOTO", "RESTAURANTE_ID" ) VALUES(1940,4,'LOCALIZACAO',3);
INSERT INTO RANKING_VOTOS ( "RANKING", "VOTOS" ) VALUES(78,1940);
INSERT INTO VOTO ( "ID", "NOTA", "TIPO_VOTO", "RESTAURANTE_ID" ) VALUES(1941,2,'ATENDIMENTO',4);
INSERT INTO RANKING_VOTOS ( "RANKING", "VOTOS" ) VALUES(78,1941);
INSERT INTO VOTO ( "ID", "NOTA", "TIPO_VOTO", "RESTAURANTE_ID" ) VALUES(1942,2,'DEMORA',4);
INSERT INTO RANKING_VOTOS ( "RANKING", "VOTOS" ) VALUES(78,1942);
INSERT INTO VOTO ( "ID", "NOTA", "TIPO_VOTO", "RESTAURANTE_ID" ) VALUES(1943,5,'SABOR',4);
INSERT INTO RANKING_VOTOS ( "RANKING", "VOTOS" ) VALUES(78,1943);
INSERT INTO VOTO ( "ID", "NOTA", "TIPO_VOTO", "RESTAURANTE_ID" ) VALUES(1944,3,'PRECO',4);
INSERT INTO RANKING_VOTOS ( "RANKING", "VOTOS" ) VALUES(78,1944);
INSERT INTO VOTO ( "ID", "NOTA", "TIPO_VOTO", "RESTAURANTE_ID" ) VALUES(1945,3,'LOCALIZACAO',4);
INSERT INTO RANKING_VOTOS ( "RANKING", "VOTOS" ) VALUES(78,1945);
INSERT INTO VOTO ( "ID", "NOTA", "TIPO_VOTO", "RESTAURANTE_ID" ) VALUES(1946,4,'ATENDIMENTO',5);
INSERT INTO RANKING_VOTOS ( "RANKING", "VOTOS" ) VALUES(78,1946);
INSERT INTO VOTO ( "ID", "NOTA", "TIPO_VOTO", "RESTAURANTE_ID" ) VALUES(1947,2,'DEMORA',5);
INSERT INTO RANKING_VOTOS ( "RANKING", "VOTOS" ) VALUES(78,1947);
INSERT INTO VOTO ( "ID", "NOTA", "TIPO_VOTO", "RESTAURANTE_ID" ) VALUES(1948,3,'SABOR',5);
INSERT INTO RANKING_VOTOS ( "RANKING", "VOTOS" ) VALUES(78,1948);
INSERT INTO VOTO ( "ID", "NOTA", "TIPO_VOTO", "RESTAURANTE_ID" ) VALUES(1949,3,'PRECO',5);
INSERT INTO RANKING_VOTOS ( "RANKING", "VOTOS" ) VALUES(78,1949);
INSERT INTO VOTO ( "ID", "NOTA", "TIPO_VOTO", "RESTAURANTE_ID" ) VALUES(1950,4,'LOCALIZACAO',5);
INSERT INTO RANKING_VOTOS ( "RANKING", "VOTOS" ) VALUES(78,1950);
INSERT INTO PESSOA ( "ID", "NOME" ) VALUES(79, 'Johnsie Kautzer');
INSERT INTO USUARIO ( "ID", "PESSOA_ID" ) VALUES('maplecrest@email.com',79);
INSERT INTO RANKING ( "ID", "USUARIO_ID" ) VALUES (79,'maplecrest@email.com');
INSERT INTO VOTO ( "ID", "NOTA", "TIPO_VOTO", "RESTAURANTE_ID" ) VALUES(1951,2,'ATENDIMENTO',1);
INSERT INTO RANKING_VOTOS ( "RANKING", "VOTOS" ) VALUES(79,1951);
INSERT INTO VOTO ( "ID", "NOTA", "TIPO_VOTO", "RESTAURANTE_ID" ) VALUES(1952,4,'DEMORA',1);
INSERT INTO RANKING_VOTOS ( "RANKING", "VOTOS" ) VALUES(79,1952);
INSERT INTO VOTO ( "ID", "NOTA", "TIPO_VOTO", "RESTAURANTE_ID" ) VALUES(1953,2,'SABOR',1);
INSERT INTO RANKING_VOTOS ( "RANKING", "VOTOS" ) VALUES(79,1953);
INSERT INTO VOTO ( "ID", "NOTA", "TIPO_VOTO", "RESTAURANTE_ID" ) VALUES(1954,4,'PRECO',1);
INSERT INTO RANKING_VOTOS ( "RANKING", "VOTOS" ) VALUES(79,1954);
INSERT INTO VOTO ( "ID", "NOTA", "TIPO_VOTO", "RESTAURANTE_ID" ) VALUES(1955,5,'LOCALIZACAO',1);
INSERT INTO RANKING_VOTOS ( "RANKING", "VOTOS" ) VALUES(79,1955);
INSERT INTO VOTO ( "ID", "NOTA", "TIPO_VOTO", "RESTAURANTE_ID" ) VALUES(1956,1,'ATENDIMENTO',2);
INSERT INTO RANKING_VOTOS ( "RANKING", "VOTOS" ) VALUES(79,1956);
INSERT INTO VOTO ( "ID", "NOTA", "TIPO_VOTO", "RESTAURANTE_ID" ) VALUES(1957,2,'DEMORA',2);
INSERT INTO RANKING_VOTOS ( "RANKING", "VOTOS" ) VALUES(79,1957);
INSERT INTO VOTO ( "ID", "NOTA", "TIPO_VOTO", "RESTAURANTE_ID" ) VALUES(1958,4,'SABOR',2);
INSERT INTO RANKING_VOTOS ( "RANKING", "VOTOS" ) VALUES(79,1958);
INSERT INTO VOTO ( "ID", "NOTA", "TIPO_VOTO", "RESTAURANTE_ID" ) VALUES(1959,5,'PRECO',2);
INSERT INTO RANKING_VOTOS ( "RANKING", "VOTOS" ) VALUES(79,1959);
INSERT INTO VOTO ( "ID", "NOTA", "TIPO_VOTO", "RESTAURANTE_ID" ) VALUES(1960,1,'LOCALIZACAO',2);
INSERT INTO RANKING_VOTOS ( "RANKING", "VOTOS" ) VALUES(79,1960);
INSERT INTO VOTO ( "ID", "NOTA", "TIPO_VOTO", "RESTAURANTE_ID" ) VALUES(1961,5,'ATENDIMENTO',3);
INSERT INTO RANKING_VOTOS ( "RANKING", "VOTOS" ) VALUES(79,1961);
INSERT INTO VOTO ( "ID", "NOTA", "TIPO_VOTO", "RESTAURANTE_ID" ) VALUES(1962,1,'DEMORA',3);
INSERT INTO RANKING_VOTOS ( "RANKING", "VOTOS" ) VALUES(79,1962);
INSERT INTO VOTO ( "ID", "NOTA", "TIPO_VOTO", "RESTAURANTE_ID" ) VALUES(1963,3,'SABOR',3);
INSERT INTO RANKING_VOTOS ( "RANKING", "VOTOS" ) VALUES(79,1963);
INSERT INTO VOTO ( "ID", "NOTA", "TIPO_VOTO", "RESTAURANTE_ID" ) VALUES(1964,2,'PRECO',3);
INSERT INTO RANKING_VOTOS ( "RANKING", "VOTOS" ) VALUES(79,1964);
INSERT INTO VOTO ( "ID", "NOTA", "TIPO_VOTO", "RESTAURANTE_ID" ) VALUES(1965,5,'LOCALIZACAO',3);
INSERT INTO RANKING_VOTOS ( "RANKING", "VOTOS" ) VALUES(79,1965);
INSERT INTO VOTO ( "ID", "NOTA", "TIPO_VOTO", "RESTAURANTE_ID" ) VALUES(1966,5,'ATENDIMENTO',4);
INSERT INTO RANKING_VOTOS ( "RANKING", "VOTOS" ) VALUES(79,1966);
INSERT INTO VOTO ( "ID", "NOTA", "TIPO_VOTO", "RESTAURANTE_ID" ) VALUES(1967,5,'DEMORA',4);
INSERT INTO RANKING_VOTOS ( "RANKING", "VOTOS" ) VALUES(79,1967);
INSERT INTO VOTO ( "ID", "NOTA", "TIPO_VOTO", "RESTAURANTE_ID" ) VALUES(1968,3,'SABOR',4);
INSERT INTO RANKING_VOTOS ( "RANKING", "VOTOS" ) VALUES(79,1968);
INSERT INTO VOTO ( "ID", "NOTA", "TIPO_VOTO", "RESTAURANTE_ID" ) VALUES(1969,1,'PRECO',4);
INSERT INTO RANKING_VOTOS ( "RANKING", "VOTOS" ) VALUES(79,1969);
INSERT INTO VOTO ( "ID", "NOTA", "TIPO_VOTO", "RESTAURANTE_ID" ) VALUES(1970,5,'LOCALIZACAO',4);
INSERT INTO RANKING_VOTOS ( "RANKING", "VOTOS" ) VALUES(79,1970);
INSERT INTO VOTO ( "ID", "NOTA", "TIPO_VOTO", "RESTAURANTE_ID" ) VALUES(1971,3,'ATENDIMENTO',5);
INSERT INTO RANKING_VOTOS ( "RANKING", "VOTOS" ) VALUES(79,1971);
INSERT INTO VOTO ( "ID", "NOTA", "TIPO_VOTO", "RESTAURANTE_ID" ) VALUES(1972,3,'DEMORA',5);
INSERT INTO RANKING_VOTOS ( "RANKING", "VOTOS" ) VALUES(79,1972);
INSERT INTO VOTO ( "ID", "NOTA", "TIPO_VOTO", "RESTAURANTE_ID" ) VALUES(1973,2,'SABOR',5);
INSERT INTO RANKING_VOTOS ( "RANKING", "VOTOS" ) VALUES(79,1973);
INSERT INTO VOTO ( "ID", "NOTA", "TIPO_VOTO", "RESTAURANTE_ID" ) VALUES(1974,5,'PRECO',5);
INSERT INTO RANKING_VOTOS ( "RANKING", "VOTOS" ) VALUES(79,1974);
INSERT INTO VOTO ( "ID", "NOTA", "TIPO_VOTO", "RESTAURANTE_ID" ) VALUES(1975,3,'LOCALIZACAO',5);
INSERT INTO RANKING_VOTOS ( "RANKING", "VOTOS" ) VALUES(79,1975);
INSERT INTO PESSOA ( "ID", "NOME" ) VALUES(80, 'Kaylene Simonis');
INSERT INTO USUARIO ( "ID", "PESSOA_ID" ) VALUES('procreator@email.com',80);
INSERT INTO RANKING ( "ID", "USUARIO_ID" ) VALUES (80,'procreator@email.com');
INSERT INTO VOTO ( "ID", "NOTA", "TIPO_VOTO", "RESTAURANTE_ID" ) VALUES(1976,1,'ATENDIMENTO',1);
INSERT INTO RANKING_VOTOS ( "RANKING", "VOTOS" ) VALUES(80,1976);
INSERT INTO VOTO ( "ID", "NOTA", "TIPO_VOTO", "RESTAURANTE_ID" ) VALUES(1977,1,'DEMORA',1);
INSERT INTO RANKING_VOTOS ( "RANKING", "VOTOS" ) VALUES(80,1977);
INSERT INTO VOTO ( "ID", "NOTA", "TIPO_VOTO", "RESTAURANTE_ID" ) VALUES(1978,4,'SABOR',1);
INSERT INTO RANKING_VOTOS ( "RANKING", "VOTOS" ) VALUES(80,1978);
INSERT INTO VOTO ( "ID", "NOTA", "TIPO_VOTO", "RESTAURANTE_ID" ) VALUES(1979,5,'PRECO',1);
INSERT INTO RANKING_VOTOS ( "RANKING", "VOTOS" ) VALUES(80,1979);
INSERT INTO VOTO ( "ID", "NOTA", "TIPO_VOTO", "RESTAURANTE_ID" ) VALUES(1980,4,'LOCALIZACAO',1);
INSERT INTO RANKING_VOTOS ( "RANKING", "VOTOS" ) VALUES(80,1980);
INSERT INTO VOTO ( "ID", "NOTA", "TIPO_VOTO", "RESTAURANTE_ID" ) VALUES(1981,3,'ATENDIMENTO',2);
INSERT INTO RANKING_VOTOS ( "RANKING", "VOTOS" ) VALUES(80,1981);
INSERT INTO VOTO ( "ID", "NOTA", "TIPO_VOTO", "RESTAURANTE_ID" ) VALUES(1982,5,'DEMORA',2);
INSERT INTO RANKING_VOTOS ( "RANKING", "VOTOS" ) VALUES(80,1982);
INSERT INTO VOTO ( "ID", "NOTA", "TIPO_VOTO", "RESTAURANTE_ID" ) VALUES(1983,2,'SABOR',2);
INSERT INTO RANKING_VOTOS ( "RANKING", "VOTOS" ) VALUES(80,1983);
INSERT INTO VOTO ( "ID", "NOTA", "TIPO_VOTO", "RESTAURANTE_ID" ) VALUES(1984,4,'PRECO',2);
INSERT INTO RANKING_VOTOS ( "RANKING", "VOTOS" ) VALUES(80,1984);
INSERT INTO VOTO ( "ID", "NOTA", "TIPO_VOTO", "RESTAURANTE_ID" ) VALUES(1985,1,'LOCALIZACAO',2);
INSERT INTO RANKING_VOTOS ( "RANKING", "VOTOS" ) VALUES(80,1985);
INSERT INTO VOTO ( "ID", "NOTA", "TIPO_VOTO", "RESTAURANTE_ID" ) VALUES(1986,2,'ATENDIMENTO',3);
INSERT INTO RANKING_VOTOS ( "RANKING", "VOTOS" ) VALUES(80,1986);
INSERT INTO VOTO ( "ID", "NOTA", "TIPO_VOTO", "RESTAURANTE_ID" ) VALUES(1987,2,'DEMORA',3);
INSERT INTO RANKING_VOTOS ( "RANKING", "VOTOS" ) VALUES(80,1987);
INSERT INTO VOTO ( "ID", "NOTA", "TIPO_VOTO", "RESTAURANTE_ID" ) VALUES(1988,5,'SABOR',3);
INSERT INTO RANKING_VOTOS ( "RANKING", "VOTOS" ) VALUES(80,1988);
INSERT INTO VOTO ( "ID", "NOTA", "TIPO_VOTO", "RESTAURANTE_ID" ) VALUES(1989,1,'PRECO',3);
INSERT INTO RANKING_VOTOS ( "RANKING", "VOTOS" ) VALUES(80,1989);
INSERT INTO VOTO ( "ID", "NOTA", "TIPO_VOTO", "RESTAURANTE_ID" ) VALUES(1990,2,'LOCALIZACAO',3);
INSERT INTO RANKING_VOTOS ( "RANKING", "VOTOS" ) VALUES(80,1990);
INSERT INTO VOTO ( "ID", "NOTA", "TIPO_VOTO", "RESTAURANTE_ID" ) VALUES(1991,4,'ATENDIMENTO',4);
INSERT INTO RANKING_VOTOS ( "RANKING", "VOTOS" ) VALUES(80,1991);
INSERT INTO VOTO ( "ID", "NOTA", "TIPO_VOTO", "RESTAURANTE_ID" ) VALUES(1992,3,'DEMORA',4);
INSERT INTO RANKING_VOTOS ( "RANKING", "VOTOS" ) VALUES(80,1992);
INSERT INTO VOTO ( "ID", "NOTA", "TIPO_VOTO", "RESTAURANTE_ID" ) VALUES(1993,2,'SABOR',4);
INSERT INTO RANKING_VOTOS ( "RANKING", "VOTOS" ) VALUES(80,1993);
INSERT INTO VOTO ( "ID", "NOTA", "TIPO_VOTO", "RESTAURANTE_ID" ) VALUES(1994,1,'PRECO',4);
INSERT INTO RANKING_VOTOS ( "RANKING", "VOTOS" ) VALUES(80,1994);
INSERT INTO VOTO ( "ID", "NOTA", "TIPO_VOTO", "RESTAURANTE_ID" ) VALUES(1995,2,'LOCALIZACAO',4);
INSERT INTO RANKING_VOTOS ( "RANKING", "VOTOS" ) VALUES(80,1995);
INSERT INTO VOTO ( "ID", "NOTA", "TIPO_VOTO", "RESTAURANTE_ID" ) VALUES(1996,3,'ATENDIMENTO',5);
INSERT INTO RANKING_VOTOS ( "RANKING", "VOTOS" ) VALUES(80,1996);
INSERT INTO VOTO ( "ID", "NOTA", "TIPO_VOTO", "RESTAURANTE_ID" ) VALUES(1997,2,'DEMORA',5);
INSERT INTO RANKING_VOTOS ( "RANKING", "VOTOS" ) VALUES(80,1997);
INSERT INTO VOTO ( "ID", "NOTA", "TIPO_VOTO", "RESTAURANTE_ID" ) VALUES(1998,1,'SABOR',5);
INSERT INTO RANKING_VOTOS ( "RANKING", "VOTOS" ) VALUES(80,1998);
INSERT INTO VOTO ( "ID", "NOTA", "TIPO_VOTO", "RESTAURANTE_ID" ) VALUES(1999,4,'PRECO',5);
INSERT INTO RANKING_VOTOS ( "RANKING", "VOTOS" ) VALUES(80,1999);
INSERT INTO VOTO ( "ID", "NOTA", "TIPO_VOTO", "RESTAURANTE_ID" ) VALUES(2000,2,'LOCALIZACAO',5);
INSERT INTO RANKING_VOTOS ( "RANKING", "VOTOS" ) VALUES(80,2000);
INSERT INTO PESSOA ( "ID", "NOME" ) VALUES(81, 'Freddie DAmore');
INSERT INTO USUARIO ( "ID", "PESSOA_ID" ) VALUES('winterkill@email.com',81);
INSERT INTO RANKING ( "ID", "USUARIO_ID" ) VALUES (81,'winterkill@email.com');
INSERT INTO VOTO ( "ID", "NOTA", "TIPO_VOTO", "RESTAURANTE_ID" ) VALUES(2001,2,'ATENDIMENTO',1);
INSERT INTO RANKING_VOTOS ( "RANKING", "VOTOS" ) VALUES(81,2001);
INSERT INTO VOTO ( "ID", "NOTA", "TIPO_VOTO", "RESTAURANTE_ID" ) VALUES(2002,5,'DEMORA',1);
INSERT INTO RANKING_VOTOS ( "RANKING", "VOTOS" ) VALUES(81,2002);
INSERT INTO VOTO ( "ID", "NOTA", "TIPO_VOTO", "RESTAURANTE_ID" ) VALUES(2003,2,'SABOR',1);
INSERT INTO RANKING_VOTOS ( "RANKING", "VOTOS" ) VALUES(81,2003);
INSERT INTO VOTO ( "ID", "NOTA", "TIPO_VOTO", "RESTAURANTE_ID" ) VALUES(2004,1,'PRECO',1);
INSERT INTO RANKING_VOTOS ( "RANKING", "VOTOS" ) VALUES(81,2004);
INSERT INTO VOTO ( "ID", "NOTA", "TIPO_VOTO", "RESTAURANTE_ID" ) VALUES(2005,3,'LOCALIZACAO',1);
INSERT INTO RANKING_VOTOS ( "RANKING", "VOTOS" ) VALUES(81,2005);
INSERT INTO VOTO ( "ID", "NOTA", "TIPO_VOTO", "RESTAURANTE_ID" ) VALUES(2006,5,'ATENDIMENTO',2);
INSERT INTO RANKING_VOTOS ( "RANKING", "VOTOS" ) VALUES(81,2006);
INSERT INTO VOTO ( "ID", "NOTA", "TIPO_VOTO", "RESTAURANTE_ID" ) VALUES(2007,1,'DEMORA',2);
INSERT INTO RANKING_VOTOS ( "RANKING", "VOTOS" ) VALUES(81,2007);
INSERT INTO VOTO ( "ID", "NOTA", "TIPO_VOTO", "RESTAURANTE_ID" ) VALUES(2008,4,'SABOR',2);
INSERT INTO RANKING_VOTOS ( "RANKING", "VOTOS" ) VALUES(81,2008);
INSERT INTO VOTO ( "ID", "NOTA", "TIPO_VOTO", "RESTAURANTE_ID" ) VALUES(2009,3,'PRECO',2);
INSERT INTO RANKING_VOTOS ( "RANKING", "VOTOS" ) VALUES(81,2009);
INSERT INTO VOTO ( "ID", "NOTA", "TIPO_VOTO", "RESTAURANTE_ID" ) VALUES(2010,4,'LOCALIZACAO',2);
INSERT INTO RANKING_VOTOS ( "RANKING", "VOTOS" ) VALUES(81,2010);
INSERT INTO VOTO ( "ID", "NOTA", "TIPO_VOTO", "RESTAURANTE_ID" ) VALUES(2011,4,'ATENDIMENTO',3);
INSERT INTO RANKING_VOTOS ( "RANKING", "VOTOS" ) VALUES(81,2011);
INSERT INTO VOTO ( "ID", "NOTA", "TIPO_VOTO", "RESTAURANTE_ID" ) VALUES(2012,3,'DEMORA',3);
INSERT INTO RANKING_VOTOS ( "RANKING", "VOTOS" ) VALUES(81,2012);
INSERT INTO VOTO ( "ID", "NOTA", "TIPO_VOTO", "RESTAURANTE_ID" ) VALUES(2013,2,'SABOR',3);
INSERT INTO RANKING_VOTOS ( "RANKING", "VOTOS" ) VALUES(81,2013);
INSERT INTO VOTO ( "ID", "NOTA", "TIPO_VOTO", "RESTAURANTE_ID" ) VALUES(2014,1,'PRECO',3);
INSERT INTO RANKING_VOTOS ( "RANKING", "VOTOS" ) VALUES(81,2014);
INSERT INTO VOTO ( "ID", "NOTA", "TIPO_VOTO", "RESTAURANTE_ID" ) VALUES(2015,2,'LOCALIZACAO',3);
INSERT INTO RANKING_VOTOS ( "RANKING", "VOTOS" ) VALUES(81,2015);
INSERT INTO VOTO ( "ID", "NOTA", "TIPO_VOTO", "RESTAURANTE_ID" ) VALUES(2016,5,'ATENDIMENTO',4);
INSERT INTO RANKING_VOTOS ( "RANKING", "VOTOS" ) VALUES(81,2016);
INSERT INTO VOTO ( "ID", "NOTA", "TIPO_VOTO", "RESTAURANTE_ID" ) VALUES(2017,5,'DEMORA',4);
INSERT INTO RANKING_VOTOS ( "RANKING", "VOTOS" ) VALUES(81,2017);
INSERT INTO VOTO ( "ID", "NOTA", "TIPO_VOTO", "RESTAURANTE_ID" ) VALUES(2018,5,'SABOR',4);
INSERT INTO RANKING_VOTOS ( "RANKING", "VOTOS" ) VALUES(81,2018);
INSERT INTO VOTO ( "ID", "NOTA", "TIPO_VOTO", "RESTAURANTE_ID" ) VALUES(2019,2,'PRECO',4);
INSERT INTO RANKING_VOTOS ( "RANKING", "VOTOS" ) VALUES(81,2019);
INSERT INTO VOTO ( "ID", "NOTA", "TIPO_VOTO", "RESTAURANTE_ID" ) VALUES(2020,2,'LOCALIZACAO',4);
INSERT INTO RANKING_VOTOS ( "RANKING", "VOTOS" ) VALUES(81,2020);
INSERT INTO VOTO ( "ID", "NOTA", "TIPO_VOTO", "RESTAURANTE_ID" ) VALUES(2021,4,'ATENDIMENTO',5);
INSERT INTO RANKING_VOTOS ( "RANKING", "VOTOS" ) VALUES(81,2021);
INSERT INTO VOTO ( "ID", "NOTA", "TIPO_VOTO", "RESTAURANTE_ID" ) VALUES(2022,3,'DEMORA',5);
INSERT INTO RANKING_VOTOS ( "RANKING", "VOTOS" ) VALUES(81,2022);
INSERT INTO VOTO ( "ID", "NOTA", "TIPO_VOTO", "RESTAURANTE_ID" ) VALUES(2023,2,'SABOR',5);
INSERT INTO RANKING_VOTOS ( "RANKING", "VOTOS" ) VALUES(81,2023);
INSERT INTO VOTO ( "ID", "NOTA", "TIPO_VOTO", "RESTAURANTE_ID" ) VALUES(2024,4,'PRECO',5);
INSERT INTO RANKING_VOTOS ( "RANKING", "VOTOS" ) VALUES(81,2024);
INSERT INTO VOTO ( "ID", "NOTA", "TIPO_VOTO", "RESTAURANTE_ID" ) VALUES(2025,3,'LOCALIZACAO',5);
INSERT INTO RANKING_VOTOS ( "RANKING", "VOTOS" ) VALUES(81,2025);
INSERT INTO PESSOA ( "ID", "NOME" ) VALUES(82, 'Branden Corkery');
INSERT INTO USUARIO ( "ID", "PESSOA_ID" ) VALUES('croissants@email.com',82);
INSERT INTO RANKING ( "ID", "USUARIO_ID" ) VALUES (82,'croissants@email.com');
INSERT INTO VOTO ( "ID", "NOTA", "TIPO_VOTO", "RESTAURANTE_ID" ) VALUES(2026,3,'ATENDIMENTO',1);
INSERT INTO RANKING_VOTOS ( "RANKING", "VOTOS" ) VALUES(82,2026);
INSERT INTO VOTO ( "ID", "NOTA", "TIPO_VOTO", "RESTAURANTE_ID" ) VALUES(2027,3,'DEMORA',1);
INSERT INTO RANKING_VOTOS ( "RANKING", "VOTOS" ) VALUES(82,2027);
INSERT INTO VOTO ( "ID", "NOTA", "TIPO_VOTO", "RESTAURANTE_ID" ) VALUES(2028,5,'SABOR',1);
INSERT INTO RANKING_VOTOS ( "RANKING", "VOTOS" ) VALUES(82,2028);
INSERT INTO VOTO ( "ID", "NOTA", "TIPO_VOTO", "RESTAURANTE_ID" ) VALUES(2029,4,'PRECO',1);
INSERT INTO RANKING_VOTOS ( "RANKING", "VOTOS" ) VALUES(82,2029);
INSERT INTO VOTO ( "ID", "NOTA", "TIPO_VOTO", "RESTAURANTE_ID" ) VALUES(2030,1,'LOCALIZACAO',1);
INSERT INTO RANKING_VOTOS ( "RANKING", "VOTOS" ) VALUES(82,2030);
INSERT INTO VOTO ( "ID", "NOTA", "TIPO_VOTO", "RESTAURANTE_ID" ) VALUES(2031,5,'ATENDIMENTO',2);
INSERT INTO RANKING_VOTOS ( "RANKING", "VOTOS" ) VALUES(82,2031);
INSERT INTO VOTO ( "ID", "NOTA", "TIPO_VOTO", "RESTAURANTE_ID" ) VALUES(2032,4,'DEMORA',2);
INSERT INTO RANKING_VOTOS ( "RANKING", "VOTOS" ) VALUES(82,2032);
INSERT INTO VOTO ( "ID", "NOTA", "TIPO_VOTO", "RESTAURANTE_ID" ) VALUES(2033,3,'SABOR',2);
INSERT INTO RANKING_VOTOS ( "RANKING", "VOTOS" ) VALUES(82,2033);
INSERT INTO VOTO ( "ID", "NOTA", "TIPO_VOTO", "RESTAURANTE_ID" ) VALUES(2034,2,'PRECO',2);
INSERT INTO RANKING_VOTOS ( "RANKING", "VOTOS" ) VALUES(82,2034);
INSERT INTO VOTO ( "ID", "NOTA", "TIPO_VOTO", "RESTAURANTE_ID" ) VALUES(2035,5,'LOCALIZACAO',2);
INSERT INTO RANKING_VOTOS ( "RANKING", "VOTOS" ) VALUES(82,2035);
INSERT INTO VOTO ( "ID", "NOTA", "TIPO_VOTO", "RESTAURANTE_ID" ) VALUES(2036,4,'ATENDIMENTO',3);
INSERT INTO RANKING_VOTOS ( "RANKING", "VOTOS" ) VALUES(82,2036);
INSERT INTO VOTO ( "ID", "NOTA", "TIPO_VOTO", "RESTAURANTE_ID" ) VALUES(2037,2,'DEMORA',3);
INSERT INTO RANKING_VOTOS ( "RANKING", "VOTOS" ) VALUES(82,2037);
INSERT INTO VOTO ( "ID", "NOTA", "TIPO_VOTO", "RESTAURANTE_ID" ) VALUES(2038,5,'SABOR',3);
INSERT INTO RANKING_VOTOS ( "RANKING", "VOTOS" ) VALUES(82,2038);
INSERT INTO VOTO ( "ID", "NOTA", "TIPO_VOTO", "RESTAURANTE_ID" ) VALUES(2039,4,'PRECO',3);
INSERT INTO RANKING_VOTOS ( "RANKING", "VOTOS" ) VALUES(82,2039);
INSERT INTO VOTO ( "ID", "NOTA", "TIPO_VOTO", "RESTAURANTE_ID" ) VALUES(2040,5,'LOCALIZACAO',3);
INSERT INTO RANKING_VOTOS ( "RANKING", "VOTOS" ) VALUES(82,2040);
INSERT INTO VOTO ( "ID", "NOTA", "TIPO_VOTO", "RESTAURANTE_ID" ) VALUES(2041,1,'ATENDIMENTO',4);
INSERT INTO RANKING_VOTOS ( "RANKING", "VOTOS" ) VALUES(82,2041);
INSERT INTO VOTO ( "ID", "NOTA", "TIPO_VOTO", "RESTAURANTE_ID" ) VALUES(2042,2,'DEMORA',4);
INSERT INTO RANKING_VOTOS ( "RANKING", "VOTOS" ) VALUES(82,2042);
INSERT INTO VOTO ( "ID", "NOTA", "TIPO_VOTO", "RESTAURANTE_ID" ) VALUES(2043,3,'SABOR',4);
INSERT INTO RANKING_VOTOS ( "RANKING", "VOTOS" ) VALUES(82,2043);
INSERT INTO VOTO ( "ID", "NOTA", "TIPO_VOTO", "RESTAURANTE_ID" ) VALUES(2044,2,'PRECO',4);
INSERT INTO RANKING_VOTOS ( "RANKING", "VOTOS" ) VALUES(82,2044);
INSERT INTO VOTO ( "ID", "NOTA", "TIPO_VOTO", "RESTAURANTE_ID" ) VALUES(2045,5,'LOCALIZACAO',4);
INSERT INTO RANKING_VOTOS ( "RANKING", "VOTOS" ) VALUES(82,2045);
INSERT INTO VOTO ( "ID", "NOTA", "TIPO_VOTO", "RESTAURANTE_ID" ) VALUES(2046,3,'ATENDIMENTO',5);
INSERT INTO RANKING_VOTOS ( "RANKING", "VOTOS" ) VALUES(82,2046);
INSERT INTO VOTO ( "ID", "NOTA", "TIPO_VOTO", "RESTAURANTE_ID" ) VALUES(2047,5,'DEMORA',5);
INSERT INTO RANKING_VOTOS ( "RANKING", "VOTOS" ) VALUES(82,2047);
INSERT INTO VOTO ( "ID", "NOTA", "TIPO_VOTO", "RESTAURANTE_ID" ) VALUES(2048,1,'SABOR',5);
INSERT INTO RANKING_VOTOS ( "RANKING", "VOTOS" ) VALUES(82,2048);
INSERT INTO VOTO ( "ID", "NOTA", "TIPO_VOTO", "RESTAURANTE_ID" ) VALUES(2049,1,'PRECO',5);
INSERT INTO RANKING_VOTOS ( "RANKING", "VOTOS" ) VALUES(82,2049);
INSERT INTO VOTO ( "ID", "NOTA", "TIPO_VOTO", "RESTAURANTE_ID" ) VALUES(2050,4,'LOCALIZACAO',5);
INSERT INTO RANKING_VOTOS ( "RANKING", "VOTOS" ) VALUES(82,2050);
INSERT INTO PESSOA ( "ID", "NOME" ) VALUES(83, 'Earlean Schmitt');
INSERT INTO USUARIO ( "ID", "PESSOA_ID" ) VALUES('versicular@email.com',83);
INSERT INTO RANKING ( "ID", "USUARIO_ID" ) VALUES (83,'versicular@email.com');
INSERT INTO VOTO ( "ID", "NOTA", "TIPO_VOTO", "RESTAURANTE_ID" ) VALUES(2051,5,'ATENDIMENTO',1);
INSERT INTO RANKING_VOTOS ( "RANKING", "VOTOS" ) VALUES(83,2051);
INSERT INTO VOTO ( "ID", "NOTA", "TIPO_VOTO", "RESTAURANTE_ID" ) VALUES(2052,1,'DEMORA',1);
INSERT INTO RANKING_VOTOS ( "RANKING", "VOTOS" ) VALUES(83,2052);
INSERT INTO VOTO ( "ID", "NOTA", "TIPO_VOTO", "RESTAURANTE_ID" ) VALUES(2053,5,'SABOR',1);
INSERT INTO RANKING_VOTOS ( "RANKING", "VOTOS" ) VALUES(83,2053);
INSERT INTO VOTO ( "ID", "NOTA", "TIPO_VOTO", "RESTAURANTE_ID" ) VALUES(2054,3,'PRECO',1);
INSERT INTO RANKING_VOTOS ( "RANKING", "VOTOS" ) VALUES(83,2054);
INSERT INTO VOTO ( "ID", "NOTA", "TIPO_VOTO", "RESTAURANTE_ID" ) VALUES(2055,4,'LOCALIZACAO',1);
INSERT INTO RANKING_VOTOS ( "RANKING", "VOTOS" ) VALUES(83,2055);
INSERT INTO VOTO ( "ID", "NOTA", "TIPO_VOTO", "RESTAURANTE_ID" ) VALUES(2056,3,'ATENDIMENTO',2);
INSERT INTO RANKING_VOTOS ( "RANKING", "VOTOS" ) VALUES(83,2056);
INSERT INTO VOTO ( "ID", "NOTA", "TIPO_VOTO", "RESTAURANTE_ID" ) VALUES(2057,4,'DEMORA',2);
INSERT INTO RANKING_VOTOS ( "RANKING", "VOTOS" ) VALUES(83,2057);
INSERT INTO VOTO ( "ID", "NOTA", "TIPO_VOTO", "RESTAURANTE_ID" ) VALUES(2058,4,'SABOR',2);
INSERT INTO RANKING_VOTOS ( "RANKING", "VOTOS" ) VALUES(83,2058);
INSERT INTO VOTO ( "ID", "NOTA", "TIPO_VOTO", "RESTAURANTE_ID" ) VALUES(2059,1,'PRECO',2);
INSERT INTO RANKING_VOTOS ( "RANKING", "VOTOS" ) VALUES(83,2059);
INSERT INTO VOTO ( "ID", "NOTA", "TIPO_VOTO", "RESTAURANTE_ID" ) VALUES(2060,2,'LOCALIZACAO',2);
INSERT INTO RANKING_VOTOS ( "RANKING", "VOTOS" ) VALUES(83,2060);
INSERT INTO VOTO ( "ID", "NOTA", "TIPO_VOTO", "RESTAURANTE_ID" ) VALUES(2061,1,'ATENDIMENTO',3);
INSERT INTO RANKING_VOTOS ( "RANKING", "VOTOS" ) VALUES(83,2061);
INSERT INTO VOTO ( "ID", "NOTA", "TIPO_VOTO", "RESTAURANTE_ID" ) VALUES(2062,1,'DEMORA',3);
INSERT INTO RANKING_VOTOS ( "RANKING", "VOTOS" ) VALUES(83,2062);
INSERT INTO VOTO ( "ID", "NOTA", "TIPO_VOTO", "RESTAURANTE_ID" ) VALUES(2063,5,'SABOR',3);
INSERT INTO RANKING_VOTOS ( "RANKING", "VOTOS" ) VALUES(83,2063);
INSERT INTO VOTO ( "ID", "NOTA", "TIPO_VOTO", "RESTAURANTE_ID" ) VALUES(2064,3,'PRECO',3);
INSERT INTO RANKING_VOTOS ( "RANKING", "VOTOS" ) VALUES(83,2064);
INSERT INTO VOTO ( "ID", "NOTA", "TIPO_VOTO", "RESTAURANTE_ID" ) VALUES(2065,5,'LOCALIZACAO',3);
INSERT INTO RANKING_VOTOS ( "RANKING", "VOTOS" ) VALUES(83,2065);
INSERT INTO VOTO ( "ID", "NOTA", "TIPO_VOTO", "RESTAURANTE_ID" ) VALUES(2066,4,'ATENDIMENTO',4);
INSERT INTO RANKING_VOTOS ( "RANKING", "VOTOS" ) VALUES(83,2066);
INSERT INTO VOTO ( "ID", "NOTA", "TIPO_VOTO", "RESTAURANTE_ID" ) VALUES(2067,1,'DEMORA',4);
INSERT INTO RANKING_VOTOS ( "RANKING", "VOTOS" ) VALUES(83,2067);
INSERT INTO VOTO ( "ID", "NOTA", "TIPO_VOTO", "RESTAURANTE_ID" ) VALUES(2068,1,'SABOR',4);
INSERT INTO RANKING_VOTOS ( "RANKING", "VOTOS" ) VALUES(83,2068);
INSERT INTO VOTO ( "ID", "NOTA", "TIPO_VOTO", "RESTAURANTE_ID" ) VALUES(2069,2,'PRECO',4);
INSERT INTO RANKING_VOTOS ( "RANKING", "VOTOS" ) VALUES(83,2069);
INSERT INTO VOTO ( "ID", "NOTA", "TIPO_VOTO", "RESTAURANTE_ID" ) VALUES(2070,3,'LOCALIZACAO',4);
INSERT INTO RANKING_VOTOS ( "RANKING", "VOTOS" ) VALUES(83,2070);
INSERT INTO VOTO ( "ID", "NOTA", "TIPO_VOTO", "RESTAURANTE_ID" ) VALUES(2071,3,'ATENDIMENTO',5);
INSERT INTO RANKING_VOTOS ( "RANKING", "VOTOS" ) VALUES(83,2071);
INSERT INTO VOTO ( "ID", "NOTA", "TIPO_VOTO", "RESTAURANTE_ID" ) VALUES(2072,2,'DEMORA',5);
INSERT INTO RANKING_VOTOS ( "RANKING", "VOTOS" ) VALUES(83,2072);
INSERT INTO VOTO ( "ID", "NOTA", "TIPO_VOTO", "RESTAURANTE_ID" ) VALUES(2073,2,'SABOR',5);
INSERT INTO RANKING_VOTOS ( "RANKING", "VOTOS" ) VALUES(83,2073);
INSERT INTO VOTO ( "ID", "NOTA", "TIPO_VOTO", "RESTAURANTE_ID" ) VALUES(2074,4,'PRECO',5);
INSERT INTO RANKING_VOTOS ( "RANKING", "VOTOS" ) VALUES(83,2074);
INSERT INTO VOTO ( "ID", "NOTA", "TIPO_VOTO", "RESTAURANTE_ID" ) VALUES(2075,3,'LOCALIZACAO',5);
INSERT INTO RANKING_VOTOS ( "RANKING", "VOTOS" ) VALUES(83,2075);
INSERT INTO PESSOA ( "ID", "NOME" ) VALUES(84, 'Gaylene Langosh');
INSERT INTO USUARIO ( "ID", "PESSOA_ID" ) VALUES('dissidence@email.com',84);
INSERT INTO RANKING ( "ID", "USUARIO_ID" ) VALUES (84,'dissidence@email.com');
INSERT INTO VOTO ( "ID", "NOTA", "TIPO_VOTO", "RESTAURANTE_ID" ) VALUES(2076,3,'ATENDIMENTO',1);
INSERT INTO RANKING_VOTOS ( "RANKING", "VOTOS" ) VALUES(84,2076);
INSERT INTO VOTO ( "ID", "NOTA", "TIPO_VOTO", "RESTAURANTE_ID" ) VALUES(2077,2,'DEMORA',1);
INSERT INTO RANKING_VOTOS ( "RANKING", "VOTOS" ) VALUES(84,2077);
INSERT INTO VOTO ( "ID", "NOTA", "TIPO_VOTO", "RESTAURANTE_ID" ) VALUES(2078,4,'SABOR',1);
INSERT INTO RANKING_VOTOS ( "RANKING", "VOTOS" ) VALUES(84,2078);
INSERT INTO VOTO ( "ID", "NOTA", "TIPO_VOTO", "RESTAURANTE_ID" ) VALUES(2079,5,'PRECO',1);
INSERT INTO RANKING_VOTOS ( "RANKING", "VOTOS" ) VALUES(84,2079);
INSERT INTO VOTO ( "ID", "NOTA", "TIPO_VOTO", "RESTAURANTE_ID" ) VALUES(2080,4,'LOCALIZACAO',1);
INSERT INTO RANKING_VOTOS ( "RANKING", "VOTOS" ) VALUES(84,2080);
INSERT INTO VOTO ( "ID", "NOTA", "TIPO_VOTO", "RESTAURANTE_ID" ) VALUES(2081,3,'ATENDIMENTO',2);
INSERT INTO RANKING_VOTOS ( "RANKING", "VOTOS" ) VALUES(84,2081);
INSERT INTO VOTO ( "ID", "NOTA", "TIPO_VOTO", "RESTAURANTE_ID" ) VALUES(2082,4,'DEMORA',2);
INSERT INTO RANKING_VOTOS ( "RANKING", "VOTOS" ) VALUES(84,2082);
INSERT INTO VOTO ( "ID", "NOTA", "TIPO_VOTO", "RESTAURANTE_ID" ) VALUES(2083,4,'SABOR',2);
INSERT INTO RANKING_VOTOS ( "RANKING", "VOTOS" ) VALUES(84,2083);
INSERT INTO VOTO ( "ID", "NOTA", "TIPO_VOTO", "RESTAURANTE_ID" ) VALUES(2084,1,'PRECO',2);
INSERT INTO RANKING_VOTOS ( "RANKING", "VOTOS" ) VALUES(84,2084);
INSERT INTO VOTO ( "ID", "NOTA", "TIPO_VOTO", "RESTAURANTE_ID" ) VALUES(2085,3,'LOCALIZACAO',2);
INSERT INTO RANKING_VOTOS ( "RANKING", "VOTOS" ) VALUES(84,2085);
INSERT INTO VOTO ( "ID", "NOTA", "TIPO_VOTO", "RESTAURANTE_ID" ) VALUES(2086,5,'ATENDIMENTO',3);
INSERT INTO RANKING_VOTOS ( "RANKING", "VOTOS" ) VALUES(84,2086);
INSERT INTO VOTO ( "ID", "NOTA", "TIPO_VOTO", "RESTAURANTE_ID" ) VALUES(2087,4,'DEMORA',3);
INSERT INTO RANKING_VOTOS ( "RANKING", "VOTOS" ) VALUES(84,2087);
INSERT INTO VOTO ( "ID", "NOTA", "TIPO_VOTO", "RESTAURANTE_ID" ) VALUES(2088,1,'SABOR',3);
INSERT INTO RANKING_VOTOS ( "RANKING", "VOTOS" ) VALUES(84,2088);
INSERT INTO VOTO ( "ID", "NOTA", "TIPO_VOTO", "RESTAURANTE_ID" ) VALUES(2089,3,'PRECO',3);
INSERT INTO RANKING_VOTOS ( "RANKING", "VOTOS" ) VALUES(84,2089);
INSERT INTO VOTO ( "ID", "NOTA", "TIPO_VOTO", "RESTAURANTE_ID" ) VALUES(2090,1,'LOCALIZACAO',3);
INSERT INTO RANKING_VOTOS ( "RANKING", "VOTOS" ) VALUES(84,2090);
INSERT INTO VOTO ( "ID", "NOTA", "TIPO_VOTO", "RESTAURANTE_ID" ) VALUES(2091,5,'ATENDIMENTO',4);
INSERT INTO RANKING_VOTOS ( "RANKING", "VOTOS" ) VALUES(84,2091);
INSERT INTO VOTO ( "ID", "NOTA", "TIPO_VOTO", "RESTAURANTE_ID" ) VALUES(2092,2,'DEMORA',4);
INSERT INTO RANKING_VOTOS ( "RANKING", "VOTOS" ) VALUES(84,2092);
INSERT INTO VOTO ( "ID", "NOTA", "TIPO_VOTO", "RESTAURANTE_ID" ) VALUES(2093,3,'SABOR',4);
INSERT INTO RANKING_VOTOS ( "RANKING", "VOTOS" ) VALUES(84,2093);
INSERT INTO VOTO ( "ID", "NOTA", "TIPO_VOTO", "RESTAURANTE_ID" ) VALUES(2094,3,'PRECO',4);
INSERT INTO RANKING_VOTOS ( "RANKING", "VOTOS" ) VALUES(84,2094);
INSERT INTO VOTO ( "ID", "NOTA", "TIPO_VOTO", "RESTAURANTE_ID" ) VALUES(2095,1,'LOCALIZACAO',4);
INSERT INTO RANKING_VOTOS ( "RANKING", "VOTOS" ) VALUES(84,2095);
INSERT INTO VOTO ( "ID", "NOTA", "TIPO_VOTO", "RESTAURANTE_ID" ) VALUES(2096,3,'ATENDIMENTO',5);
INSERT INTO RANKING_VOTOS ( "RANKING", "VOTOS" ) VALUES(84,2096);
INSERT INTO VOTO ( "ID", "NOTA", "TIPO_VOTO", "RESTAURANTE_ID" ) VALUES(2097,1,'DEMORA',5);
INSERT INTO RANKING_VOTOS ( "RANKING", "VOTOS" ) VALUES(84,2097);
INSERT INTO VOTO ( "ID", "NOTA", "TIPO_VOTO", "RESTAURANTE_ID" ) VALUES(2098,4,'SABOR',5);
INSERT INTO RANKING_VOTOS ( "RANKING", "VOTOS" ) VALUES(84,2098);
INSERT INTO VOTO ( "ID", "NOTA", "TIPO_VOTO", "RESTAURANTE_ID" ) VALUES(2099,4,'PRECO',5);
INSERT INTO RANKING_VOTOS ( "RANKING", "VOTOS" ) VALUES(84,2099);
INSERT INTO VOTO ( "ID", "NOTA", "TIPO_VOTO", "RESTAURANTE_ID" ) VALUES(2100,5,'LOCALIZACAO',5);
INSERT INTO RANKING_VOTOS ( "RANKING", "VOTOS" ) VALUES(84,2100);
INSERT INTO PESSOA ( "ID", "NOME" ) VALUES(85, 'Aleshia Carroll');
INSERT INTO USUARIO ( "ID", "PESSOA_ID" ) VALUES('rigorisms@email.com',85);
INSERT INTO RANKING ( "ID", "USUARIO_ID" ) VALUES (85,'rigorisms@email.com');
INSERT INTO VOTO ( "ID", "NOTA", "TIPO_VOTO", "RESTAURANTE_ID" ) VALUES(2101,5,'ATENDIMENTO',1);
INSERT INTO RANKING_VOTOS ( "RANKING", "VOTOS" ) VALUES(85,2101);
INSERT INTO VOTO ( "ID", "NOTA", "TIPO_VOTO", "RESTAURANTE_ID" ) VALUES(2102,5,'DEMORA',1);
INSERT INTO RANKING_VOTOS ( "RANKING", "VOTOS" ) VALUES(85,2102);
INSERT INTO VOTO ( "ID", "NOTA", "TIPO_VOTO", "RESTAURANTE_ID" ) VALUES(2103,3,'SABOR',1);
INSERT INTO RANKING_VOTOS ( "RANKING", "VOTOS" ) VALUES(85,2103);
INSERT INTO VOTO ( "ID", "NOTA", "TIPO_VOTO", "RESTAURANTE_ID" ) VALUES(2104,5,'PRECO',1);
INSERT INTO RANKING_VOTOS ( "RANKING", "VOTOS" ) VALUES(85,2104);
INSERT INTO VOTO ( "ID", "NOTA", "TIPO_VOTO", "RESTAURANTE_ID" ) VALUES(2105,4,'LOCALIZACAO',1);
INSERT INTO RANKING_VOTOS ( "RANKING", "VOTOS" ) VALUES(85,2105);
INSERT INTO VOTO ( "ID", "NOTA", "TIPO_VOTO", "RESTAURANTE_ID" ) VALUES(2106,5,'ATENDIMENTO',2);
INSERT INTO RANKING_VOTOS ( "RANKING", "VOTOS" ) VALUES(85,2106);
INSERT INTO VOTO ( "ID", "NOTA", "TIPO_VOTO", "RESTAURANTE_ID" ) VALUES(2107,1,'DEMORA',2);
INSERT INTO RANKING_VOTOS ( "RANKING", "VOTOS" ) VALUES(85,2107);
INSERT INTO VOTO ( "ID", "NOTA", "TIPO_VOTO", "RESTAURANTE_ID" ) VALUES(2108,4,'SABOR',2);
INSERT INTO RANKING_VOTOS ( "RANKING", "VOTOS" ) VALUES(85,2108);
INSERT INTO VOTO ( "ID", "NOTA", "TIPO_VOTO", "RESTAURANTE_ID" ) VALUES(2109,4,'PRECO',2);
INSERT INTO RANKING_VOTOS ( "RANKING", "VOTOS" ) VALUES(85,2109);
INSERT INTO VOTO ( "ID", "NOTA", "TIPO_VOTO", "RESTAURANTE_ID" ) VALUES(2110,1,'LOCALIZACAO',2);
INSERT INTO RANKING_VOTOS ( "RANKING", "VOTOS" ) VALUES(85,2110);
INSERT INTO VOTO ( "ID", "NOTA", "TIPO_VOTO", "RESTAURANTE_ID" ) VALUES(2111,2,'ATENDIMENTO',3);
INSERT INTO RANKING_VOTOS ( "RANKING", "VOTOS" ) VALUES(85,2111);
INSERT INTO VOTO ( "ID", "NOTA", "TIPO_VOTO", "RESTAURANTE_ID" ) VALUES(2112,1,'DEMORA',3);
INSERT INTO RANKING_VOTOS ( "RANKING", "VOTOS" ) VALUES(85,2112);
INSERT INTO VOTO ( "ID", "NOTA", "TIPO_VOTO", "RESTAURANTE_ID" ) VALUES(2113,2,'SABOR',3);
INSERT INTO RANKING_VOTOS ( "RANKING", "VOTOS" ) VALUES(85,2113);
INSERT INTO VOTO ( "ID", "NOTA", "TIPO_VOTO", "RESTAURANTE_ID" ) VALUES(2114,1,'PRECO',3);
INSERT INTO RANKING_VOTOS ( "RANKING", "VOTOS" ) VALUES(85,2114);
INSERT INTO VOTO ( "ID", "NOTA", "TIPO_VOTO", "RESTAURANTE_ID" ) VALUES(2115,2,'LOCALIZACAO',3);
INSERT INTO RANKING_VOTOS ( "RANKING", "VOTOS" ) VALUES(85,2115);
INSERT INTO VOTO ( "ID", "NOTA", "TIPO_VOTO", "RESTAURANTE_ID" ) VALUES(2116,1,'ATENDIMENTO',4);
INSERT INTO RANKING_VOTOS ( "RANKING", "VOTOS" ) VALUES(85,2116);
INSERT INTO VOTO ( "ID", "NOTA", "TIPO_VOTO", "RESTAURANTE_ID" ) VALUES(2117,2,'DEMORA',4);
INSERT INTO RANKING_VOTOS ( "RANKING", "VOTOS" ) VALUES(85,2117);
INSERT INTO VOTO ( "ID", "NOTA", "TIPO_VOTO", "RESTAURANTE_ID" ) VALUES(2118,1,'SABOR',4);
INSERT INTO RANKING_VOTOS ( "RANKING", "VOTOS" ) VALUES(85,2118);
INSERT INTO VOTO ( "ID", "NOTA", "TIPO_VOTO", "RESTAURANTE_ID" ) VALUES(2119,4,'PRECO',4);
INSERT INTO RANKING_VOTOS ( "RANKING", "VOTOS" ) VALUES(85,2119);
INSERT INTO VOTO ( "ID", "NOTA", "TIPO_VOTO", "RESTAURANTE_ID" ) VALUES(2120,5,'LOCALIZACAO',4);
INSERT INTO RANKING_VOTOS ( "RANKING", "VOTOS" ) VALUES(85,2120);
INSERT INTO VOTO ( "ID", "NOTA", "TIPO_VOTO", "RESTAURANTE_ID" ) VALUES(2121,4,'ATENDIMENTO',5);
INSERT INTO RANKING_VOTOS ( "RANKING", "VOTOS" ) VALUES(85,2121);
INSERT INTO VOTO ( "ID", "NOTA", "TIPO_VOTO", "RESTAURANTE_ID" ) VALUES(2122,4,'DEMORA',5);
INSERT INTO RANKING_VOTOS ( "RANKING", "VOTOS" ) VALUES(85,2122);
INSERT INTO VOTO ( "ID", "NOTA", "TIPO_VOTO", "RESTAURANTE_ID" ) VALUES(2123,5,'SABOR',5);
INSERT INTO RANKING_VOTOS ( "RANKING", "VOTOS" ) VALUES(85,2123);
INSERT INTO VOTO ( "ID", "NOTA", "TIPO_VOTO", "RESTAURANTE_ID" ) VALUES(2124,3,'PRECO',5);
INSERT INTO RANKING_VOTOS ( "RANKING", "VOTOS" ) VALUES(85,2124);
INSERT INTO VOTO ( "ID", "NOTA", "TIPO_VOTO", "RESTAURANTE_ID" ) VALUES(2125,2,'LOCALIZACAO',5);
INSERT INTO RANKING_VOTOS ( "RANKING", "VOTOS" ) VALUES(85,2125);
INSERT INTO PESSOA ( "ID", "NOME" ) VALUES(86, 'Modesta Stanton');
INSERT INTO USUARIO ( "ID", "PESSOA_ID" ) VALUES('squiggling@email.com',86);
INSERT INTO RANKING ( "ID", "USUARIO_ID" ) VALUES (86,'squiggling@email.com');
INSERT INTO VOTO ( "ID", "NOTA", "TIPO_VOTO", "RESTAURANTE_ID" ) VALUES(2126,2,'ATENDIMENTO',1);
INSERT INTO RANKING_VOTOS ( "RANKING", "VOTOS" ) VALUES(86,2126);
INSERT INTO VOTO ( "ID", "NOTA", "TIPO_VOTO", "RESTAURANTE_ID" ) VALUES(2127,2,'DEMORA',1);
INSERT INTO RANKING_VOTOS ( "RANKING", "VOTOS" ) VALUES(86,2127);
INSERT INTO VOTO ( "ID", "NOTA", "TIPO_VOTO", "RESTAURANTE_ID" ) VALUES(2128,3,'SABOR',1);
INSERT INTO RANKING_VOTOS ( "RANKING", "VOTOS" ) VALUES(86,2128);
INSERT INTO VOTO ( "ID", "NOTA", "TIPO_VOTO", "RESTAURANTE_ID" ) VALUES(2129,3,'PRECO',1);
INSERT INTO RANKING_VOTOS ( "RANKING", "VOTOS" ) VALUES(86,2129);
INSERT INTO VOTO ( "ID", "NOTA", "TIPO_VOTO", "RESTAURANTE_ID" ) VALUES(2130,3,'LOCALIZACAO',1);
INSERT INTO RANKING_VOTOS ( "RANKING", "VOTOS" ) VALUES(86,2130);
INSERT INTO VOTO ( "ID", "NOTA", "TIPO_VOTO", "RESTAURANTE_ID" ) VALUES(2131,4,'ATENDIMENTO',2);
INSERT INTO RANKING_VOTOS ( "RANKING", "VOTOS" ) VALUES(86,2131);
INSERT INTO VOTO ( "ID", "NOTA", "TIPO_VOTO", "RESTAURANTE_ID" ) VALUES(2132,5,'DEMORA',2);
INSERT INTO RANKING_VOTOS ( "RANKING", "VOTOS" ) VALUES(86,2132);
INSERT INTO VOTO ( "ID", "NOTA", "TIPO_VOTO", "RESTAURANTE_ID" ) VALUES(2133,3,'SABOR',2);
INSERT INTO RANKING_VOTOS ( "RANKING", "VOTOS" ) VALUES(86,2133);
INSERT INTO VOTO ( "ID", "NOTA", "TIPO_VOTO", "RESTAURANTE_ID" ) VALUES(2134,4,'PRECO',2);
INSERT INTO RANKING_VOTOS ( "RANKING", "VOTOS" ) VALUES(86,2134);
INSERT INTO VOTO ( "ID", "NOTA", "TIPO_VOTO", "RESTAURANTE_ID" ) VALUES(2135,4,'LOCALIZACAO',2);
INSERT INTO RANKING_VOTOS ( "RANKING", "VOTOS" ) VALUES(86,2135);
INSERT INTO VOTO ( "ID", "NOTA", "TIPO_VOTO", "RESTAURANTE_ID" ) VALUES(2136,2,'ATENDIMENTO',3);
INSERT INTO RANKING_VOTOS ( "RANKING", "VOTOS" ) VALUES(86,2136);
INSERT INTO VOTO ( "ID", "NOTA", "TIPO_VOTO", "RESTAURANTE_ID" ) VALUES(2137,3,'DEMORA',3);
INSERT INTO RANKING_VOTOS ( "RANKING", "VOTOS" ) VALUES(86,2137);
INSERT INTO VOTO ( "ID", "NOTA", "TIPO_VOTO", "RESTAURANTE_ID" ) VALUES(2138,3,'SABOR',3);
INSERT INTO RANKING_VOTOS ( "RANKING", "VOTOS" ) VALUES(86,2138);
INSERT INTO VOTO ( "ID", "NOTA", "TIPO_VOTO", "RESTAURANTE_ID" ) VALUES(2139,4,'PRECO',3);
INSERT INTO RANKING_VOTOS ( "RANKING", "VOTOS" ) VALUES(86,2139);
INSERT INTO VOTO ( "ID", "NOTA", "TIPO_VOTO", "RESTAURANTE_ID" ) VALUES(2140,5,'LOCALIZACAO',3);
INSERT INTO RANKING_VOTOS ( "RANKING", "VOTOS" ) VALUES(86,2140);
INSERT INTO VOTO ( "ID", "NOTA", "TIPO_VOTO", "RESTAURANTE_ID" ) VALUES(2141,4,'ATENDIMENTO',4);
INSERT INTO RANKING_VOTOS ( "RANKING", "VOTOS" ) VALUES(86,2141);
INSERT INTO VOTO ( "ID", "NOTA", "TIPO_VOTO", "RESTAURANTE_ID" ) VALUES(2142,1,'DEMORA',4);
INSERT INTO RANKING_VOTOS ( "RANKING", "VOTOS" ) VALUES(86,2142);
INSERT INTO VOTO ( "ID", "NOTA", "TIPO_VOTO", "RESTAURANTE_ID" ) VALUES(2143,2,'SABOR',4);
INSERT INTO RANKING_VOTOS ( "RANKING", "VOTOS" ) VALUES(86,2143);
INSERT INTO VOTO ( "ID", "NOTA", "TIPO_VOTO", "RESTAURANTE_ID" ) VALUES(2144,2,'PRECO',4);
INSERT INTO RANKING_VOTOS ( "RANKING", "VOTOS" ) VALUES(86,2144);
INSERT INTO VOTO ( "ID", "NOTA", "TIPO_VOTO", "RESTAURANTE_ID" ) VALUES(2145,5,'LOCALIZACAO',4);
INSERT INTO RANKING_VOTOS ( "RANKING", "VOTOS" ) VALUES(86,2145);
INSERT INTO VOTO ( "ID", "NOTA", "TIPO_VOTO", "RESTAURANTE_ID" ) VALUES(2146,1,'ATENDIMENTO',5);
INSERT INTO RANKING_VOTOS ( "RANKING", "VOTOS" ) VALUES(86,2146);
INSERT INTO VOTO ( "ID", "NOTA", "TIPO_VOTO", "RESTAURANTE_ID" ) VALUES(2147,5,'DEMORA',5);
INSERT INTO RANKING_VOTOS ( "RANKING", "VOTOS" ) VALUES(86,2147);
INSERT INTO VOTO ( "ID", "NOTA", "TIPO_VOTO", "RESTAURANTE_ID" ) VALUES(2148,1,'SABOR',5);
INSERT INTO RANKING_VOTOS ( "RANKING", "VOTOS" ) VALUES(86,2148);
INSERT INTO VOTO ( "ID", "NOTA", "TIPO_VOTO", "RESTAURANTE_ID" ) VALUES(2149,3,'PRECO',5);
INSERT INTO RANKING_VOTOS ( "RANKING", "VOTOS" ) VALUES(86,2149);
INSERT INTO VOTO ( "ID", "NOTA", "TIPO_VOTO", "RESTAURANTE_ID" ) VALUES(2150,1,'LOCALIZACAO',5);
INSERT INTO RANKING_VOTOS ( "RANKING", "VOTOS" ) VALUES(86,2150);
INSERT INTO PESSOA ( "ID", "NOME" ) VALUES(87, 'January Streich');
INSERT INTO USUARIO ( "ID", "PESSOA_ID" ) VALUES('bamboozled@email.com',87);
INSERT INTO RANKING ( "ID", "USUARIO_ID" ) VALUES (87,'bamboozled@email.com');
INSERT INTO VOTO ( "ID", "NOTA", "TIPO_VOTO", "RESTAURANTE_ID" ) VALUES(2151,5,'ATENDIMENTO',1);
INSERT INTO RANKING_VOTOS ( "RANKING", "VOTOS" ) VALUES(87,2151);
INSERT INTO VOTO ( "ID", "NOTA", "TIPO_VOTO", "RESTAURANTE_ID" ) VALUES(2152,3,'DEMORA',1);
INSERT INTO RANKING_VOTOS ( "RANKING", "VOTOS" ) VALUES(87,2152);
INSERT INTO VOTO ( "ID", "NOTA", "TIPO_VOTO", "RESTAURANTE_ID" ) VALUES(2153,5,'SABOR',1);
INSERT INTO RANKING_VOTOS ( "RANKING", "VOTOS" ) VALUES(87,2153);
INSERT INTO VOTO ( "ID", "NOTA", "TIPO_VOTO", "RESTAURANTE_ID" ) VALUES(2154,1,'PRECO',1);
INSERT INTO RANKING_VOTOS ( "RANKING", "VOTOS" ) VALUES(87,2154);
INSERT INTO VOTO ( "ID", "NOTA", "TIPO_VOTO", "RESTAURANTE_ID" ) VALUES(2155,2,'LOCALIZACAO',1);
INSERT INTO RANKING_VOTOS ( "RANKING", "VOTOS" ) VALUES(87,2155);
INSERT INTO VOTO ( "ID", "NOTA", "TIPO_VOTO", "RESTAURANTE_ID" ) VALUES(2156,4,'ATENDIMENTO',2);
INSERT INTO RANKING_VOTOS ( "RANKING", "VOTOS" ) VALUES(87,2156);
INSERT INTO VOTO ( "ID", "NOTA", "TIPO_VOTO", "RESTAURANTE_ID" ) VALUES(2157,5,'DEMORA',2);
INSERT INTO RANKING_VOTOS ( "RANKING", "VOTOS" ) VALUES(87,2157);
INSERT INTO VOTO ( "ID", "NOTA", "TIPO_VOTO", "RESTAURANTE_ID" ) VALUES(2158,3,'SABOR',2);
INSERT INTO RANKING_VOTOS ( "RANKING", "VOTOS" ) VALUES(87,2158);
INSERT INTO VOTO ( "ID", "NOTA", "TIPO_VOTO", "RESTAURANTE_ID" ) VALUES(2159,5,'PRECO',2);
INSERT INTO RANKING_VOTOS ( "RANKING", "VOTOS" ) VALUES(87,2159);
INSERT INTO VOTO ( "ID", "NOTA", "TIPO_VOTO", "RESTAURANTE_ID" ) VALUES(2160,4,'LOCALIZACAO',2);
INSERT INTO RANKING_VOTOS ( "RANKING", "VOTOS" ) VALUES(87,2160);
INSERT INTO VOTO ( "ID", "NOTA", "TIPO_VOTO", "RESTAURANTE_ID" ) VALUES(2161,5,'ATENDIMENTO',3);
INSERT INTO RANKING_VOTOS ( "RANKING", "VOTOS" ) VALUES(87,2161);
INSERT INTO VOTO ( "ID", "NOTA", "TIPO_VOTO", "RESTAURANTE_ID" ) VALUES(2162,3,'DEMORA',3);
INSERT INTO RANKING_VOTOS ( "RANKING", "VOTOS" ) VALUES(87,2162);
INSERT INTO VOTO ( "ID", "NOTA", "TIPO_VOTO", "RESTAURANTE_ID" ) VALUES(2163,4,'SABOR',3);
INSERT INTO RANKING_VOTOS ( "RANKING", "VOTOS" ) VALUES(87,2163);
INSERT INTO VOTO ( "ID", "NOTA", "TIPO_VOTO", "RESTAURANTE_ID" ) VALUES(2164,2,'PRECO',3);
INSERT INTO RANKING_VOTOS ( "RANKING", "VOTOS" ) VALUES(87,2164);
INSERT INTO VOTO ( "ID", "NOTA", "TIPO_VOTO", "RESTAURANTE_ID" ) VALUES(2165,3,'LOCALIZACAO',3);
INSERT INTO RANKING_VOTOS ( "RANKING", "VOTOS" ) VALUES(87,2165);
INSERT INTO VOTO ( "ID", "NOTA", "TIPO_VOTO", "RESTAURANTE_ID" ) VALUES(2166,2,'ATENDIMENTO',4);
INSERT INTO RANKING_VOTOS ( "RANKING", "VOTOS" ) VALUES(87,2166);
INSERT INTO VOTO ( "ID", "NOTA", "TIPO_VOTO", "RESTAURANTE_ID" ) VALUES(2167,2,'DEMORA',4);
INSERT INTO RANKING_VOTOS ( "RANKING", "VOTOS" ) VALUES(87,2167);
INSERT INTO VOTO ( "ID", "NOTA", "TIPO_VOTO", "RESTAURANTE_ID" ) VALUES(2168,1,'SABOR',4);
INSERT INTO RANKING_VOTOS ( "RANKING", "VOTOS" ) VALUES(87,2168);
INSERT INTO VOTO ( "ID", "NOTA", "TIPO_VOTO", "RESTAURANTE_ID" ) VALUES(2169,3,'PRECO',4);
INSERT INTO RANKING_VOTOS ( "RANKING", "VOTOS" ) VALUES(87,2169);
INSERT INTO VOTO ( "ID", "NOTA", "TIPO_VOTO", "RESTAURANTE_ID" ) VALUES(2170,2,'LOCALIZACAO',4);
INSERT INTO RANKING_VOTOS ( "RANKING", "VOTOS" ) VALUES(87,2170);
INSERT INTO VOTO ( "ID", "NOTA", "TIPO_VOTO", "RESTAURANTE_ID" ) VALUES(2171,3,'ATENDIMENTO',5);
INSERT INTO RANKING_VOTOS ( "RANKING", "VOTOS" ) VALUES(87,2171);
INSERT INTO VOTO ( "ID", "NOTA", "TIPO_VOTO", "RESTAURANTE_ID" ) VALUES(2172,5,'DEMORA',5);
INSERT INTO RANKING_VOTOS ( "RANKING", "VOTOS" ) VALUES(87,2172);
INSERT INTO VOTO ( "ID", "NOTA", "TIPO_VOTO", "RESTAURANTE_ID" ) VALUES(2173,5,'SABOR',5);
INSERT INTO RANKING_VOTOS ( "RANKING", "VOTOS" ) VALUES(87,2173);
INSERT INTO VOTO ( "ID", "NOTA", "TIPO_VOTO", "RESTAURANTE_ID" ) VALUES(2174,4,'PRECO',5);
INSERT INTO RANKING_VOTOS ( "RANKING", "VOTOS" ) VALUES(87,2174);
INSERT INTO VOTO ( "ID", "NOTA", "TIPO_VOTO", "RESTAURANTE_ID" ) VALUES(2175,1,'LOCALIZACAO',5);
INSERT INTO RANKING_VOTOS ( "RANKING", "VOTOS" ) VALUES(87,2175);
INSERT INTO PESSOA ( "ID", "NOME" ) VALUES(88, 'Freeman Flatley');
INSERT INTO USUARIO ( "ID", "PESSOA_ID" ) VALUES('sheepshead@email.com',88);
INSERT INTO RANKING ( "ID", "USUARIO_ID" ) VALUES (88,'sheepshead@email.com');
INSERT INTO VOTO ( "ID", "NOTA", "TIPO_VOTO", "RESTAURANTE_ID" ) VALUES(2176,1,'ATENDIMENTO',1);
INSERT INTO RANKING_VOTOS ( "RANKING", "VOTOS" ) VALUES(88,2176);
INSERT INTO VOTO ( "ID", "NOTA", "TIPO_VOTO", "RESTAURANTE_ID" ) VALUES(2177,2,'DEMORA',1);
INSERT INTO RANKING_VOTOS ( "RANKING", "VOTOS" ) VALUES(88,2177);
INSERT INTO VOTO ( "ID", "NOTA", "TIPO_VOTO", "RESTAURANTE_ID" ) VALUES(2178,4,'SABOR',1);
INSERT INTO RANKING_VOTOS ( "RANKING", "VOTOS" ) VALUES(88,2178);
INSERT INTO VOTO ( "ID", "NOTA", "TIPO_VOTO", "RESTAURANTE_ID" ) VALUES(2179,5,'PRECO',1);
INSERT INTO RANKING_VOTOS ( "RANKING", "VOTOS" ) VALUES(88,2179);
INSERT INTO VOTO ( "ID", "NOTA", "TIPO_VOTO", "RESTAURANTE_ID" ) VALUES(2180,4,'LOCALIZACAO',1);
INSERT INTO RANKING_VOTOS ( "RANKING", "VOTOS" ) VALUES(88,2180);
INSERT INTO VOTO ( "ID", "NOTA", "TIPO_VOTO", "RESTAURANTE_ID" ) VALUES(2181,5,'ATENDIMENTO',2);
INSERT INTO RANKING_VOTOS ( "RANKING", "VOTOS" ) VALUES(88,2181);
INSERT INTO VOTO ( "ID", "NOTA", "TIPO_VOTO", "RESTAURANTE_ID" ) VALUES(2182,5,'DEMORA',2);
INSERT INTO RANKING_VOTOS ( "RANKING", "VOTOS" ) VALUES(88,2182);
INSERT INTO VOTO ( "ID", "NOTA", "TIPO_VOTO", "RESTAURANTE_ID" ) VALUES(2183,1,'SABOR',2);
INSERT INTO RANKING_VOTOS ( "RANKING", "VOTOS" ) VALUES(88,2183);
INSERT INTO VOTO ( "ID", "NOTA", "TIPO_VOTO", "RESTAURANTE_ID" ) VALUES(2184,2,'PRECO',2);
INSERT INTO RANKING_VOTOS ( "RANKING", "VOTOS" ) VALUES(88,2184);
INSERT INTO VOTO ( "ID", "NOTA", "TIPO_VOTO", "RESTAURANTE_ID" ) VALUES(2185,2,'LOCALIZACAO',2);
INSERT INTO RANKING_VOTOS ( "RANKING", "VOTOS" ) VALUES(88,2185);
INSERT INTO VOTO ( "ID", "NOTA", "TIPO_VOTO", "RESTAURANTE_ID" ) VALUES(2186,1,'ATENDIMENTO',3);
INSERT INTO RANKING_VOTOS ( "RANKING", "VOTOS" ) VALUES(88,2186);
INSERT INTO VOTO ( "ID", "NOTA", "TIPO_VOTO", "RESTAURANTE_ID" ) VALUES(2187,2,'DEMORA',3);
INSERT INTO RANKING_VOTOS ( "RANKING", "VOTOS" ) VALUES(88,2187);
INSERT INTO VOTO ( "ID", "NOTA", "TIPO_VOTO", "RESTAURANTE_ID" ) VALUES(2188,4,'SABOR',3);
INSERT INTO RANKING_VOTOS ( "RANKING", "VOTOS" ) VALUES(88,2188);
INSERT INTO VOTO ( "ID", "NOTA", "TIPO_VOTO", "RESTAURANTE_ID" ) VALUES(2189,3,'PRECO',3);
INSERT INTO RANKING_VOTOS ( "RANKING", "VOTOS" ) VALUES(88,2189);
INSERT INTO VOTO ( "ID", "NOTA", "TIPO_VOTO", "RESTAURANTE_ID" ) VALUES(2190,1,'LOCALIZACAO',3);
INSERT INTO RANKING_VOTOS ( "RANKING", "VOTOS" ) VALUES(88,2190);
INSERT INTO VOTO ( "ID", "NOTA", "TIPO_VOTO", "RESTAURANTE_ID" ) VALUES(2191,3,'ATENDIMENTO',4);
INSERT INTO RANKING_VOTOS ( "RANKING", "VOTOS" ) VALUES(88,2191);
INSERT INTO VOTO ( "ID", "NOTA", "TIPO_VOTO", "RESTAURANTE_ID" ) VALUES(2192,5,'DEMORA',4);
INSERT INTO RANKING_VOTOS ( "RANKING", "VOTOS" ) VALUES(88,2192);
INSERT INTO VOTO ( "ID", "NOTA", "TIPO_VOTO", "RESTAURANTE_ID" ) VALUES(2193,3,'SABOR',4);
INSERT INTO RANKING_VOTOS ( "RANKING", "VOTOS" ) VALUES(88,2193);
INSERT INTO VOTO ( "ID", "NOTA", "TIPO_VOTO", "RESTAURANTE_ID" ) VALUES(2194,2,'PRECO',4);
INSERT INTO RANKING_VOTOS ( "RANKING", "VOTOS" ) VALUES(88,2194);
INSERT INTO VOTO ( "ID", "NOTA", "TIPO_VOTO", "RESTAURANTE_ID" ) VALUES(2195,1,'LOCALIZACAO',4);
INSERT INTO RANKING_VOTOS ( "RANKING", "VOTOS" ) VALUES(88,2195);
INSERT INTO VOTO ( "ID", "NOTA", "TIPO_VOTO", "RESTAURANTE_ID" ) VALUES(2196,3,'ATENDIMENTO',5);
INSERT INTO RANKING_VOTOS ( "RANKING", "VOTOS" ) VALUES(88,2196);
INSERT INTO VOTO ( "ID", "NOTA", "TIPO_VOTO", "RESTAURANTE_ID" ) VALUES(2197,3,'DEMORA',5);
INSERT INTO RANKING_VOTOS ( "RANKING", "VOTOS" ) VALUES(88,2197);
INSERT INTO VOTO ( "ID", "NOTA", "TIPO_VOTO", "RESTAURANTE_ID" ) VALUES(2198,3,'SABOR',5);
INSERT INTO RANKING_VOTOS ( "RANKING", "VOTOS" ) VALUES(88,2198);
INSERT INTO VOTO ( "ID", "NOTA", "TIPO_VOTO", "RESTAURANTE_ID" ) VALUES(2199,5,'PRECO',5);
INSERT INTO RANKING_VOTOS ( "RANKING", "VOTOS" ) VALUES(88,2199);
INSERT INTO VOTO ( "ID", "NOTA", "TIPO_VOTO", "RESTAURANTE_ID" ) VALUES(2200,4,'LOCALIZACAO',5);
INSERT INTO RANKING_VOTOS ( "RANKING", "VOTOS" ) VALUES(88,2200);
INSERT INTO PESSOA ( "ID", "NOME" ) VALUES(89, 'Carlton Langosh');
INSERT INTO USUARIO ( "ID", "PESSOA_ID" ) VALUES('autocueing@email.com',89);
INSERT INTO RANKING ( "ID", "USUARIO_ID" ) VALUES (89,'autocueing@email.com');
INSERT INTO VOTO ( "ID", "NOTA", "TIPO_VOTO", "RESTAURANTE_ID" ) VALUES(2201,2,'ATENDIMENTO',1);
INSERT INTO RANKING_VOTOS ( "RANKING", "VOTOS" ) VALUES(89,2201);
INSERT INTO VOTO ( "ID", "NOTA", "TIPO_VOTO", "RESTAURANTE_ID" ) VALUES(2202,1,'DEMORA',1);
INSERT INTO RANKING_VOTOS ( "RANKING", "VOTOS" ) VALUES(89,2202);
INSERT INTO VOTO ( "ID", "NOTA", "TIPO_VOTO", "RESTAURANTE_ID" ) VALUES(2203,3,'SABOR',1);
INSERT INTO RANKING_VOTOS ( "RANKING", "VOTOS" ) VALUES(89,2203);
INSERT INTO VOTO ( "ID", "NOTA", "TIPO_VOTO", "RESTAURANTE_ID" ) VALUES(2204,3,'PRECO',1);
INSERT INTO RANKING_VOTOS ( "RANKING", "VOTOS" ) VALUES(89,2204);
INSERT INTO VOTO ( "ID", "NOTA", "TIPO_VOTO", "RESTAURANTE_ID" ) VALUES(2205,4,'LOCALIZACAO',1);
INSERT INTO RANKING_VOTOS ( "RANKING", "VOTOS" ) VALUES(89,2205);
INSERT INTO VOTO ( "ID", "NOTA", "TIPO_VOTO", "RESTAURANTE_ID" ) VALUES(2206,2,'ATENDIMENTO',2);
INSERT INTO RANKING_VOTOS ( "RANKING", "VOTOS" ) VALUES(89,2206);
INSERT INTO VOTO ( "ID", "NOTA", "TIPO_VOTO", "RESTAURANTE_ID" ) VALUES(2207,3,'DEMORA',2);
INSERT INTO RANKING_VOTOS ( "RANKING", "VOTOS" ) VALUES(89,2207);
INSERT INTO VOTO ( "ID", "NOTA", "TIPO_VOTO", "RESTAURANTE_ID" ) VALUES(2208,4,'SABOR',2);
INSERT INTO RANKING_VOTOS ( "RANKING", "VOTOS" ) VALUES(89,2208);
INSERT INTO VOTO ( "ID", "NOTA", "TIPO_VOTO", "RESTAURANTE_ID" ) VALUES(2209,2,'PRECO',2);
INSERT INTO RANKING_VOTOS ( "RANKING", "VOTOS" ) VALUES(89,2209);
INSERT INTO VOTO ( "ID", "NOTA", "TIPO_VOTO", "RESTAURANTE_ID" ) VALUES(2210,2,'LOCALIZACAO',2);
INSERT INTO RANKING_VOTOS ( "RANKING", "VOTOS" ) VALUES(89,2210);
INSERT INTO VOTO ( "ID", "NOTA", "TIPO_VOTO", "RESTAURANTE_ID" ) VALUES(2211,1,'ATENDIMENTO',3);
INSERT INTO RANKING_VOTOS ( "RANKING", "VOTOS" ) VALUES(89,2211);
INSERT INTO VOTO ( "ID", "NOTA", "TIPO_VOTO", "RESTAURANTE_ID" ) VALUES(2212,5,'DEMORA',3);
INSERT INTO RANKING_VOTOS ( "RANKING", "VOTOS" ) VALUES(89,2212);
INSERT INTO VOTO ( "ID", "NOTA", "TIPO_VOTO", "RESTAURANTE_ID" ) VALUES(2213,3,'SABOR',3);
INSERT INTO RANKING_VOTOS ( "RANKING", "VOTOS" ) VALUES(89,2213);
INSERT INTO VOTO ( "ID", "NOTA", "TIPO_VOTO", "RESTAURANTE_ID" ) VALUES(2214,3,'PRECO',3);
INSERT INTO RANKING_VOTOS ( "RANKING", "VOTOS" ) VALUES(89,2214);
INSERT INTO VOTO ( "ID", "NOTA", "TIPO_VOTO", "RESTAURANTE_ID" ) VALUES(2215,3,'LOCALIZACAO',3);
INSERT INTO RANKING_VOTOS ( "RANKING", "VOTOS" ) VALUES(89,2215);
INSERT INTO VOTO ( "ID", "NOTA", "TIPO_VOTO", "RESTAURANTE_ID" ) VALUES(2216,3,'ATENDIMENTO',4);
INSERT INTO RANKING_VOTOS ( "RANKING", "VOTOS" ) VALUES(89,2216);
INSERT INTO VOTO ( "ID", "NOTA", "TIPO_VOTO", "RESTAURANTE_ID" ) VALUES(2217,1,'DEMORA',4);
INSERT INTO RANKING_VOTOS ( "RANKING", "VOTOS" ) VALUES(89,2217);
INSERT INTO VOTO ( "ID", "NOTA", "TIPO_VOTO", "RESTAURANTE_ID" ) VALUES(2218,4,'SABOR',4);
INSERT INTO RANKING_VOTOS ( "RANKING", "VOTOS" ) VALUES(89,2218);
INSERT INTO VOTO ( "ID", "NOTA", "TIPO_VOTO", "RESTAURANTE_ID" ) VALUES(2219,3,'PRECO',4);
INSERT INTO RANKING_VOTOS ( "RANKING", "VOTOS" ) VALUES(89,2219);
INSERT INTO VOTO ( "ID", "NOTA", "TIPO_VOTO", "RESTAURANTE_ID" ) VALUES(2220,1,'LOCALIZACAO',4);
INSERT INTO RANKING_VOTOS ( "RANKING", "VOTOS" ) VALUES(89,2220);
INSERT INTO VOTO ( "ID", "NOTA", "TIPO_VOTO", "RESTAURANTE_ID" ) VALUES(2221,1,'ATENDIMENTO',5);
INSERT INTO RANKING_VOTOS ( "RANKING", "VOTOS" ) VALUES(89,2221);
INSERT INTO VOTO ( "ID", "NOTA", "TIPO_VOTO", "RESTAURANTE_ID" ) VALUES(2222,3,'DEMORA',5);
INSERT INTO RANKING_VOTOS ( "RANKING", "VOTOS" ) VALUES(89,2222);
INSERT INTO VOTO ( "ID", "NOTA", "TIPO_VOTO", "RESTAURANTE_ID" ) VALUES(2223,1,'SABOR',5);
INSERT INTO RANKING_VOTOS ( "RANKING", "VOTOS" ) VALUES(89,2223);
INSERT INTO VOTO ( "ID", "NOTA", "TIPO_VOTO", "RESTAURANTE_ID" ) VALUES(2224,5,'PRECO',5);
INSERT INTO RANKING_VOTOS ( "RANKING", "VOTOS" ) VALUES(89,2224);
INSERT INTO VOTO ( "ID", "NOTA", "TIPO_VOTO", "RESTAURANTE_ID" ) VALUES(2225,3,'LOCALIZACAO',5);
INSERT INTO RANKING_VOTOS ( "RANKING", "VOTOS" ) VALUES(89,2225);
INSERT INTO PESSOA ( "ID", "NOME" ) VALUES(90, 'Lavinia Mueller');
INSERT INTO USUARIO ( "ID", "PESSOA_ID" ) VALUES('piperazine@email.com',90);
INSERT INTO RANKING ( "ID", "USUARIO_ID" ) VALUES (90,'piperazine@email.com');
INSERT INTO VOTO ( "ID", "NOTA", "TIPO_VOTO", "RESTAURANTE_ID" ) VALUES(2226,2,'ATENDIMENTO',1);
INSERT INTO RANKING_VOTOS ( "RANKING", "VOTOS" ) VALUES(90,2226);
INSERT INTO VOTO ( "ID", "NOTA", "TIPO_VOTO", "RESTAURANTE_ID" ) VALUES(2227,4,'DEMORA',1);
INSERT INTO RANKING_VOTOS ( "RANKING", "VOTOS" ) VALUES(90,2227);
INSERT INTO VOTO ( "ID", "NOTA", "TIPO_VOTO", "RESTAURANTE_ID" ) VALUES(2228,4,'SABOR',1);
INSERT INTO RANKING_VOTOS ( "RANKING", "VOTOS" ) VALUES(90,2228);
INSERT INTO VOTO ( "ID", "NOTA", "TIPO_VOTO", "RESTAURANTE_ID" ) VALUES(2229,4,'PRECO',1);
INSERT INTO RANKING_VOTOS ( "RANKING", "VOTOS" ) VALUES(90,2229);
INSERT INTO VOTO ( "ID", "NOTA", "TIPO_VOTO", "RESTAURANTE_ID" ) VALUES(2230,4,'LOCALIZACAO',1);
INSERT INTO RANKING_VOTOS ( "RANKING", "VOTOS" ) VALUES(90,2230);
INSERT INTO VOTO ( "ID", "NOTA", "TIPO_VOTO", "RESTAURANTE_ID" ) VALUES(2231,1,'ATENDIMENTO',2);
INSERT INTO RANKING_VOTOS ( "RANKING", "VOTOS" ) VALUES(90,2231);
INSERT INTO VOTO ( "ID", "NOTA", "TIPO_VOTO", "RESTAURANTE_ID" ) VALUES(2232,4,'DEMORA',2);
INSERT INTO RANKING_VOTOS ( "RANKING", "VOTOS" ) VALUES(90,2232);
INSERT INTO VOTO ( "ID", "NOTA", "TIPO_VOTO", "RESTAURANTE_ID" ) VALUES(2233,1,'SABOR',2);
INSERT INTO RANKING_VOTOS ( "RANKING", "VOTOS" ) VALUES(90,2233);
INSERT INTO VOTO ( "ID", "NOTA", "TIPO_VOTO", "RESTAURANTE_ID" ) VALUES(2234,3,'PRECO',2);
INSERT INTO RANKING_VOTOS ( "RANKING", "VOTOS" ) VALUES(90,2234);
INSERT INTO VOTO ( "ID", "NOTA", "TIPO_VOTO", "RESTAURANTE_ID" ) VALUES(2235,5,'LOCALIZACAO',2);
INSERT INTO RANKING_VOTOS ( "RANKING", "VOTOS" ) VALUES(90,2235);
INSERT INTO VOTO ( "ID", "NOTA", "TIPO_VOTO", "RESTAURANTE_ID" ) VALUES(2236,5,'ATENDIMENTO',3);
INSERT INTO RANKING_VOTOS ( "RANKING", "VOTOS" ) VALUES(90,2236);
INSERT INTO VOTO ( "ID", "NOTA", "TIPO_VOTO", "RESTAURANTE_ID" ) VALUES(2237,3,'DEMORA',3);
INSERT INTO RANKING_VOTOS ( "RANKING", "VOTOS" ) VALUES(90,2237);
INSERT INTO VOTO ( "ID", "NOTA", "TIPO_VOTO", "RESTAURANTE_ID" ) VALUES(2238,5,'SABOR',3);
INSERT INTO RANKING_VOTOS ( "RANKING", "VOTOS" ) VALUES(90,2238);
INSERT INTO VOTO ( "ID", "NOTA", "TIPO_VOTO", "RESTAURANTE_ID" ) VALUES(2239,4,'PRECO',3);
INSERT INTO RANKING_VOTOS ( "RANKING", "VOTOS" ) VALUES(90,2239);
INSERT INTO VOTO ( "ID", "NOTA", "TIPO_VOTO", "RESTAURANTE_ID" ) VALUES(2240,4,'LOCALIZACAO',3);
INSERT INTO RANKING_VOTOS ( "RANKING", "VOTOS" ) VALUES(90,2240);
INSERT INTO VOTO ( "ID", "NOTA", "TIPO_VOTO", "RESTAURANTE_ID" ) VALUES(2241,5,'ATENDIMENTO',4);
INSERT INTO RANKING_VOTOS ( "RANKING", "VOTOS" ) VALUES(90,2241);
INSERT INTO VOTO ( "ID", "NOTA", "TIPO_VOTO", "RESTAURANTE_ID" ) VALUES(2242,5,'DEMORA',4);
INSERT INTO RANKING_VOTOS ( "RANKING", "VOTOS" ) VALUES(90,2242);
INSERT INTO VOTO ( "ID", "NOTA", "TIPO_VOTO", "RESTAURANTE_ID" ) VALUES(2243,1,'SABOR',4);
INSERT INTO RANKING_VOTOS ( "RANKING", "VOTOS" ) VALUES(90,2243);
INSERT INTO VOTO ( "ID", "NOTA", "TIPO_VOTO", "RESTAURANTE_ID" ) VALUES(2244,4,'PRECO',4);
INSERT INTO RANKING_VOTOS ( "RANKING", "VOTOS" ) VALUES(90,2244);
INSERT INTO VOTO ( "ID", "NOTA", "TIPO_VOTO", "RESTAURANTE_ID" ) VALUES(2245,5,'LOCALIZACAO',4);
INSERT INTO RANKING_VOTOS ( "RANKING", "VOTOS" ) VALUES(90,2245);
INSERT INTO VOTO ( "ID", "NOTA", "TIPO_VOTO", "RESTAURANTE_ID" ) VALUES(2246,4,'ATENDIMENTO',5);
INSERT INTO RANKING_VOTOS ( "RANKING", "VOTOS" ) VALUES(90,2246);
INSERT INTO VOTO ( "ID", "NOTA", "TIPO_VOTO", "RESTAURANTE_ID" ) VALUES(2247,5,'DEMORA',5);
INSERT INTO RANKING_VOTOS ( "RANKING", "VOTOS" ) VALUES(90,2247);
INSERT INTO VOTO ( "ID", "NOTA", "TIPO_VOTO", "RESTAURANTE_ID" ) VALUES(2248,3,'SABOR',5);
INSERT INTO RANKING_VOTOS ( "RANKING", "VOTOS" ) VALUES(90,2248);
INSERT INTO VOTO ( "ID", "NOTA", "TIPO_VOTO", "RESTAURANTE_ID" ) VALUES(2249,3,'PRECO',5);
INSERT INTO RANKING_VOTOS ( "RANKING", "VOTOS" ) VALUES(90,2249);
INSERT INTO VOTO ( "ID", "NOTA", "TIPO_VOTO", "RESTAURANTE_ID" ) VALUES(2250,4,'LOCALIZACAO',5);
INSERT INTO RANKING_VOTOS ( "RANKING", "VOTOS" ) VALUES(90,2250);
INSERT INTO PESSOA ( "ID", "NOME" ) VALUES(91, 'Mardell Douglas');
INSERT INTO USUARIO ( "ID", "PESSOA_ID" ) VALUES('instalment@email.com',91);
INSERT INTO RANKING ( "ID", "USUARIO_ID" ) VALUES (91,'instalment@email.com');
INSERT INTO VOTO ( "ID", "NOTA", "TIPO_VOTO", "RESTAURANTE_ID" ) VALUES(2251,3,'ATENDIMENTO',1);
INSERT INTO RANKING_VOTOS ( "RANKING", "VOTOS" ) VALUES(91,2251);
INSERT INTO VOTO ( "ID", "NOTA", "TIPO_VOTO", "RESTAURANTE_ID" ) VALUES(2252,1,'DEMORA',1);
INSERT INTO RANKING_VOTOS ( "RANKING", "VOTOS" ) VALUES(91,2252);
INSERT INTO VOTO ( "ID", "NOTA", "TIPO_VOTO", "RESTAURANTE_ID" ) VALUES(2253,4,'SABOR',1);
INSERT INTO RANKING_VOTOS ( "RANKING", "VOTOS" ) VALUES(91,2253);
INSERT INTO VOTO ( "ID", "NOTA", "TIPO_VOTO", "RESTAURANTE_ID" ) VALUES(2254,3,'PRECO',1);
INSERT INTO RANKING_VOTOS ( "RANKING", "VOTOS" ) VALUES(91,2254);
INSERT INTO VOTO ( "ID", "NOTA", "TIPO_VOTO", "RESTAURANTE_ID" ) VALUES(2255,4,'LOCALIZACAO',1);
INSERT INTO RANKING_VOTOS ( "RANKING", "VOTOS" ) VALUES(91,2255);
INSERT INTO VOTO ( "ID", "NOTA", "TIPO_VOTO", "RESTAURANTE_ID" ) VALUES(2256,4,'ATENDIMENTO',2);
INSERT INTO RANKING_VOTOS ( "RANKING", "VOTOS" ) VALUES(91,2256);
INSERT INTO VOTO ( "ID", "NOTA", "TIPO_VOTO", "RESTAURANTE_ID" ) VALUES(2257,2,'DEMORA',2);
INSERT INTO RANKING_VOTOS ( "RANKING", "VOTOS" ) VALUES(91,2257);
INSERT INTO VOTO ( "ID", "NOTA", "TIPO_VOTO", "RESTAURANTE_ID" ) VALUES(2258,2,'SABOR',2);
INSERT INTO RANKING_VOTOS ( "RANKING", "VOTOS" ) VALUES(91,2258);
INSERT INTO VOTO ( "ID", "NOTA", "TIPO_VOTO", "RESTAURANTE_ID" ) VALUES(2259,5,'PRECO',2);
INSERT INTO RANKING_VOTOS ( "RANKING", "VOTOS" ) VALUES(91,2259);
INSERT INTO VOTO ( "ID", "NOTA", "TIPO_VOTO", "RESTAURANTE_ID" ) VALUES(2260,1,'LOCALIZACAO',2);
INSERT INTO RANKING_VOTOS ( "RANKING", "VOTOS" ) VALUES(91,2260);
INSERT INTO VOTO ( "ID", "NOTA", "TIPO_VOTO", "RESTAURANTE_ID" ) VALUES(2261,5,'ATENDIMENTO',3);
INSERT INTO RANKING_VOTOS ( "RANKING", "VOTOS" ) VALUES(91,2261);
INSERT INTO VOTO ( "ID", "NOTA", "TIPO_VOTO", "RESTAURANTE_ID" ) VALUES(2262,5,'DEMORA',3);
INSERT INTO RANKING_VOTOS ( "RANKING", "VOTOS" ) VALUES(91,2262);
INSERT INTO VOTO ( "ID", "NOTA", "TIPO_VOTO", "RESTAURANTE_ID" ) VALUES(2263,1,'SABOR',3);
INSERT INTO RANKING_VOTOS ( "RANKING", "VOTOS" ) VALUES(91,2263);
INSERT INTO VOTO ( "ID", "NOTA", "TIPO_VOTO", "RESTAURANTE_ID" ) VALUES(2264,3,'PRECO',3);
INSERT INTO RANKING_VOTOS ( "RANKING", "VOTOS" ) VALUES(91,2264);
INSERT INTO VOTO ( "ID", "NOTA", "TIPO_VOTO", "RESTAURANTE_ID" ) VALUES(2265,1,'LOCALIZACAO',3);
INSERT INTO RANKING_VOTOS ( "RANKING", "VOTOS" ) VALUES(91,2265);
INSERT INTO VOTO ( "ID", "NOTA", "TIPO_VOTO", "RESTAURANTE_ID" ) VALUES(2266,1,'ATENDIMENTO',4);
INSERT INTO RANKING_VOTOS ( "RANKING", "VOTOS" ) VALUES(91,2266);
INSERT INTO VOTO ( "ID", "NOTA", "TIPO_VOTO", "RESTAURANTE_ID" ) VALUES(2267,3,'DEMORA',4);
INSERT INTO RANKING_VOTOS ( "RANKING", "VOTOS" ) VALUES(91,2267);
INSERT INTO VOTO ( "ID", "NOTA", "TIPO_VOTO", "RESTAURANTE_ID" ) VALUES(2268,3,'SABOR',4);
INSERT INTO RANKING_VOTOS ( "RANKING", "VOTOS" ) VALUES(91,2268);
INSERT INTO VOTO ( "ID", "NOTA", "TIPO_VOTO", "RESTAURANTE_ID" ) VALUES(2269,1,'PRECO',4);
INSERT INTO RANKING_VOTOS ( "RANKING", "VOTOS" ) VALUES(91,2269);
INSERT INTO VOTO ( "ID", "NOTA", "TIPO_VOTO", "RESTAURANTE_ID" ) VALUES(2270,2,'LOCALIZACAO',4);
INSERT INTO RANKING_VOTOS ( "RANKING", "VOTOS" ) VALUES(91,2270);
INSERT INTO VOTO ( "ID", "NOTA", "TIPO_VOTO", "RESTAURANTE_ID" ) VALUES(2271,1,'ATENDIMENTO',5);
INSERT INTO RANKING_VOTOS ( "RANKING", "VOTOS" ) VALUES(91,2271);
INSERT INTO VOTO ( "ID", "NOTA", "TIPO_VOTO", "RESTAURANTE_ID" ) VALUES(2272,3,'DEMORA',5);
INSERT INTO RANKING_VOTOS ( "RANKING", "VOTOS" ) VALUES(91,2272);
INSERT INTO VOTO ( "ID", "NOTA", "TIPO_VOTO", "RESTAURANTE_ID" ) VALUES(2273,5,'SABOR',5);
INSERT INTO RANKING_VOTOS ( "RANKING", "VOTOS" ) VALUES(91,2273);
INSERT INTO VOTO ( "ID", "NOTA", "TIPO_VOTO", "RESTAURANTE_ID" ) VALUES(2274,1,'PRECO',5);
INSERT INTO RANKING_VOTOS ( "RANKING", "VOTOS" ) VALUES(91,2274);
INSERT INTO VOTO ( "ID", "NOTA", "TIPO_VOTO", "RESTAURANTE_ID" ) VALUES(2275,1,'LOCALIZACAO',5);
INSERT INTO RANKING_VOTOS ( "RANKING", "VOTOS" ) VALUES(91,2275);
INSERT INTO PESSOA ( "ID", "NOME" ) VALUES(92, 'Tenesha Padberg');
INSERT INTO USUARIO ( "ID", "PESSOA_ID" ) VALUES('defeatured@email.com',92);
INSERT INTO RANKING ( "ID", "USUARIO_ID" ) VALUES (92,'defeatured@email.com');
INSERT INTO VOTO ( "ID", "NOTA", "TIPO_VOTO", "RESTAURANTE_ID" ) VALUES(2276,3,'ATENDIMENTO',1);
INSERT INTO RANKING_VOTOS ( "RANKING", "VOTOS" ) VALUES(92,2276);
INSERT INTO VOTO ( "ID", "NOTA", "TIPO_VOTO", "RESTAURANTE_ID" ) VALUES(2277,3,'DEMORA',1);
INSERT INTO RANKING_VOTOS ( "RANKING", "VOTOS" ) VALUES(92,2277);
INSERT INTO VOTO ( "ID", "NOTA", "TIPO_VOTO", "RESTAURANTE_ID" ) VALUES(2278,2,'SABOR',1);
INSERT INTO RANKING_VOTOS ( "RANKING", "VOTOS" ) VALUES(92,2278);
INSERT INTO VOTO ( "ID", "NOTA", "TIPO_VOTO", "RESTAURANTE_ID" ) VALUES(2279,4,'PRECO',1);
INSERT INTO RANKING_VOTOS ( "RANKING", "VOTOS" ) VALUES(92,2279);
INSERT INTO VOTO ( "ID", "NOTA", "TIPO_VOTO", "RESTAURANTE_ID" ) VALUES(2280,3,'LOCALIZACAO',1);
INSERT INTO RANKING_VOTOS ( "RANKING", "VOTOS" ) VALUES(92,2280);
INSERT INTO VOTO ( "ID", "NOTA", "TIPO_VOTO", "RESTAURANTE_ID" ) VALUES(2281,5,'ATENDIMENTO',2);
INSERT INTO RANKING_VOTOS ( "RANKING", "VOTOS" ) VALUES(92,2281);
INSERT INTO VOTO ( "ID", "NOTA", "TIPO_VOTO", "RESTAURANTE_ID" ) VALUES(2282,3,'DEMORA',2);
INSERT INTO RANKING_VOTOS ( "RANKING", "VOTOS" ) VALUES(92,2282);
INSERT INTO VOTO ( "ID", "NOTA", "TIPO_VOTO", "RESTAURANTE_ID" ) VALUES(2283,2,'SABOR',2);
INSERT INTO RANKING_VOTOS ( "RANKING", "VOTOS" ) VALUES(92,2283);
INSERT INTO VOTO ( "ID", "NOTA", "TIPO_VOTO", "RESTAURANTE_ID" ) VALUES(2284,3,'PRECO',2);
INSERT INTO RANKING_VOTOS ( "RANKING", "VOTOS" ) VALUES(92,2284);
INSERT INTO VOTO ( "ID", "NOTA", "TIPO_VOTO", "RESTAURANTE_ID" ) VALUES(2285,5,'LOCALIZACAO',2);
INSERT INTO RANKING_VOTOS ( "RANKING", "VOTOS" ) VALUES(92,2285);
INSERT INTO VOTO ( "ID", "NOTA", "TIPO_VOTO", "RESTAURANTE_ID" ) VALUES(2286,4,'ATENDIMENTO',3);
INSERT INTO RANKING_VOTOS ( "RANKING", "VOTOS" ) VALUES(92,2286);
INSERT INTO VOTO ( "ID", "NOTA", "TIPO_VOTO", "RESTAURANTE_ID" ) VALUES(2287,2,'DEMORA',3);
INSERT INTO RANKING_VOTOS ( "RANKING", "VOTOS" ) VALUES(92,2287);
INSERT INTO VOTO ( "ID", "NOTA", "TIPO_VOTO", "RESTAURANTE_ID" ) VALUES(2288,2,'SABOR',3);
INSERT INTO RANKING_VOTOS ( "RANKING", "VOTOS" ) VALUES(92,2288);
INSERT INTO VOTO ( "ID", "NOTA", "TIPO_VOTO", "RESTAURANTE_ID" ) VALUES(2289,5,'PRECO',3);
INSERT INTO RANKING_VOTOS ( "RANKING", "VOTOS" ) VALUES(92,2289);
INSERT INTO VOTO ( "ID", "NOTA", "TIPO_VOTO", "RESTAURANTE_ID" ) VALUES(2290,2,'LOCALIZACAO',3);
INSERT INTO RANKING_VOTOS ( "RANKING", "VOTOS" ) VALUES(92,2290);
INSERT INTO VOTO ( "ID", "NOTA", "TIPO_VOTO", "RESTAURANTE_ID" ) VALUES(2291,3,'ATENDIMENTO',4);
INSERT INTO RANKING_VOTOS ( "RANKING", "VOTOS" ) VALUES(92,2291);
INSERT INTO VOTO ( "ID", "NOTA", "TIPO_VOTO", "RESTAURANTE_ID" ) VALUES(2292,3,'DEMORA',4);
INSERT INTO RANKING_VOTOS ( "RANKING", "VOTOS" ) VALUES(92,2292);
INSERT INTO VOTO ( "ID", "NOTA", "TIPO_VOTO", "RESTAURANTE_ID" ) VALUES(2293,2,'SABOR',4);
INSERT INTO RANKING_VOTOS ( "RANKING", "VOTOS" ) VALUES(92,2293);
INSERT INTO VOTO ( "ID", "NOTA", "TIPO_VOTO", "RESTAURANTE_ID" ) VALUES(2294,2,'PRECO',4);
INSERT INTO RANKING_VOTOS ( "RANKING", "VOTOS" ) VALUES(92,2294);
INSERT INTO VOTO ( "ID", "NOTA", "TIPO_VOTO", "RESTAURANTE_ID" ) VALUES(2295,4,'LOCALIZACAO',4);
INSERT INTO RANKING_VOTOS ( "RANKING", "VOTOS" ) VALUES(92,2295);
INSERT INTO VOTO ( "ID", "NOTA", "TIPO_VOTO", "RESTAURANTE_ID" ) VALUES(2296,5,'ATENDIMENTO',5);
INSERT INTO RANKING_VOTOS ( "RANKING", "VOTOS" ) VALUES(92,2296);
INSERT INTO VOTO ( "ID", "NOTA", "TIPO_VOTO", "RESTAURANTE_ID" ) VALUES(2297,1,'DEMORA',5);
INSERT INTO RANKING_VOTOS ( "RANKING", "VOTOS" ) VALUES(92,2297);
INSERT INTO VOTO ( "ID", "NOTA", "TIPO_VOTO", "RESTAURANTE_ID" ) VALUES(2298,3,'SABOR',5);
INSERT INTO RANKING_VOTOS ( "RANKING", "VOTOS" ) VALUES(92,2298);
INSERT INTO VOTO ( "ID", "NOTA", "TIPO_VOTO", "RESTAURANTE_ID" ) VALUES(2299,5,'PRECO',5);
INSERT INTO RANKING_VOTOS ( "RANKING", "VOTOS" ) VALUES(92,2299);
INSERT INTO VOTO ( "ID", "NOTA", "TIPO_VOTO", "RESTAURANTE_ID" ) VALUES(2300,3,'LOCALIZACAO',5);
INSERT INTO RANKING_VOTOS ( "RANKING", "VOTOS" ) VALUES(92,2300);
INSERT INTO PESSOA ( "ID", "NOME" ) VALUES(93, 'Linwood Osinski');
INSERT INTO USUARIO ( "ID", "PESSOA_ID" ) VALUES('enregister@email.com',93);
INSERT INTO RANKING ( "ID", "USUARIO_ID" ) VALUES (93,'enregister@email.com');
INSERT INTO VOTO ( "ID", "NOTA", "TIPO_VOTO", "RESTAURANTE_ID" ) VALUES(2301,1,'ATENDIMENTO',1);
INSERT INTO RANKING_VOTOS ( "RANKING", "VOTOS" ) VALUES(93,2301);
INSERT INTO VOTO ( "ID", "NOTA", "TIPO_VOTO", "RESTAURANTE_ID" ) VALUES(2302,5,'DEMORA',1);
INSERT INTO RANKING_VOTOS ( "RANKING", "VOTOS" ) VALUES(93,2302);
INSERT INTO VOTO ( "ID", "NOTA", "TIPO_VOTO", "RESTAURANTE_ID" ) VALUES(2303,3,'SABOR',1);
INSERT INTO RANKING_VOTOS ( "RANKING", "VOTOS" ) VALUES(93,2303);
INSERT INTO VOTO ( "ID", "NOTA", "TIPO_VOTO", "RESTAURANTE_ID" ) VALUES(2304,2,'PRECO',1);
INSERT INTO RANKING_VOTOS ( "RANKING", "VOTOS" ) VALUES(93,2304);
INSERT INTO VOTO ( "ID", "NOTA", "TIPO_VOTO", "RESTAURANTE_ID" ) VALUES(2305,3,'LOCALIZACAO',1);
INSERT INTO RANKING_VOTOS ( "RANKING", "VOTOS" ) VALUES(93,2305);
INSERT INTO VOTO ( "ID", "NOTA", "TIPO_VOTO", "RESTAURANTE_ID" ) VALUES(2306,5,'ATENDIMENTO',2);
INSERT INTO RANKING_VOTOS ( "RANKING", "VOTOS" ) VALUES(93,2306);
INSERT INTO VOTO ( "ID", "NOTA", "TIPO_VOTO", "RESTAURANTE_ID" ) VALUES(2307,5,'DEMORA',2);
INSERT INTO RANKING_VOTOS ( "RANKING", "VOTOS" ) VALUES(93,2307);
INSERT INTO VOTO ( "ID", "NOTA", "TIPO_VOTO", "RESTAURANTE_ID" ) VALUES(2308,1,'SABOR',2);
INSERT INTO RANKING_VOTOS ( "RANKING", "VOTOS" ) VALUES(93,2308);
INSERT INTO VOTO ( "ID", "NOTA", "TIPO_VOTO", "RESTAURANTE_ID" ) VALUES(2309,4,'PRECO',2);
INSERT INTO RANKING_VOTOS ( "RANKING", "VOTOS" ) VALUES(93,2309);
INSERT INTO VOTO ( "ID", "NOTA", "TIPO_VOTO", "RESTAURANTE_ID" ) VALUES(2310,4,'LOCALIZACAO',2);
INSERT INTO RANKING_VOTOS ( "RANKING", "VOTOS" ) VALUES(93,2310);
INSERT INTO VOTO ( "ID", "NOTA", "TIPO_VOTO", "RESTAURANTE_ID" ) VALUES(2311,4,'ATENDIMENTO',3);
INSERT INTO RANKING_VOTOS ( "RANKING", "VOTOS" ) VALUES(93,2311);
INSERT INTO VOTO ( "ID", "NOTA", "TIPO_VOTO", "RESTAURANTE_ID" ) VALUES(2312,2,'DEMORA',3);
INSERT INTO RANKING_VOTOS ( "RANKING", "VOTOS" ) VALUES(93,2312);
INSERT INTO VOTO ( "ID", "NOTA", "TIPO_VOTO", "RESTAURANTE_ID" ) VALUES(2313,1,'SABOR',3);
INSERT INTO RANKING_VOTOS ( "RANKING", "VOTOS" ) VALUES(93,2313);
INSERT INTO VOTO ( "ID", "NOTA", "TIPO_VOTO", "RESTAURANTE_ID" ) VALUES(2314,2,'PRECO',3);
INSERT INTO RANKING_VOTOS ( "RANKING", "VOTOS" ) VALUES(93,2314);
INSERT INTO VOTO ( "ID", "NOTA", "TIPO_VOTO", "RESTAURANTE_ID" ) VALUES(2315,3,'LOCALIZACAO',3);
INSERT INTO RANKING_VOTOS ( "RANKING", "VOTOS" ) VALUES(93,2315);
INSERT INTO VOTO ( "ID", "NOTA", "TIPO_VOTO", "RESTAURANTE_ID" ) VALUES(2316,5,'ATENDIMENTO',4);
INSERT INTO RANKING_VOTOS ( "RANKING", "VOTOS" ) VALUES(93,2316);
INSERT INTO VOTO ( "ID", "NOTA", "TIPO_VOTO", "RESTAURANTE_ID" ) VALUES(2317,5,'DEMORA',4);
INSERT INTO RANKING_VOTOS ( "RANKING", "VOTOS" ) VALUES(93,2317);
INSERT INTO VOTO ( "ID", "NOTA", "TIPO_VOTO", "RESTAURANTE_ID" ) VALUES(2318,3,'SABOR',4);
INSERT INTO RANKING_VOTOS ( "RANKING", "VOTOS" ) VALUES(93,2318);
INSERT INTO VOTO ( "ID", "NOTA", "TIPO_VOTO", "RESTAURANTE_ID" ) VALUES(2319,3,'PRECO',4);
INSERT INTO RANKING_VOTOS ( "RANKING", "VOTOS" ) VALUES(93,2319);
INSERT INTO VOTO ( "ID", "NOTA", "TIPO_VOTO", "RESTAURANTE_ID" ) VALUES(2320,1,'LOCALIZACAO',4);
INSERT INTO RANKING_VOTOS ( "RANKING", "VOTOS" ) VALUES(93,2320);
INSERT INTO VOTO ( "ID", "NOTA", "TIPO_VOTO", "RESTAURANTE_ID" ) VALUES(2321,4,'ATENDIMENTO',5);
INSERT INTO RANKING_VOTOS ( "RANKING", "VOTOS" ) VALUES(93,2321);
INSERT INTO VOTO ( "ID", "NOTA", "TIPO_VOTO", "RESTAURANTE_ID" ) VALUES(2322,1,'DEMORA',5);
INSERT INTO RANKING_VOTOS ( "RANKING", "VOTOS" ) VALUES(93,2322);
INSERT INTO VOTO ( "ID", "NOTA", "TIPO_VOTO", "RESTAURANTE_ID" ) VALUES(2323,5,'SABOR',5);
INSERT INTO RANKING_VOTOS ( "RANKING", "VOTOS" ) VALUES(93,2323);
INSERT INTO VOTO ( "ID", "NOTA", "TIPO_VOTO", "RESTAURANTE_ID" ) VALUES(2324,3,'PRECO',5);
INSERT INTO RANKING_VOTOS ( "RANKING", "VOTOS" ) VALUES(93,2324);
INSERT INTO VOTO ( "ID", "NOTA", "TIPO_VOTO", "RESTAURANTE_ID" ) VALUES(2325,1,'LOCALIZACAO',5);
INSERT INTO RANKING_VOTOS ( "RANKING", "VOTOS" ) VALUES(93,2325);
INSERT INTO PESSOA ( "ID", "NOME" ) VALUES(94, 'Gonzalo Effertz');
INSERT INTO USUARIO ( "ID", "PESSOA_ID" ) VALUES('gladsomely@email.com',94);
INSERT INTO RANKING ( "ID", "USUARIO_ID" ) VALUES (94,'gladsomely@email.com');
INSERT INTO VOTO ( "ID", "NOTA", "TIPO_VOTO", "RESTAURANTE_ID" ) VALUES(2326,2,'ATENDIMENTO',1);
INSERT INTO RANKING_VOTOS ( "RANKING", "VOTOS" ) VALUES(94,2326);
INSERT INTO VOTO ( "ID", "NOTA", "TIPO_VOTO", "RESTAURANTE_ID" ) VALUES(2327,4,'DEMORA',1);
INSERT INTO RANKING_VOTOS ( "RANKING", "VOTOS" ) VALUES(94,2327);
INSERT INTO VOTO ( "ID", "NOTA", "TIPO_VOTO", "RESTAURANTE_ID" ) VALUES(2328,5,'SABOR',1);
INSERT INTO RANKING_VOTOS ( "RANKING", "VOTOS" ) VALUES(94,2328);
INSERT INTO VOTO ( "ID", "NOTA", "TIPO_VOTO", "RESTAURANTE_ID" ) VALUES(2329,4,'PRECO',1);
INSERT INTO RANKING_VOTOS ( "RANKING", "VOTOS" ) VALUES(94,2329);
INSERT INTO VOTO ( "ID", "NOTA", "TIPO_VOTO", "RESTAURANTE_ID" ) VALUES(2330,3,'LOCALIZACAO',1);
INSERT INTO RANKING_VOTOS ( "RANKING", "VOTOS" ) VALUES(94,2330);
INSERT INTO VOTO ( "ID", "NOTA", "TIPO_VOTO", "RESTAURANTE_ID" ) VALUES(2331,2,'ATENDIMENTO',2);
INSERT INTO RANKING_VOTOS ( "RANKING", "VOTOS" ) VALUES(94,2331);
INSERT INTO VOTO ( "ID", "NOTA", "TIPO_VOTO", "RESTAURANTE_ID" ) VALUES(2332,3,'DEMORA',2);
INSERT INTO RANKING_VOTOS ( "RANKING", "VOTOS" ) VALUES(94,2332);
INSERT INTO VOTO ( "ID", "NOTA", "TIPO_VOTO", "RESTAURANTE_ID" ) VALUES(2333,2,'SABOR',2);
INSERT INTO RANKING_VOTOS ( "RANKING", "VOTOS" ) VALUES(94,2333);
INSERT INTO VOTO ( "ID", "NOTA", "TIPO_VOTO", "RESTAURANTE_ID" ) VALUES(2334,3,'PRECO',2);
INSERT INTO RANKING_VOTOS ( "RANKING", "VOTOS" ) VALUES(94,2334);
INSERT INTO VOTO ( "ID", "NOTA", "TIPO_VOTO", "RESTAURANTE_ID" ) VALUES(2335,5,'LOCALIZACAO',2);
INSERT INTO RANKING_VOTOS ( "RANKING", "VOTOS" ) VALUES(94,2335);
INSERT INTO VOTO ( "ID", "NOTA", "TIPO_VOTO", "RESTAURANTE_ID" ) VALUES(2336,3,'ATENDIMENTO',3);
INSERT INTO RANKING_VOTOS ( "RANKING", "VOTOS" ) VALUES(94,2336);
INSERT INTO VOTO ( "ID", "NOTA", "TIPO_VOTO", "RESTAURANTE_ID" ) VALUES(2337,4,'DEMORA',3);
INSERT INTO RANKING_VOTOS ( "RANKING", "VOTOS" ) VALUES(94,2337);
INSERT INTO VOTO ( "ID", "NOTA", "TIPO_VOTO", "RESTAURANTE_ID" ) VALUES(2338,2,'SABOR',3);
INSERT INTO RANKING_VOTOS ( "RANKING", "VOTOS" ) VALUES(94,2338);
INSERT INTO VOTO ( "ID", "NOTA", "TIPO_VOTO", "RESTAURANTE_ID" ) VALUES(2339,5,'PRECO',3);
INSERT INTO RANKING_VOTOS ( "RANKING", "VOTOS" ) VALUES(94,2339);
INSERT INTO VOTO ( "ID", "NOTA", "TIPO_VOTO", "RESTAURANTE_ID" ) VALUES(2340,4,'LOCALIZACAO',3);
INSERT INTO RANKING_VOTOS ( "RANKING", "VOTOS" ) VALUES(94,2340);
INSERT INTO VOTO ( "ID", "NOTA", "TIPO_VOTO", "RESTAURANTE_ID" ) VALUES(2341,5,'ATENDIMENTO',4);
INSERT INTO RANKING_VOTOS ( "RANKING", "VOTOS" ) VALUES(94,2341);
INSERT INTO VOTO ( "ID", "NOTA", "TIPO_VOTO", "RESTAURANTE_ID" ) VALUES(2342,3,'DEMORA',4);
INSERT INTO RANKING_VOTOS ( "RANKING", "VOTOS" ) VALUES(94,2342);
INSERT INTO VOTO ( "ID", "NOTA", "TIPO_VOTO", "RESTAURANTE_ID" ) VALUES(2343,1,'SABOR',4);
INSERT INTO RANKING_VOTOS ( "RANKING", "VOTOS" ) VALUES(94,2343);
INSERT INTO VOTO ( "ID", "NOTA", "TIPO_VOTO", "RESTAURANTE_ID" ) VALUES(2344,2,'PRECO',4);
INSERT INTO RANKING_VOTOS ( "RANKING", "VOTOS" ) VALUES(94,2344);
INSERT INTO VOTO ( "ID", "NOTA", "TIPO_VOTO", "RESTAURANTE_ID" ) VALUES(2345,5,'LOCALIZACAO',4);
INSERT INTO RANKING_VOTOS ( "RANKING", "VOTOS" ) VALUES(94,2345);
INSERT INTO VOTO ( "ID", "NOTA", "TIPO_VOTO", "RESTAURANTE_ID" ) VALUES(2346,1,'ATENDIMENTO',5);
INSERT INTO RANKING_VOTOS ( "RANKING", "VOTOS" ) VALUES(94,2346);
INSERT INTO VOTO ( "ID", "NOTA", "TIPO_VOTO", "RESTAURANTE_ID" ) VALUES(2347,4,'DEMORA',5);
INSERT INTO RANKING_VOTOS ( "RANKING", "VOTOS" ) VALUES(94,2347);
INSERT INTO VOTO ( "ID", "NOTA", "TIPO_VOTO", "RESTAURANTE_ID" ) VALUES(2348,1,'SABOR',5);
INSERT INTO RANKING_VOTOS ( "RANKING", "VOTOS" ) VALUES(94,2348);
INSERT INTO VOTO ( "ID", "NOTA", "TIPO_VOTO", "RESTAURANTE_ID" ) VALUES(2349,4,'PRECO',5);
INSERT INTO RANKING_VOTOS ( "RANKING", "VOTOS" ) VALUES(94,2349);
INSERT INTO VOTO ( "ID", "NOTA", "TIPO_VOTO", "RESTAURANTE_ID" ) VALUES(2350,4,'LOCALIZACAO',5);
INSERT INTO RANKING_VOTOS ( "RANKING", "VOTOS" ) VALUES(94,2350);
INSERT INTO PESSOA ( "ID", "NOME" ) VALUES(95, 'Arlette Steuber');
INSERT INTO USUARIO ( "ID", "PESSOA_ID" ) VALUES('barrelsful@email.com',95);
INSERT INTO RANKING ( "ID", "USUARIO_ID" ) VALUES (95,'barrelsful@email.com');
INSERT INTO VOTO ( "ID", "NOTA", "TIPO_VOTO", "RESTAURANTE_ID" ) VALUES(2351,5,'ATENDIMENTO',1);
INSERT INTO RANKING_VOTOS ( "RANKING", "VOTOS" ) VALUES(95,2351);
INSERT INTO VOTO ( "ID", "NOTA", "TIPO_VOTO", "RESTAURANTE_ID" ) VALUES(2352,1,'DEMORA',1);
INSERT INTO RANKING_VOTOS ( "RANKING", "VOTOS" ) VALUES(95,2352);
INSERT INTO VOTO ( "ID", "NOTA", "TIPO_VOTO", "RESTAURANTE_ID" ) VALUES(2353,5,'SABOR',1);
INSERT INTO RANKING_VOTOS ( "RANKING", "VOTOS" ) VALUES(95,2353);
INSERT INTO VOTO ( "ID", "NOTA", "TIPO_VOTO", "RESTAURANTE_ID" ) VALUES(2354,4,'PRECO',1);
INSERT INTO RANKING_VOTOS ( "RANKING", "VOTOS" ) VALUES(95,2354);
INSERT INTO VOTO ( "ID", "NOTA", "TIPO_VOTO", "RESTAURANTE_ID" ) VALUES(2355,4,'LOCALIZACAO',1);
INSERT INTO RANKING_VOTOS ( "RANKING", "VOTOS" ) VALUES(95,2355);
INSERT INTO VOTO ( "ID", "NOTA", "TIPO_VOTO", "RESTAURANTE_ID" ) VALUES(2356,4,'ATENDIMENTO',2);
INSERT INTO RANKING_VOTOS ( "RANKING", "VOTOS" ) VALUES(95,2356);
INSERT INTO VOTO ( "ID", "NOTA", "TIPO_VOTO", "RESTAURANTE_ID" ) VALUES(2357,1,'DEMORA',2);
INSERT INTO RANKING_VOTOS ( "RANKING", "VOTOS" ) VALUES(95,2357);
INSERT INTO VOTO ( "ID", "NOTA", "TIPO_VOTO", "RESTAURANTE_ID" ) VALUES(2358,1,'SABOR',2);
INSERT INTO RANKING_VOTOS ( "RANKING", "VOTOS" ) VALUES(95,2358);
INSERT INTO VOTO ( "ID", "NOTA", "TIPO_VOTO", "RESTAURANTE_ID" ) VALUES(2359,3,'PRECO',2);
INSERT INTO RANKING_VOTOS ( "RANKING", "VOTOS" ) VALUES(95,2359);
INSERT INTO VOTO ( "ID", "NOTA", "TIPO_VOTO", "RESTAURANTE_ID" ) VALUES(2360,5,'LOCALIZACAO',2);
INSERT INTO RANKING_VOTOS ( "RANKING", "VOTOS" ) VALUES(95,2360);
INSERT INTO VOTO ( "ID", "NOTA", "TIPO_VOTO", "RESTAURANTE_ID" ) VALUES(2361,4,'ATENDIMENTO',3);
INSERT INTO RANKING_VOTOS ( "RANKING", "VOTOS" ) VALUES(95,2361);
INSERT INTO VOTO ( "ID", "NOTA", "TIPO_VOTO", "RESTAURANTE_ID" ) VALUES(2362,4,'DEMORA',3);
INSERT INTO RANKING_VOTOS ( "RANKING", "VOTOS" ) VALUES(95,2362);
INSERT INTO VOTO ( "ID", "NOTA", "TIPO_VOTO", "RESTAURANTE_ID" ) VALUES(2363,3,'SABOR',3);
INSERT INTO RANKING_VOTOS ( "RANKING", "VOTOS" ) VALUES(95,2363);
INSERT INTO VOTO ( "ID", "NOTA", "TIPO_VOTO", "RESTAURANTE_ID" ) VALUES(2364,5,'PRECO',3);
INSERT INTO RANKING_VOTOS ( "RANKING", "VOTOS" ) VALUES(95,2364);
INSERT INTO VOTO ( "ID", "NOTA", "TIPO_VOTO", "RESTAURANTE_ID" ) VALUES(2365,4,'LOCALIZACAO',3);
INSERT INTO RANKING_VOTOS ( "RANKING", "VOTOS" ) VALUES(95,2365);
INSERT INTO VOTO ( "ID", "NOTA", "TIPO_VOTO", "RESTAURANTE_ID" ) VALUES(2366,5,'ATENDIMENTO',4);
INSERT INTO RANKING_VOTOS ( "RANKING", "VOTOS" ) VALUES(95,2366);
INSERT INTO VOTO ( "ID", "NOTA", "TIPO_VOTO", "RESTAURANTE_ID" ) VALUES(2367,5,'DEMORA',4);
INSERT INTO RANKING_VOTOS ( "RANKING", "VOTOS" ) VALUES(95,2367);
INSERT INTO VOTO ( "ID", "NOTA", "TIPO_VOTO", "RESTAURANTE_ID" ) VALUES(2368,2,'SABOR',4);
INSERT INTO RANKING_VOTOS ( "RANKING", "VOTOS" ) VALUES(95,2368);
INSERT INTO VOTO ( "ID", "NOTA", "TIPO_VOTO", "RESTAURANTE_ID" ) VALUES(2369,4,'PRECO',4);
INSERT INTO RANKING_VOTOS ( "RANKING", "VOTOS" ) VALUES(95,2369);
INSERT INTO VOTO ( "ID", "NOTA", "TIPO_VOTO", "RESTAURANTE_ID" ) VALUES(2370,5,'LOCALIZACAO',4);
INSERT INTO RANKING_VOTOS ( "RANKING", "VOTOS" ) VALUES(95,2370);
INSERT INTO VOTO ( "ID", "NOTA", "TIPO_VOTO", "RESTAURANTE_ID" ) VALUES(2371,5,'ATENDIMENTO',5);
INSERT INTO RANKING_VOTOS ( "RANKING", "VOTOS" ) VALUES(95,2371);
INSERT INTO VOTO ( "ID", "NOTA", "TIPO_VOTO", "RESTAURANTE_ID" ) VALUES(2372,1,'DEMORA',5);
INSERT INTO RANKING_VOTOS ( "RANKING", "VOTOS" ) VALUES(95,2372);
INSERT INTO VOTO ( "ID", "NOTA", "TIPO_VOTO", "RESTAURANTE_ID" ) VALUES(2373,1,'SABOR',5);
INSERT INTO RANKING_VOTOS ( "RANKING", "VOTOS" ) VALUES(95,2373);
INSERT INTO VOTO ( "ID", "NOTA", "TIPO_VOTO", "RESTAURANTE_ID" ) VALUES(2374,5,'PRECO',5);
INSERT INTO RANKING_VOTOS ( "RANKING", "VOTOS" ) VALUES(95,2374);
INSERT INTO VOTO ( "ID", "NOTA", "TIPO_VOTO", "RESTAURANTE_ID" ) VALUES(2375,5,'LOCALIZACAO',5);
INSERT INTO RANKING_VOTOS ( "RANKING", "VOTOS" ) VALUES(95,2375);
INSERT INTO PESSOA ( "ID", "NOME" ) VALUES(96, 'Frankie Waelchi');
INSERT INTO USUARIO ( "ID", "PESSOA_ID" ) VALUES('megagamete@email.com',96);
INSERT INTO RANKING ( "ID", "USUARIO_ID" ) VALUES (96,'megagamete@email.com');
INSERT INTO VOTO ( "ID", "NOTA", "TIPO_VOTO", "RESTAURANTE_ID" ) VALUES(2376,3,'ATENDIMENTO',1);
INSERT INTO RANKING_VOTOS ( "RANKING", "VOTOS" ) VALUES(96,2376);
INSERT INTO VOTO ( "ID", "NOTA", "TIPO_VOTO", "RESTAURANTE_ID" ) VALUES(2377,1,'DEMORA',1);
INSERT INTO RANKING_VOTOS ( "RANKING", "VOTOS" ) VALUES(96,2377);
INSERT INTO VOTO ( "ID", "NOTA", "TIPO_VOTO", "RESTAURANTE_ID" ) VALUES(2378,1,'SABOR',1);
INSERT INTO RANKING_VOTOS ( "RANKING", "VOTOS" ) VALUES(96,2378);
INSERT INTO VOTO ( "ID", "NOTA", "TIPO_VOTO", "RESTAURANTE_ID" ) VALUES(2379,5,'PRECO',1);
INSERT INTO RANKING_VOTOS ( "RANKING", "VOTOS" ) VALUES(96,2379);
INSERT INTO VOTO ( "ID", "NOTA", "TIPO_VOTO", "RESTAURANTE_ID" ) VALUES(2380,4,'LOCALIZACAO',1);
INSERT INTO RANKING_VOTOS ( "RANKING", "VOTOS" ) VALUES(96,2380);
INSERT INTO VOTO ( "ID", "NOTA", "TIPO_VOTO", "RESTAURANTE_ID" ) VALUES(2381,2,'ATENDIMENTO',2);
INSERT INTO RANKING_VOTOS ( "RANKING", "VOTOS" ) VALUES(96,2381);
INSERT INTO VOTO ( "ID", "NOTA", "TIPO_VOTO", "RESTAURANTE_ID" ) VALUES(2382,2,'DEMORA',2);
INSERT INTO RANKING_VOTOS ( "RANKING", "VOTOS" ) VALUES(96,2382);
INSERT INTO VOTO ( "ID", "NOTA", "TIPO_VOTO", "RESTAURANTE_ID" ) VALUES(2383,2,'SABOR',2);
INSERT INTO RANKING_VOTOS ( "RANKING", "VOTOS" ) VALUES(96,2383);
INSERT INTO VOTO ( "ID", "NOTA", "TIPO_VOTO", "RESTAURANTE_ID" ) VALUES(2384,5,'PRECO',2);
INSERT INTO RANKING_VOTOS ( "RANKING", "VOTOS" ) VALUES(96,2384);
INSERT INTO VOTO ( "ID", "NOTA", "TIPO_VOTO", "RESTAURANTE_ID" ) VALUES(2385,5,'LOCALIZACAO',2);
INSERT INTO RANKING_VOTOS ( "RANKING", "VOTOS" ) VALUES(96,2385);
INSERT INTO VOTO ( "ID", "NOTA", "TIPO_VOTO", "RESTAURANTE_ID" ) VALUES(2386,5,'ATENDIMENTO',3);
INSERT INTO RANKING_VOTOS ( "RANKING", "VOTOS" ) VALUES(96,2386);
INSERT INTO VOTO ( "ID", "NOTA", "TIPO_VOTO", "RESTAURANTE_ID" ) VALUES(2387,3,'DEMORA',3);
INSERT INTO RANKING_VOTOS ( "RANKING", "VOTOS" ) VALUES(96,2387);
INSERT INTO VOTO ( "ID", "NOTA", "TIPO_VOTO", "RESTAURANTE_ID" ) VALUES(2388,1,'SABOR',3);
INSERT INTO RANKING_VOTOS ( "RANKING", "VOTOS" ) VALUES(96,2388);
INSERT INTO VOTO ( "ID", "NOTA", "TIPO_VOTO", "RESTAURANTE_ID" ) VALUES(2389,3,'PRECO',3);
INSERT INTO RANKING_VOTOS ( "RANKING", "VOTOS" ) VALUES(96,2389);
INSERT INTO VOTO ( "ID", "NOTA", "TIPO_VOTO", "RESTAURANTE_ID" ) VALUES(2390,5,'LOCALIZACAO',3);
INSERT INTO RANKING_VOTOS ( "RANKING", "VOTOS" ) VALUES(96,2390);
INSERT INTO VOTO ( "ID", "NOTA", "TIPO_VOTO", "RESTAURANTE_ID" ) VALUES(2391,2,'ATENDIMENTO',4);
INSERT INTO RANKING_VOTOS ( "RANKING", "VOTOS" ) VALUES(96,2391);
INSERT INTO VOTO ( "ID", "NOTA", "TIPO_VOTO", "RESTAURANTE_ID" ) VALUES(2392,4,'DEMORA',4);
INSERT INTO RANKING_VOTOS ( "RANKING", "VOTOS" ) VALUES(96,2392);
INSERT INTO VOTO ( "ID", "NOTA", "TIPO_VOTO", "RESTAURANTE_ID" ) VALUES(2393,1,'SABOR',4);
INSERT INTO RANKING_VOTOS ( "RANKING", "VOTOS" ) VALUES(96,2393);
INSERT INTO VOTO ( "ID", "NOTA", "TIPO_VOTO", "RESTAURANTE_ID" ) VALUES(2394,5,'PRECO',4);
INSERT INTO RANKING_VOTOS ( "RANKING", "VOTOS" ) VALUES(96,2394);
INSERT INTO VOTO ( "ID", "NOTA", "TIPO_VOTO", "RESTAURANTE_ID" ) VALUES(2395,4,'LOCALIZACAO',4);
INSERT INTO RANKING_VOTOS ( "RANKING", "VOTOS" ) VALUES(96,2395);
INSERT INTO VOTO ( "ID", "NOTA", "TIPO_VOTO", "RESTAURANTE_ID" ) VALUES(2396,1,'ATENDIMENTO',5);
INSERT INTO RANKING_VOTOS ( "RANKING", "VOTOS" ) VALUES(96,2396);
INSERT INTO VOTO ( "ID", "NOTA", "TIPO_VOTO", "RESTAURANTE_ID" ) VALUES(2397,5,'DEMORA',5);
INSERT INTO RANKING_VOTOS ( "RANKING", "VOTOS" ) VALUES(96,2397);
INSERT INTO VOTO ( "ID", "NOTA", "TIPO_VOTO", "RESTAURANTE_ID" ) VALUES(2398,3,'SABOR',5);
INSERT INTO RANKING_VOTOS ( "RANKING", "VOTOS" ) VALUES(96,2398);
INSERT INTO VOTO ( "ID", "NOTA", "TIPO_VOTO", "RESTAURANTE_ID" ) VALUES(2399,3,'PRECO',5);
INSERT INTO RANKING_VOTOS ( "RANKING", "VOTOS" ) VALUES(96,2399);
INSERT INTO VOTO ( "ID", "NOTA", "TIPO_VOTO", "RESTAURANTE_ID" ) VALUES(2400,2,'LOCALIZACAO',5);
INSERT INTO RANKING_VOTOS ( "RANKING", "VOTOS" ) VALUES(96,2400);
INSERT INTO PESSOA ( "ID", "NOME" ) VALUES(97, 'Lorilee Dickens');
INSERT INTO USUARIO ( "ID", "PESSOA_ID" ) VALUES('canvaslike@email.com',97);
INSERT INTO RANKING ( "ID", "USUARIO_ID" ) VALUES (97,'canvaslike@email.com');
INSERT INTO VOTO ( "ID", "NOTA", "TIPO_VOTO", "RESTAURANTE_ID" ) VALUES(2401,4,'ATENDIMENTO',1);
INSERT INTO RANKING_VOTOS ( "RANKING", "VOTOS" ) VALUES(97,2401);
INSERT INTO VOTO ( "ID", "NOTA", "TIPO_VOTO", "RESTAURANTE_ID" ) VALUES(2402,3,'DEMORA',1);
INSERT INTO RANKING_VOTOS ( "RANKING", "VOTOS" ) VALUES(97,2402);
INSERT INTO VOTO ( "ID", "NOTA", "TIPO_VOTO", "RESTAURANTE_ID" ) VALUES(2403,1,'SABOR',1);
INSERT INTO RANKING_VOTOS ( "RANKING", "VOTOS" ) VALUES(97,2403);
INSERT INTO VOTO ( "ID", "NOTA", "TIPO_VOTO", "RESTAURANTE_ID" ) VALUES(2404,2,'PRECO',1);
INSERT INTO RANKING_VOTOS ( "RANKING", "VOTOS" ) VALUES(97,2404);
INSERT INTO VOTO ( "ID", "NOTA", "TIPO_VOTO", "RESTAURANTE_ID" ) VALUES(2405,1,'LOCALIZACAO',1);
INSERT INTO RANKING_VOTOS ( "RANKING", "VOTOS" ) VALUES(97,2405);
INSERT INTO VOTO ( "ID", "NOTA", "TIPO_VOTO", "RESTAURANTE_ID" ) VALUES(2406,2,'ATENDIMENTO',2);
INSERT INTO RANKING_VOTOS ( "RANKING", "VOTOS" ) VALUES(97,2406);
INSERT INTO VOTO ( "ID", "NOTA", "TIPO_VOTO", "RESTAURANTE_ID" ) VALUES(2407,1,'DEMORA',2);
INSERT INTO RANKING_VOTOS ( "RANKING", "VOTOS" ) VALUES(97,2407);
INSERT INTO VOTO ( "ID", "NOTA", "TIPO_VOTO", "RESTAURANTE_ID" ) VALUES(2408,3,'SABOR',2);
INSERT INTO RANKING_VOTOS ( "RANKING", "VOTOS" ) VALUES(97,2408);
INSERT INTO VOTO ( "ID", "NOTA", "TIPO_VOTO", "RESTAURANTE_ID" ) VALUES(2409,1,'PRECO',2);
INSERT INTO RANKING_VOTOS ( "RANKING", "VOTOS" ) VALUES(97,2409);
INSERT INTO VOTO ( "ID", "NOTA", "TIPO_VOTO", "RESTAURANTE_ID" ) VALUES(2410,4,'LOCALIZACAO',2);
INSERT INTO RANKING_VOTOS ( "RANKING", "VOTOS" ) VALUES(97,2410);
INSERT INTO VOTO ( "ID", "NOTA", "TIPO_VOTO", "RESTAURANTE_ID" ) VALUES(2411,4,'ATENDIMENTO',3);
INSERT INTO RANKING_VOTOS ( "RANKING", "VOTOS" ) VALUES(97,2411);
INSERT INTO VOTO ( "ID", "NOTA", "TIPO_VOTO", "RESTAURANTE_ID" ) VALUES(2412,5,'DEMORA',3);
INSERT INTO RANKING_VOTOS ( "RANKING", "VOTOS" ) VALUES(97,2412);
INSERT INTO VOTO ( "ID", "NOTA", "TIPO_VOTO", "RESTAURANTE_ID" ) VALUES(2413,4,'SABOR',3);
INSERT INTO RANKING_VOTOS ( "RANKING", "VOTOS" ) VALUES(97,2413);
INSERT INTO VOTO ( "ID", "NOTA", "TIPO_VOTO", "RESTAURANTE_ID" ) VALUES(2414,5,'PRECO',3);
INSERT INTO RANKING_VOTOS ( "RANKING", "VOTOS" ) VALUES(97,2414);
INSERT INTO VOTO ( "ID", "NOTA", "TIPO_VOTO", "RESTAURANTE_ID" ) VALUES(2415,1,'LOCALIZACAO',3);
INSERT INTO RANKING_VOTOS ( "RANKING", "VOTOS" ) VALUES(97,2415);
INSERT INTO VOTO ( "ID", "NOTA", "TIPO_VOTO", "RESTAURANTE_ID" ) VALUES(2416,4,'ATENDIMENTO',4);
INSERT INTO RANKING_VOTOS ( "RANKING", "VOTOS" ) VALUES(97,2416);
INSERT INTO VOTO ( "ID", "NOTA", "TIPO_VOTO", "RESTAURANTE_ID" ) VALUES(2417,3,'DEMORA',4);
INSERT INTO RANKING_VOTOS ( "RANKING", "VOTOS" ) VALUES(97,2417);
INSERT INTO VOTO ( "ID", "NOTA", "TIPO_VOTO", "RESTAURANTE_ID" ) VALUES(2418,5,'SABOR',4);
INSERT INTO RANKING_VOTOS ( "RANKING", "VOTOS" ) VALUES(97,2418);
INSERT INTO VOTO ( "ID", "NOTA", "TIPO_VOTO", "RESTAURANTE_ID" ) VALUES(2419,3,'PRECO',4);
INSERT INTO RANKING_VOTOS ( "RANKING", "VOTOS" ) VALUES(97,2419);
INSERT INTO VOTO ( "ID", "NOTA", "TIPO_VOTO", "RESTAURANTE_ID" ) VALUES(2420,4,'LOCALIZACAO',4);
INSERT INTO RANKING_VOTOS ( "RANKING", "VOTOS" ) VALUES(97,2420);
INSERT INTO VOTO ( "ID", "NOTA", "TIPO_VOTO", "RESTAURANTE_ID" ) VALUES(2421,2,'ATENDIMENTO',5);
INSERT INTO RANKING_VOTOS ( "RANKING", "VOTOS" ) VALUES(97,2421);
INSERT INTO VOTO ( "ID", "NOTA", "TIPO_VOTO", "RESTAURANTE_ID" ) VALUES(2422,1,'DEMORA',5);
INSERT INTO RANKING_VOTOS ( "RANKING", "VOTOS" ) VALUES(97,2422);
INSERT INTO VOTO ( "ID", "NOTA", "TIPO_VOTO", "RESTAURANTE_ID" ) VALUES(2423,5,'SABOR',5);
INSERT INTO RANKING_VOTOS ( "RANKING", "VOTOS" ) VALUES(97,2423);
INSERT INTO VOTO ( "ID", "NOTA", "TIPO_VOTO", "RESTAURANTE_ID" ) VALUES(2424,2,'PRECO',5);
INSERT INTO RANKING_VOTOS ( "RANKING", "VOTOS" ) VALUES(97,2424);
INSERT INTO VOTO ( "ID", "NOTA", "TIPO_VOTO", "RESTAURANTE_ID" ) VALUES(2425,1,'LOCALIZACAO',5);
INSERT INTO RANKING_VOTOS ( "RANKING", "VOTOS" ) VALUES(97,2425);
INSERT INTO PESSOA ( "ID", "NOME" ) VALUES(98, 'Cheryle Denesik');
INSERT INTO USUARIO ( "ID", "PESSOA_ID" ) VALUES('ovariotomy@email.com',98);
INSERT INTO RANKING ( "ID", "USUARIO_ID" ) VALUES (98,'ovariotomy@email.com');
INSERT INTO VOTO ( "ID", "NOTA", "TIPO_VOTO", "RESTAURANTE_ID" ) VALUES(2426,4,'ATENDIMENTO',1);
INSERT INTO RANKING_VOTOS ( "RANKING", "VOTOS" ) VALUES(98,2426);
INSERT INTO VOTO ( "ID", "NOTA", "TIPO_VOTO", "RESTAURANTE_ID" ) VALUES(2427,3,'DEMORA',1);
INSERT INTO RANKING_VOTOS ( "RANKING", "VOTOS" ) VALUES(98,2427);
INSERT INTO VOTO ( "ID", "NOTA", "TIPO_VOTO", "RESTAURANTE_ID" ) VALUES(2428,5,'SABOR',1);
INSERT INTO RANKING_VOTOS ( "RANKING", "VOTOS" ) VALUES(98,2428);
INSERT INTO VOTO ( "ID", "NOTA", "TIPO_VOTO", "RESTAURANTE_ID" ) VALUES(2429,5,'PRECO',1);
INSERT INTO RANKING_VOTOS ( "RANKING", "VOTOS" ) VALUES(98,2429);
INSERT INTO VOTO ( "ID", "NOTA", "TIPO_VOTO", "RESTAURANTE_ID" ) VALUES(2430,2,'LOCALIZACAO',1);
INSERT INTO RANKING_VOTOS ( "RANKING", "VOTOS" ) VALUES(98,2430);
INSERT INTO VOTO ( "ID", "NOTA", "TIPO_VOTO", "RESTAURANTE_ID" ) VALUES(2431,1,'ATENDIMENTO',2);
INSERT INTO RANKING_VOTOS ( "RANKING", "VOTOS" ) VALUES(98,2431);
INSERT INTO VOTO ( "ID", "NOTA", "TIPO_VOTO", "RESTAURANTE_ID" ) VALUES(2432,5,'DEMORA',2);
INSERT INTO RANKING_VOTOS ( "RANKING", "VOTOS" ) VALUES(98,2432);
INSERT INTO VOTO ( "ID", "NOTA", "TIPO_VOTO", "RESTAURANTE_ID" ) VALUES(2433,3,'SABOR',2);
INSERT INTO RANKING_VOTOS ( "RANKING", "VOTOS" ) VALUES(98,2433);
INSERT INTO VOTO ( "ID", "NOTA", "TIPO_VOTO", "RESTAURANTE_ID" ) VALUES(2434,5,'PRECO',2);
INSERT INTO RANKING_VOTOS ( "RANKING", "VOTOS" ) VALUES(98,2434);
INSERT INTO VOTO ( "ID", "NOTA", "TIPO_VOTO", "RESTAURANTE_ID" ) VALUES(2435,2,'LOCALIZACAO',2);
INSERT INTO RANKING_VOTOS ( "RANKING", "VOTOS" ) VALUES(98,2435);
INSERT INTO VOTO ( "ID", "NOTA", "TIPO_VOTO", "RESTAURANTE_ID" ) VALUES(2436,5,'ATENDIMENTO',3);
INSERT INTO RANKING_VOTOS ( "RANKING", "VOTOS" ) VALUES(98,2436);
INSERT INTO VOTO ( "ID", "NOTA", "TIPO_VOTO", "RESTAURANTE_ID" ) VALUES(2437,3,'DEMORA',3);
INSERT INTO RANKING_VOTOS ( "RANKING", "VOTOS" ) VALUES(98,2437);
INSERT INTO VOTO ( "ID", "NOTA", "TIPO_VOTO", "RESTAURANTE_ID" ) VALUES(2438,3,'SABOR',3);
INSERT INTO RANKING_VOTOS ( "RANKING", "VOTOS" ) VALUES(98,2438);
INSERT INTO VOTO ( "ID", "NOTA", "TIPO_VOTO", "RESTAURANTE_ID" ) VALUES(2439,4,'PRECO',3);
INSERT INTO RANKING_VOTOS ( "RANKING", "VOTOS" ) VALUES(98,2439);
INSERT INTO VOTO ( "ID", "NOTA", "TIPO_VOTO", "RESTAURANTE_ID" ) VALUES(2440,3,'LOCALIZACAO',3);
INSERT INTO RANKING_VOTOS ( "RANKING", "VOTOS" ) VALUES(98,2440);
INSERT INTO VOTO ( "ID", "NOTA", "TIPO_VOTO", "RESTAURANTE_ID" ) VALUES(2441,5,'ATENDIMENTO',4);
INSERT INTO RANKING_VOTOS ( "RANKING", "VOTOS" ) VALUES(98,2441);
INSERT INTO VOTO ( "ID", "NOTA", "TIPO_VOTO", "RESTAURANTE_ID" ) VALUES(2442,1,'DEMORA',4);
INSERT INTO RANKING_VOTOS ( "RANKING", "VOTOS" ) VALUES(98,2442);
INSERT INTO VOTO ( "ID", "NOTA", "TIPO_VOTO", "RESTAURANTE_ID" ) VALUES(2443,2,'SABOR',4);
INSERT INTO RANKING_VOTOS ( "RANKING", "VOTOS" ) VALUES(98,2443);
INSERT INTO VOTO ( "ID", "NOTA", "TIPO_VOTO", "RESTAURANTE_ID" ) VALUES(2444,4,'PRECO',4);
INSERT INTO RANKING_VOTOS ( "RANKING", "VOTOS" ) VALUES(98,2444);
INSERT INTO VOTO ( "ID", "NOTA", "TIPO_VOTO", "RESTAURANTE_ID" ) VALUES(2445,2,'LOCALIZACAO',4);
INSERT INTO RANKING_VOTOS ( "RANKING", "VOTOS" ) VALUES(98,2445);
INSERT INTO VOTO ( "ID", "NOTA", "TIPO_VOTO", "RESTAURANTE_ID" ) VALUES(2446,2,'ATENDIMENTO',5);
INSERT INTO RANKING_VOTOS ( "RANKING", "VOTOS" ) VALUES(98,2446);
INSERT INTO VOTO ( "ID", "NOTA", "TIPO_VOTO", "RESTAURANTE_ID" ) VALUES(2447,5,'DEMORA',5);
INSERT INTO RANKING_VOTOS ( "RANKING", "VOTOS" ) VALUES(98,2447);
INSERT INTO VOTO ( "ID", "NOTA", "TIPO_VOTO", "RESTAURANTE_ID" ) VALUES(2448,2,'SABOR',5);
INSERT INTO RANKING_VOTOS ( "RANKING", "VOTOS" ) VALUES(98,2448);
INSERT INTO VOTO ( "ID", "NOTA", "TIPO_VOTO", "RESTAURANTE_ID" ) VALUES(2449,4,'PRECO',5);
INSERT INTO RANKING_VOTOS ( "RANKING", "VOTOS" ) VALUES(98,2449);
INSERT INTO VOTO ( "ID", "NOTA", "TIPO_VOTO", "RESTAURANTE_ID" ) VALUES(2450,5,'LOCALIZACAO',5);
INSERT INTO RANKING_VOTOS ( "RANKING", "VOTOS" ) VALUES(98,2450);
INSERT INTO PESSOA ( "ID", "NOME" ) VALUES(99, 'Nichole Roberts');
INSERT INTO USUARIO ( "ID", "PESSOA_ID" ) VALUES('ferdinando@email.com',99);
INSERT INTO RANKING ( "ID", "USUARIO_ID" ) VALUES (99,'ferdinando@email.com');
INSERT INTO VOTO ( "ID", "NOTA", "TIPO_VOTO", "RESTAURANTE_ID" ) VALUES(2451,3,'ATENDIMENTO',1);
INSERT INTO RANKING_VOTOS ( "RANKING", "VOTOS" ) VALUES(99,2451);
INSERT INTO VOTO ( "ID", "NOTA", "TIPO_VOTO", "RESTAURANTE_ID" ) VALUES(2452,5,'DEMORA',1);
INSERT INTO RANKING_VOTOS ( "RANKING", "VOTOS" ) VALUES(99,2452);
INSERT INTO VOTO ( "ID", "NOTA", "TIPO_VOTO", "RESTAURANTE_ID" ) VALUES(2453,4,'SABOR',1);
INSERT INTO RANKING_VOTOS ( "RANKING", "VOTOS" ) VALUES(99,2453);
INSERT INTO VOTO ( "ID", "NOTA", "TIPO_VOTO", "RESTAURANTE_ID" ) VALUES(2454,4,'PRECO',1);
INSERT INTO RANKING_VOTOS ( "RANKING", "VOTOS" ) VALUES(99,2454);
INSERT INTO VOTO ( "ID", "NOTA", "TIPO_VOTO", "RESTAURANTE_ID" ) VALUES(2455,3,'LOCALIZACAO',1);
INSERT INTO RANKING_VOTOS ( "RANKING", "VOTOS" ) VALUES(99,2455);
INSERT INTO VOTO ( "ID", "NOTA", "TIPO_VOTO", "RESTAURANTE_ID" ) VALUES(2456,5,'ATENDIMENTO',2);
INSERT INTO RANKING_VOTOS ( "RANKING", "VOTOS" ) VALUES(99,2456);
INSERT INTO VOTO ( "ID", "NOTA", "TIPO_VOTO", "RESTAURANTE_ID" ) VALUES(2457,5,'DEMORA',2);
INSERT INTO RANKING_VOTOS ( "RANKING", "VOTOS" ) VALUES(99,2457);
INSERT INTO VOTO ( "ID", "NOTA", "TIPO_VOTO", "RESTAURANTE_ID" ) VALUES(2458,5,'SABOR',2);
INSERT INTO RANKING_VOTOS ( "RANKING", "VOTOS" ) VALUES(99,2458);
INSERT INTO VOTO ( "ID", "NOTA", "TIPO_VOTO", "RESTAURANTE_ID" ) VALUES(2459,4,'PRECO',2);
INSERT INTO RANKING_VOTOS ( "RANKING", "VOTOS" ) VALUES(99,2459);
INSERT INTO VOTO ( "ID", "NOTA", "TIPO_VOTO", "RESTAURANTE_ID" ) VALUES(2460,1,'LOCALIZACAO',2);
INSERT INTO RANKING_VOTOS ( "RANKING", "VOTOS" ) VALUES(99,2460);
INSERT INTO VOTO ( "ID", "NOTA", "TIPO_VOTO", "RESTAURANTE_ID" ) VALUES(2461,1,'ATENDIMENTO',3);
INSERT INTO RANKING_VOTOS ( "RANKING", "VOTOS" ) VALUES(99,2461);
INSERT INTO VOTO ( "ID", "NOTA", "TIPO_VOTO", "RESTAURANTE_ID" ) VALUES(2462,3,'DEMORA',3);
INSERT INTO RANKING_VOTOS ( "RANKING", "VOTOS" ) VALUES(99,2462);
INSERT INTO VOTO ( "ID", "NOTA", "TIPO_VOTO", "RESTAURANTE_ID" ) VALUES(2463,3,'SABOR',3);
INSERT INTO RANKING_VOTOS ( "RANKING", "VOTOS" ) VALUES(99,2463);
INSERT INTO VOTO ( "ID", "NOTA", "TIPO_VOTO", "RESTAURANTE_ID" ) VALUES(2464,3,'PRECO',3);
INSERT INTO RANKING_VOTOS ( "RANKING", "VOTOS" ) VALUES(99,2464);
INSERT INTO VOTO ( "ID", "NOTA", "TIPO_VOTO", "RESTAURANTE_ID" ) VALUES(2465,5,'LOCALIZACAO',3);
INSERT INTO RANKING_VOTOS ( "RANKING", "VOTOS" ) VALUES(99,2465);
INSERT INTO VOTO ( "ID", "NOTA", "TIPO_VOTO", "RESTAURANTE_ID" ) VALUES(2466,2,'ATENDIMENTO',4);
INSERT INTO RANKING_VOTOS ( "RANKING", "VOTOS" ) VALUES(99,2466);
INSERT INTO VOTO ( "ID", "NOTA", "TIPO_VOTO", "RESTAURANTE_ID" ) VALUES(2467,5,'DEMORA',4);
INSERT INTO RANKING_VOTOS ( "RANKING", "VOTOS" ) VALUES(99,2467);
INSERT INTO VOTO ( "ID", "NOTA", "TIPO_VOTO", "RESTAURANTE_ID" ) VALUES(2468,5,'SABOR',4);
INSERT INTO RANKING_VOTOS ( "RANKING", "VOTOS" ) VALUES(99,2468);
INSERT INTO VOTO ( "ID", "NOTA", "TIPO_VOTO", "RESTAURANTE_ID" ) VALUES(2469,3,'PRECO',4);
INSERT INTO RANKING_VOTOS ( "RANKING", "VOTOS" ) VALUES(99,2469);
INSERT INTO VOTO ( "ID", "NOTA", "TIPO_VOTO", "RESTAURANTE_ID" ) VALUES(2470,5,'LOCALIZACAO',4);
INSERT INTO RANKING_VOTOS ( "RANKING", "VOTOS" ) VALUES(99,2470);
INSERT INTO VOTO ( "ID", "NOTA", "TIPO_VOTO", "RESTAURANTE_ID" ) VALUES(2471,1,'ATENDIMENTO',5);
INSERT INTO RANKING_VOTOS ( "RANKING", "VOTOS" ) VALUES(99,2471);
INSERT INTO VOTO ( "ID", "NOTA", "TIPO_VOTO", "RESTAURANTE_ID" ) VALUES(2472,1,'DEMORA',5);
INSERT INTO RANKING_VOTOS ( "RANKING", "VOTOS" ) VALUES(99,2472);
INSERT INTO VOTO ( "ID", "NOTA", "TIPO_VOTO", "RESTAURANTE_ID" ) VALUES(2473,3,'SABOR',5);
INSERT INTO RANKING_VOTOS ( "RANKING", "VOTOS" ) VALUES(99,2473);
INSERT INTO VOTO ( "ID", "NOTA", "TIPO_VOTO", "RESTAURANTE_ID" ) VALUES(2474,5,'PRECO',5);
INSERT INTO RANKING_VOTOS ( "RANKING", "VOTOS" ) VALUES(99,2474);
INSERT INTO VOTO ( "ID", "NOTA", "TIPO_VOTO", "RESTAURANTE_ID" ) VALUES(2475,4,'LOCALIZACAO',5);
INSERT INTO RANKING_VOTOS ( "RANKING", "VOTOS" ) VALUES(99,2475);