INSERT INTO PESSOA ( "ID", "NOME" ) VALUES(1, 'Leif Bode');
INSERT INTO USUARIO ( "ID", "PESSOA_ID" ) VALUES('mishandles@email.com',1);
INSERT INTO RANKING ( "ID", "USUARIO_ID" ) VALUES (1,'mishandles@email.com');
INSERT INTO VOTO ( "ID", "NOTA", "TIPO_VOTO", "RESTAURANTE_ID" ) VALUES(1,5,'ATENDIMENTO',1);
INSERT INTO RANKING_VOTOS ( "RANKING", "VOTOS" ) VALUES(1,1);
INSERT INTO VOTO ( "ID", "NOTA", "TIPO_VOTO", "RESTAURANTE_ID" ) VALUES(2,3,'DEMORA',1);
INSERT INTO RANKING_VOTOS ( "RANKING", "VOTOS" ) VALUES(1,2);
INSERT INTO VOTO ( "ID", "NOTA", "TIPO_VOTO", "RESTAURANTE_ID" ) VALUES(3,4,'SABOR',1);
INSERT INTO RANKING_VOTOS ( "RANKING", "VOTOS" ) VALUES(1,3);
INSERT INTO VOTO ( "ID", "NOTA", "TIPO_VOTO", "RESTAURANTE_ID" ) VALUES(4,2,'PRECO',1);
INSERT INTO RANKING_VOTOS ( "RANKING", "VOTOS" ) VALUES(1,4);
INSERT INTO VOTO ( "ID", "NOTA", "TIPO_VOTO", "RESTAURANTE_ID" ) VALUES(5,2,'LOCALIZACAO',1);
INSERT INTO RANKING_VOTOS ( "RANKING", "VOTOS" ) VALUES(1,5);
INSERT INTO VOTO ( "ID", "NOTA", "TIPO_VOTO", "RESTAURANTE_ID" ) VALUES(6,5,'ATENDIMENTO',2);
INSERT INTO RANKING_VOTOS ( "RANKING", "VOTOS" ) VALUES(1,6);
INSERT INTO VOTO ( "ID", "NOTA", "TIPO_VOTO", "RESTAURANTE_ID" ) VALUES(7,2,'DEMORA',2);
INSERT INTO RANKING_VOTOS ( "RANKING", "VOTOS" ) VALUES(1,7);
INSERT INTO VOTO ( "ID", "NOTA", "TIPO_VOTO", "RESTAURANTE_ID" ) VALUES(8,1,'SABOR',2);
INSERT INTO RANKING_VOTOS ( "RANKING", "VOTOS" ) VALUES(1,8);
INSERT INTO VOTO ( "ID", "NOTA", "TIPO_VOTO", "RESTAURANTE_ID" ) VALUES(9,5,'PRECO',2);
INSERT INTO RANKING_VOTOS ( "RANKING", "VOTOS" ) VALUES(1,9);
INSERT INTO VOTO ( "ID", "NOTA", "TIPO_VOTO", "RESTAURANTE_ID" ) VALUES(10,1,'LOCALIZACAO',2);
INSERT INTO RANKING_VOTOS ( "RANKING", "VOTOS" ) VALUES(1,10);
INSERT INTO VOTO ( "ID", "NOTA", "TIPO_VOTO", "RESTAURANTE_ID" ) VALUES(11,5,'ATENDIMENTO',3);
INSERT INTO RANKING_VOTOS ( "RANKING", "VOTOS" ) VALUES(1,11);
INSERT INTO VOTO ( "ID", "NOTA", "TIPO_VOTO", "RESTAURANTE_ID" ) VALUES(12,5,'DEMORA',3);
INSERT INTO RANKING_VOTOS ( "RANKING", "VOTOS" ) VALUES(1,12);
INSERT INTO VOTO ( "ID", "NOTA", "TIPO_VOTO", "RESTAURANTE_ID" ) VALUES(13,3,'SABOR',3);
INSERT INTO RANKING_VOTOS ( "RANKING", "VOTOS" ) VALUES(1,13);
INSERT INTO VOTO ( "ID", "NOTA", "TIPO_VOTO", "RESTAURANTE_ID" ) VALUES(14,5,'PRECO',3);
INSERT INTO RANKING_VOTOS ( "RANKING", "VOTOS" ) VALUES(1,14);
INSERT INTO VOTO ( "ID", "NOTA", "TIPO_VOTO", "RESTAURANTE_ID" ) VALUES(15,2,'LOCALIZACAO',3);
INSERT INTO RANKING_VOTOS ( "RANKING", "VOTOS" ) VALUES(1,15);
INSERT INTO VOTO ( "ID", "NOTA", "TIPO_VOTO", "RESTAURANTE_ID" ) VALUES(16,1,'ATENDIMENTO',4);
INSERT INTO RANKING_VOTOS ( "RANKING", "VOTOS" ) VALUES(1,16);
INSERT INTO VOTO ( "ID", "NOTA", "TIPO_VOTO", "RESTAURANTE_ID" ) VALUES(17,3,'DEMORA',4);
INSERT INTO RANKING_VOTOS ( "RANKING", "VOTOS" ) VALUES(1,17);
INSERT INTO VOTO ( "ID", "NOTA", "TIPO_VOTO", "RESTAURANTE_ID" ) VALUES(18,3,'SABOR',4);
INSERT INTO RANKING_VOTOS ( "RANKING", "VOTOS" ) VALUES(1,18);
INSERT INTO VOTO ( "ID", "NOTA", "TIPO_VOTO", "RESTAURANTE_ID" ) VALUES(19,4,'PRECO',4);
INSERT INTO RANKING_VOTOS ( "RANKING", "VOTOS" ) VALUES(1,19);
INSERT INTO VOTO ( "ID", "NOTA", "TIPO_VOTO", "RESTAURANTE_ID" ) VALUES(20,4,'LOCALIZACAO',4);
INSERT INTO RANKING_VOTOS ( "RANKING", "VOTOS" ) VALUES(1,20);
INSERT INTO VOTO ( "ID", "NOTA", "TIPO_VOTO", "RESTAURANTE_ID" ) VALUES(21,2,'ATENDIMENTO',5);
INSERT INTO RANKING_VOTOS ( "RANKING", "VOTOS" ) VALUES(1,21);
INSERT INTO VOTO ( "ID", "NOTA", "TIPO_VOTO", "RESTAURANTE_ID" ) VALUES(22,5,'DEMORA',5);
INSERT INTO RANKING_VOTOS ( "RANKING", "VOTOS" ) VALUES(1,22);
INSERT INTO VOTO ( "ID", "NOTA", "TIPO_VOTO", "RESTAURANTE_ID" ) VALUES(23,1,'SABOR',5);
INSERT INTO RANKING_VOTOS ( "RANKING", "VOTOS" ) VALUES(1,23);
INSERT INTO VOTO ( "ID", "NOTA", "TIPO_VOTO", "RESTAURANTE_ID" ) VALUES(24,3,'PRECO',5);
INSERT INTO RANKING_VOTOS ( "RANKING", "VOTOS" ) VALUES(1,24);
INSERT INTO VOTO ( "ID", "NOTA", "TIPO_VOTO", "RESTAURANTE_ID" ) VALUES(25,5,'LOCALIZACAO',5);
INSERT INTO RANKING_VOTOS ( "RANKING", "VOTOS" ) VALUES(1,25);
INSERT INTO PESSOA ( "ID", "NOME" ) VALUES(2, 'Lala Cole');
INSERT INTO USUARIO ( "ID", "PESSOA_ID" ) VALUES('hematology@email.com',2);
INSERT INTO RANKING ( "ID", "USUARIO_ID" ) VALUES (2,'hematology@email.com');
INSERT INTO VOTO ( "ID", "NOTA", "TIPO_VOTO", "RESTAURANTE_ID" ) VALUES(26,2,'ATENDIMENTO',1);
INSERT INTO RANKING_VOTOS ( "RANKING", "VOTOS" ) VALUES(2,26);
INSERT INTO VOTO ( "ID", "NOTA", "TIPO_VOTO", "RESTAURANTE_ID" ) VALUES(27,1,'DEMORA',1);
INSERT INTO RANKING_VOTOS ( "RANKING", "VOTOS" ) VALUES(2,27);
INSERT INTO VOTO ( "ID", "NOTA", "TIPO_VOTO", "RESTAURANTE_ID" ) VALUES(28,3,'SABOR',1);
INSERT INTO RANKING_VOTOS ( "RANKING", "VOTOS" ) VALUES(2,28);
INSERT INTO VOTO ( "ID", "NOTA", "TIPO_VOTO", "RESTAURANTE_ID" ) VALUES(29,4,'PRECO',1);
INSERT INTO RANKING_VOTOS ( "RANKING", "VOTOS" ) VALUES(2,29);
INSERT INTO VOTO ( "ID", "NOTA", "TIPO_VOTO", "RESTAURANTE_ID" ) VALUES(30,4,'LOCALIZACAO',1);
INSERT INTO RANKING_VOTOS ( "RANKING", "VOTOS" ) VALUES(2,30);
INSERT INTO VOTO ( "ID", "NOTA", "TIPO_VOTO", "RESTAURANTE_ID" ) VALUES(31,2,'ATENDIMENTO',2);
INSERT INTO RANKING_VOTOS ( "RANKING", "VOTOS" ) VALUES(2,31);
INSERT INTO VOTO ( "ID", "NOTA", "TIPO_VOTO", "RESTAURANTE_ID" ) VALUES(32,5,'DEMORA',2);
INSERT INTO RANKING_VOTOS ( "RANKING", "VOTOS" ) VALUES(2,32);
INSERT INTO VOTO ( "ID", "NOTA", "TIPO_VOTO", "RESTAURANTE_ID" ) VALUES(33,1,'SABOR',2);
INSERT INTO RANKING_VOTOS ( "RANKING", "VOTOS" ) VALUES(2,33);
INSERT INTO VOTO ( "ID", "NOTA", "TIPO_VOTO", "RESTAURANTE_ID" ) VALUES(34,1,'PRECO',2);
INSERT INTO RANKING_VOTOS ( "RANKING", "VOTOS" ) VALUES(2,34);
INSERT INTO VOTO ( "ID", "NOTA", "TIPO_VOTO", "RESTAURANTE_ID" ) VALUES(35,3,'LOCALIZACAO',2);
INSERT INTO RANKING_VOTOS ( "RANKING", "VOTOS" ) VALUES(2,35);
INSERT INTO VOTO ( "ID", "NOTA", "TIPO_VOTO", "RESTAURANTE_ID" ) VALUES(36,4,'ATENDIMENTO',3);
INSERT INTO RANKING_VOTOS ( "RANKING", "VOTOS" ) VALUES(2,36);
INSERT INTO VOTO ( "ID", "NOTA", "TIPO_VOTO", "RESTAURANTE_ID" ) VALUES(37,4,'DEMORA',3);
INSERT INTO RANKING_VOTOS ( "RANKING", "VOTOS" ) VALUES(2,37);
INSERT INTO VOTO ( "ID", "NOTA", "TIPO_VOTO", "RESTAURANTE_ID" ) VALUES(38,1,'SABOR',3);
INSERT INTO RANKING_VOTOS ( "RANKING", "VOTOS" ) VALUES(2,38);
INSERT INTO VOTO ( "ID", "NOTA", "TIPO_VOTO", "RESTAURANTE_ID" ) VALUES(39,4,'PRECO',3);
INSERT INTO RANKING_VOTOS ( "RANKING", "VOTOS" ) VALUES(2,39);
INSERT INTO VOTO ( "ID", "NOTA", "TIPO_VOTO", "RESTAURANTE_ID" ) VALUES(40,1,'LOCALIZACAO',3);
INSERT INTO RANKING_VOTOS ( "RANKING", "VOTOS" ) VALUES(2,40);
INSERT INTO VOTO ( "ID", "NOTA", "TIPO_VOTO", "RESTAURANTE_ID" ) VALUES(41,1,'ATENDIMENTO',4);
INSERT INTO RANKING_VOTOS ( "RANKING", "VOTOS" ) VALUES(2,41);
INSERT INTO VOTO ( "ID", "NOTA", "TIPO_VOTO", "RESTAURANTE_ID" ) VALUES(42,1,'DEMORA',4);
INSERT INTO RANKING_VOTOS ( "RANKING", "VOTOS" ) VALUES(2,42);
INSERT INTO VOTO ( "ID", "NOTA", "TIPO_VOTO", "RESTAURANTE_ID" ) VALUES(43,3,'SABOR',4);
INSERT INTO RANKING_VOTOS ( "RANKING", "VOTOS" ) VALUES(2,43);
INSERT INTO VOTO ( "ID", "NOTA", "TIPO_VOTO", "RESTAURANTE_ID" ) VALUES(44,2,'PRECO',4);
INSERT INTO RANKING_VOTOS ( "RANKING", "VOTOS" ) VALUES(2,44);
INSERT INTO VOTO ( "ID", "NOTA", "TIPO_VOTO", "RESTAURANTE_ID" ) VALUES(45,4,'LOCALIZACAO',4);
INSERT INTO RANKING_VOTOS ( "RANKING", "VOTOS" ) VALUES(2,45);
INSERT INTO VOTO ( "ID", "NOTA", "TIPO_VOTO", "RESTAURANTE_ID" ) VALUES(46,4,'ATENDIMENTO',5);
INSERT INTO RANKING_VOTOS ( "RANKING", "VOTOS" ) VALUES(2,46);
INSERT INTO VOTO ( "ID", "NOTA", "TIPO_VOTO", "RESTAURANTE_ID" ) VALUES(47,4,'DEMORA',5);
INSERT INTO RANKING_VOTOS ( "RANKING", "VOTOS" ) VALUES(2,47);
INSERT INTO VOTO ( "ID", "NOTA", "TIPO_VOTO", "RESTAURANTE_ID" ) VALUES(48,4,'SABOR',5);
INSERT INTO RANKING_VOTOS ( "RANKING", "VOTOS" ) VALUES(2,48);
INSERT INTO VOTO ( "ID", "NOTA", "TIPO_VOTO", "RESTAURANTE_ID" ) VALUES(49,5,'PRECO',5);
INSERT INTO RANKING_VOTOS ( "RANKING", "VOTOS" ) VALUES(2,49);
INSERT INTO VOTO ( "ID", "NOTA", "TIPO_VOTO", "RESTAURANTE_ID" ) VALUES(50,3,'LOCALIZACAO',5);
INSERT INTO RANKING_VOTOS ( "RANKING", "VOTOS" ) VALUES(2,50);
INSERT INTO PESSOA ( "ID", "NOME" ) VALUES(3, 'Hugo Bode');
INSERT INTO USUARIO ( "ID", "PESSOA_ID" ) VALUES('clownishly@email.com',3);
INSERT INTO RANKING ( "ID", "USUARIO_ID" ) VALUES (3,'clownishly@email.com');
INSERT INTO VOTO ( "ID", "NOTA", "TIPO_VOTO", "RESTAURANTE_ID" ) VALUES(51,5,'ATENDIMENTO',1);
INSERT INTO RANKING_VOTOS ( "RANKING", "VOTOS" ) VALUES(3,51);
INSERT INTO VOTO ( "ID", "NOTA", "TIPO_VOTO", "RESTAURANTE_ID" ) VALUES(52,2,'DEMORA',1);
INSERT INTO RANKING_VOTOS ( "RANKING", "VOTOS" ) VALUES(3,52);
INSERT INTO VOTO ( "ID", "NOTA", "TIPO_VOTO", "RESTAURANTE_ID" ) VALUES(53,3,'SABOR',1);
INSERT INTO RANKING_VOTOS ( "RANKING", "VOTOS" ) VALUES(3,53);
INSERT INTO VOTO ( "ID", "NOTA", "TIPO_VOTO", "RESTAURANTE_ID" ) VALUES(54,3,'PRECO',1);
INSERT INTO RANKING_VOTOS ( "RANKING", "VOTOS" ) VALUES(3,54);
INSERT INTO VOTO ( "ID", "NOTA", "TIPO_VOTO", "RESTAURANTE_ID" ) VALUES(55,5,'LOCALIZACAO',1);
INSERT INTO RANKING_VOTOS ( "RANKING", "VOTOS" ) VALUES(3,55);
INSERT INTO VOTO ( "ID", "NOTA", "TIPO_VOTO", "RESTAURANTE_ID" ) VALUES(56,2,'ATENDIMENTO',2);
INSERT INTO RANKING_VOTOS ( "RANKING", "VOTOS" ) VALUES(3,56);
INSERT INTO VOTO ( "ID", "NOTA", "TIPO_VOTO", "RESTAURANTE_ID" ) VALUES(57,2,'DEMORA',2);
INSERT INTO RANKING_VOTOS ( "RANKING", "VOTOS" ) VALUES(3,57);
INSERT INTO VOTO ( "ID", "NOTA", "TIPO_VOTO", "RESTAURANTE_ID" ) VALUES(58,2,'SABOR',2);
INSERT INTO RANKING_VOTOS ( "RANKING", "VOTOS" ) VALUES(3,58);
INSERT INTO VOTO ( "ID", "NOTA", "TIPO_VOTO", "RESTAURANTE_ID" ) VALUES(59,4,'PRECO',2);
INSERT INTO RANKING_VOTOS ( "RANKING", "VOTOS" ) VALUES(3,59);
INSERT INTO VOTO ( "ID", "NOTA", "TIPO_VOTO", "RESTAURANTE_ID" ) VALUES(60,5,'LOCALIZACAO',2);
INSERT INTO RANKING_VOTOS ( "RANKING", "VOTOS" ) VALUES(3,60);
INSERT INTO VOTO ( "ID", "NOTA", "TIPO_VOTO", "RESTAURANTE_ID" ) VALUES(61,4,'ATENDIMENTO',3);
INSERT INTO RANKING_VOTOS ( "RANKING", "VOTOS" ) VALUES(3,61);
INSERT INTO VOTO ( "ID", "NOTA", "TIPO_VOTO", "RESTAURANTE_ID" ) VALUES(62,1,'DEMORA',3);
INSERT INTO RANKING_VOTOS ( "RANKING", "VOTOS" ) VALUES(3,62);
INSERT INTO VOTO ( "ID", "NOTA", "TIPO_VOTO", "RESTAURANTE_ID" ) VALUES(63,2,'SABOR',3);
INSERT INTO RANKING_VOTOS ( "RANKING", "VOTOS" ) VALUES(3,63);
INSERT INTO VOTO ( "ID", "NOTA", "TIPO_VOTO", "RESTAURANTE_ID" ) VALUES(64,1,'PRECO',3);
INSERT INTO RANKING_VOTOS ( "RANKING", "VOTOS" ) VALUES(3,64);
INSERT INTO VOTO ( "ID", "NOTA", "TIPO_VOTO", "RESTAURANTE_ID" ) VALUES(65,5,'LOCALIZACAO',3);
INSERT INTO RANKING_VOTOS ( "RANKING", "VOTOS" ) VALUES(3,65);
INSERT INTO VOTO ( "ID", "NOTA", "TIPO_VOTO", "RESTAURANTE_ID" ) VALUES(66,1,'ATENDIMENTO',4);
INSERT INTO RANKING_VOTOS ( "RANKING", "VOTOS" ) VALUES(3,66);
INSERT INTO VOTO ( "ID", "NOTA", "TIPO_VOTO", "RESTAURANTE_ID" ) VALUES(67,4,'DEMORA',4);
INSERT INTO RANKING_VOTOS ( "RANKING", "VOTOS" ) VALUES(3,67);
INSERT INTO VOTO ( "ID", "NOTA", "TIPO_VOTO", "RESTAURANTE_ID" ) VALUES(68,2,'SABOR',4);
INSERT INTO RANKING_VOTOS ( "RANKING", "VOTOS" ) VALUES(3,68);
INSERT INTO VOTO ( "ID", "NOTA", "TIPO_VOTO", "RESTAURANTE_ID" ) VALUES(69,3,'PRECO',4);
INSERT INTO RANKING_VOTOS ( "RANKING", "VOTOS" ) VALUES(3,69);
INSERT INTO VOTO ( "ID", "NOTA", "TIPO_VOTO", "RESTAURANTE_ID" ) VALUES(70,2,'LOCALIZACAO',4);
INSERT INTO RANKING_VOTOS ( "RANKING", "VOTOS" ) VALUES(3,70);
INSERT INTO VOTO ( "ID", "NOTA", "TIPO_VOTO", "RESTAURANTE_ID" ) VALUES(71,3,'ATENDIMENTO',5);
INSERT INTO RANKING_VOTOS ( "RANKING", "VOTOS" ) VALUES(3,71);
INSERT INTO VOTO ( "ID", "NOTA", "TIPO_VOTO", "RESTAURANTE_ID" ) VALUES(72,2,'DEMORA',5);
INSERT INTO RANKING_VOTOS ( "RANKING", "VOTOS" ) VALUES(3,72);
INSERT INTO VOTO ( "ID", "NOTA", "TIPO_VOTO", "RESTAURANTE_ID" ) VALUES(73,4,'SABOR',5);
INSERT INTO RANKING_VOTOS ( "RANKING", "VOTOS" ) VALUES(3,73);
INSERT INTO VOTO ( "ID", "NOTA", "TIPO_VOTO", "RESTAURANTE_ID" ) VALUES(74,5,'PRECO',5);
INSERT INTO RANKING_VOTOS ( "RANKING", "VOTOS" ) VALUES(3,74);
INSERT INTO VOTO ( "ID", "NOTA", "TIPO_VOTO", "RESTAURANTE_ID" ) VALUES(75,1,'LOCALIZACAO',5);
INSERT INTO RANKING_VOTOS ( "RANKING", "VOTOS" ) VALUES(3,75);
INSERT INTO PESSOA ( "ID", "NOME" ) VALUES(4, 'Eddy Howe');
INSERT INTO USUARIO ( "ID", "PESSOA_ID" ) VALUES('rewardable@email.com',4);
INSERT INTO RANKING ( "ID", "USUARIO_ID" ) VALUES (4,'rewardable@email.com');
INSERT INTO VOTO ( "ID", "NOTA", "TIPO_VOTO", "RESTAURANTE_ID" ) VALUES(76,4,'ATENDIMENTO',1);
INSERT INTO RANKING_VOTOS ( "RANKING", "VOTOS" ) VALUES(4,76);
INSERT INTO VOTO ( "ID", "NOTA", "TIPO_VOTO", "RESTAURANTE_ID" ) VALUES(77,2,'DEMORA',1);
INSERT INTO RANKING_VOTOS ( "RANKING", "VOTOS" ) VALUES(4,77);
INSERT INTO VOTO ( "ID", "NOTA", "TIPO_VOTO", "RESTAURANTE_ID" ) VALUES(78,2,'SABOR',1);
INSERT INTO RANKING_VOTOS ( "RANKING", "VOTOS" ) VALUES(4,78);
INSERT INTO VOTO ( "ID", "NOTA", "TIPO_VOTO", "RESTAURANTE_ID" ) VALUES(79,4,'PRECO',1);
INSERT INTO RANKING_VOTOS ( "RANKING", "VOTOS" ) VALUES(4,79);
INSERT INTO VOTO ( "ID", "NOTA", "TIPO_VOTO", "RESTAURANTE_ID" ) VALUES(80,3,'LOCALIZACAO',1);
INSERT INTO RANKING_VOTOS ( "RANKING", "VOTOS" ) VALUES(4,80);
INSERT INTO VOTO ( "ID", "NOTA", "TIPO_VOTO", "RESTAURANTE_ID" ) VALUES(81,3,'ATENDIMENTO',2);
INSERT INTO RANKING_VOTOS ( "RANKING", "VOTOS" ) VALUES(4,81);
INSERT INTO VOTO ( "ID", "NOTA", "TIPO_VOTO", "RESTAURANTE_ID" ) VALUES(82,4,'DEMORA',2);
INSERT INTO RANKING_VOTOS ( "RANKING", "VOTOS" ) VALUES(4,82);
INSERT INTO VOTO ( "ID", "NOTA", "TIPO_VOTO", "RESTAURANTE_ID" ) VALUES(83,4,'SABOR',2);
INSERT INTO RANKING_VOTOS ( "RANKING", "VOTOS" ) VALUES(4,83);
INSERT INTO VOTO ( "ID", "NOTA", "TIPO_VOTO", "RESTAURANTE_ID" ) VALUES(84,4,'PRECO',2);
INSERT INTO RANKING_VOTOS ( "RANKING", "VOTOS" ) VALUES(4,84);
INSERT INTO VOTO ( "ID", "NOTA", "TIPO_VOTO", "RESTAURANTE_ID" ) VALUES(85,3,'LOCALIZACAO',2);
INSERT INTO RANKING_VOTOS ( "RANKING", "VOTOS" ) VALUES(4,85);
INSERT INTO VOTO ( "ID", "NOTA", "TIPO_VOTO", "RESTAURANTE_ID" ) VALUES(86,5,'ATENDIMENTO',3);
INSERT INTO RANKING_VOTOS ( "RANKING", "VOTOS" ) VALUES(4,86);
INSERT INTO VOTO ( "ID", "NOTA", "TIPO_VOTO", "RESTAURANTE_ID" ) VALUES(87,5,'DEMORA',3);
INSERT INTO RANKING_VOTOS ( "RANKING", "VOTOS" ) VALUES(4,87);
INSERT INTO VOTO ( "ID", "NOTA", "TIPO_VOTO", "RESTAURANTE_ID" ) VALUES(88,4,'SABOR',3);
INSERT INTO RANKING_VOTOS ( "RANKING", "VOTOS" ) VALUES(4,88);
INSERT INTO VOTO ( "ID", "NOTA", "TIPO_VOTO", "RESTAURANTE_ID" ) VALUES(89,5,'PRECO',3);
INSERT INTO RANKING_VOTOS ( "RANKING", "VOTOS" ) VALUES(4,89);
INSERT INTO VOTO ( "ID", "NOTA", "TIPO_VOTO", "RESTAURANTE_ID" ) VALUES(90,5,'LOCALIZACAO',3);
INSERT INTO RANKING_VOTOS ( "RANKING", "VOTOS" ) VALUES(4,90);
INSERT INTO VOTO ( "ID", "NOTA", "TIPO_VOTO", "RESTAURANTE_ID" ) VALUES(91,3,'ATENDIMENTO',4);
INSERT INTO RANKING_VOTOS ( "RANKING", "VOTOS" ) VALUES(4,91);
INSERT INTO VOTO ( "ID", "NOTA", "TIPO_VOTO", "RESTAURANTE_ID" ) VALUES(92,5,'DEMORA',4);
INSERT INTO RANKING_VOTOS ( "RANKING", "VOTOS" ) VALUES(4,92);
INSERT INTO VOTO ( "ID", "NOTA", "TIPO_VOTO", "RESTAURANTE_ID" ) VALUES(93,1,'SABOR',4);
INSERT INTO RANKING_VOTOS ( "RANKING", "VOTOS" ) VALUES(4,93);
INSERT INTO VOTO ( "ID", "NOTA", "TIPO_VOTO", "RESTAURANTE_ID" ) VALUES(94,4,'PRECO',4);
INSERT INTO RANKING_VOTOS ( "RANKING", "VOTOS" ) VALUES(4,94);
INSERT INTO VOTO ( "ID", "NOTA", "TIPO_VOTO", "RESTAURANTE_ID" ) VALUES(95,4,'LOCALIZACAO',4);
INSERT INTO RANKING_VOTOS ( "RANKING", "VOTOS" ) VALUES(4,95);
INSERT INTO VOTO ( "ID", "NOTA", "TIPO_VOTO", "RESTAURANTE_ID" ) VALUES(96,3,'ATENDIMENTO',5);
INSERT INTO RANKING_VOTOS ( "RANKING", "VOTOS" ) VALUES(4,96);
INSERT INTO VOTO ( "ID", "NOTA", "TIPO_VOTO", "RESTAURANTE_ID" ) VALUES(97,2,'DEMORA',5);
INSERT INTO RANKING_VOTOS ( "RANKING", "VOTOS" ) VALUES(4,97);
INSERT INTO VOTO ( "ID", "NOTA", "TIPO_VOTO", "RESTAURANTE_ID" ) VALUES(98,3,'SABOR',5);
INSERT INTO RANKING_VOTOS ( "RANKING", "VOTOS" ) VALUES(4,98);
INSERT INTO VOTO ( "ID", "NOTA", "TIPO_VOTO", "RESTAURANTE_ID" ) VALUES(99,1,'PRECO',5);
INSERT INTO RANKING_VOTOS ( "RANKING", "VOTOS" ) VALUES(4,99);
INSERT INTO VOTO ( "ID", "NOTA", "TIPO_VOTO", "RESTAURANTE_ID" ) VALUES(100,1,'LOCALIZACAO',5);
INSERT INTO RANKING_VOTOS ( "RANKING", "VOTOS" ) VALUES(4,100);
INSERT INTO PESSOA ( "ID", "NOME" ) VALUES(5, 'Jone Koch');
INSERT INTO USUARIO ( "ID", "PESSOA_ID" ) VALUES('methanolic@email.com',5);
INSERT INTO RANKING ( "ID", "USUARIO_ID" ) VALUES (5,'methanolic@email.com');
INSERT INTO VOTO ( "ID", "NOTA", "TIPO_VOTO", "RESTAURANTE_ID" ) VALUES(101,5,'ATENDIMENTO',1);
INSERT INTO RANKING_VOTOS ( "RANKING", "VOTOS" ) VALUES(5,101);
INSERT INTO VOTO ( "ID", "NOTA", "TIPO_VOTO", "RESTAURANTE_ID" ) VALUES(102,5,'DEMORA',1);
INSERT INTO RANKING_VOTOS ( "RANKING", "VOTOS" ) VALUES(5,102);
INSERT INTO VOTO ( "ID", "NOTA", "TIPO_VOTO", "RESTAURANTE_ID" ) VALUES(103,4,'SABOR',1);
INSERT INTO RANKING_VOTOS ( "RANKING", "VOTOS" ) VALUES(5,103);
INSERT INTO VOTO ( "ID", "NOTA", "TIPO_VOTO", "RESTAURANTE_ID" ) VALUES(104,1,'PRECO',1);
INSERT INTO RANKING_VOTOS ( "RANKING", "VOTOS" ) VALUES(5,104);
INSERT INTO VOTO ( "ID", "NOTA", "TIPO_VOTO", "RESTAURANTE_ID" ) VALUES(105,1,'LOCALIZACAO',1);
INSERT INTO RANKING_VOTOS ( "RANKING", "VOTOS" ) VALUES(5,105);
INSERT INTO VOTO ( "ID", "NOTA", "TIPO_VOTO", "RESTAURANTE_ID" ) VALUES(106,3,'ATENDIMENTO',2);
INSERT INTO RANKING_VOTOS ( "RANKING", "VOTOS" ) VALUES(5,106);
INSERT INTO VOTO ( "ID", "NOTA", "TIPO_VOTO", "RESTAURANTE_ID" ) VALUES(107,1,'DEMORA',2);
INSERT INTO RANKING_VOTOS ( "RANKING", "VOTOS" ) VALUES(5,107);
INSERT INTO VOTO ( "ID", "NOTA", "TIPO_VOTO", "RESTAURANTE_ID" ) VALUES(108,1,'SABOR',2);
INSERT INTO RANKING_VOTOS ( "RANKING", "VOTOS" ) VALUES(5,108);
INSERT INTO VOTO ( "ID", "NOTA", "TIPO_VOTO", "RESTAURANTE_ID" ) VALUES(109,5,'PRECO',2);
INSERT INTO RANKING_VOTOS ( "RANKING", "VOTOS" ) VALUES(5,109);
INSERT INTO VOTO ( "ID", "NOTA", "TIPO_VOTO", "RESTAURANTE_ID" ) VALUES(110,3,'LOCALIZACAO',2);
INSERT INTO RANKING_VOTOS ( "RANKING", "VOTOS" ) VALUES(5,110);
INSERT INTO VOTO ( "ID", "NOTA", "TIPO_VOTO", "RESTAURANTE_ID" ) VALUES(111,5,'ATENDIMENTO',3);
INSERT INTO RANKING_VOTOS ( "RANKING", "VOTOS" ) VALUES(5,111);
INSERT INTO VOTO ( "ID", "NOTA", "TIPO_VOTO", "RESTAURANTE_ID" ) VALUES(112,2,'DEMORA',3);
INSERT INTO RANKING_VOTOS ( "RANKING", "VOTOS" ) VALUES(5,112);
INSERT INTO VOTO ( "ID", "NOTA", "TIPO_VOTO", "RESTAURANTE_ID" ) VALUES(113,2,'SABOR',3);
INSERT INTO RANKING_VOTOS ( "RANKING", "VOTOS" ) VALUES(5,113);
INSERT INTO VOTO ( "ID", "NOTA", "TIPO_VOTO", "RESTAURANTE_ID" ) VALUES(114,4,'PRECO',3);
INSERT INTO RANKING_VOTOS ( "RANKING", "VOTOS" ) VALUES(5,114);
INSERT INTO VOTO ( "ID", "NOTA", "TIPO_VOTO", "RESTAURANTE_ID" ) VALUES(115,4,'LOCALIZACAO',3);
INSERT INTO RANKING_VOTOS ( "RANKING", "VOTOS" ) VALUES(5,115);
INSERT INTO VOTO ( "ID", "NOTA", "TIPO_VOTO", "RESTAURANTE_ID" ) VALUES(116,5,'ATENDIMENTO',4);
INSERT INTO RANKING_VOTOS ( "RANKING", "VOTOS" ) VALUES(5,116);
INSERT INTO VOTO ( "ID", "NOTA", "TIPO_VOTO", "RESTAURANTE_ID" ) VALUES(117,5,'DEMORA',4);
INSERT INTO RANKING_VOTOS ( "RANKING", "VOTOS" ) VALUES(5,117);
INSERT INTO VOTO ( "ID", "NOTA", "TIPO_VOTO", "RESTAURANTE_ID" ) VALUES(118,5,'SABOR',4);
INSERT INTO RANKING_VOTOS ( "RANKING", "VOTOS" ) VALUES(5,118);
INSERT INTO VOTO ( "ID", "NOTA", "TIPO_VOTO", "RESTAURANTE_ID" ) VALUES(119,4,'PRECO',4);
INSERT INTO RANKING_VOTOS ( "RANKING", "VOTOS" ) VALUES(5,119);
INSERT INTO VOTO ( "ID", "NOTA", "TIPO_VOTO", "RESTAURANTE_ID" ) VALUES(120,5,'LOCALIZACAO',4);
INSERT INTO RANKING_VOTOS ( "RANKING", "VOTOS" ) VALUES(5,120);
INSERT INTO VOTO ( "ID", "NOTA", "TIPO_VOTO", "RESTAURANTE_ID" ) VALUES(121,5,'ATENDIMENTO',5);
INSERT INTO RANKING_VOTOS ( "RANKING", "VOTOS" ) VALUES(5,121);
INSERT INTO VOTO ( "ID", "NOTA", "TIPO_VOTO", "RESTAURANTE_ID" ) VALUES(122,3,'DEMORA',5);
INSERT INTO RANKING_VOTOS ( "RANKING", "VOTOS" ) VALUES(5,122);
INSERT INTO VOTO ( "ID", "NOTA", "TIPO_VOTO", "RESTAURANTE_ID" ) VALUES(123,4,'SABOR',5);
INSERT INTO RANKING_VOTOS ( "RANKING", "VOTOS" ) VALUES(5,123);
INSERT INTO VOTO ( "ID", "NOTA", "TIPO_VOTO", "RESTAURANTE_ID" ) VALUES(124,2,'PRECO',5);
INSERT INTO RANKING_VOTOS ( "RANKING", "VOTOS" ) VALUES(5,124);
INSERT INTO VOTO ( "ID", "NOTA", "TIPO_VOTO", "RESTAURANTE_ID" ) VALUES(125,4,'LOCALIZACAO',5);
INSERT INTO RANKING_VOTOS ( "RANKING", "VOTOS" ) VALUES(5,125);
INSERT INTO PESSOA ( "ID", "NOME" ) VALUES(6, 'Lita Kris');
INSERT INTO USUARIO ( "ID", "PESSOA_ID" ) VALUES('affirmance@email.com',6);
INSERT INTO RANKING ( "ID", "USUARIO_ID" ) VALUES (6,'affirmance@email.com');
INSERT INTO VOTO ( "ID", "NOTA", "TIPO_VOTO", "RESTAURANTE_ID" ) VALUES(126,5,'ATENDIMENTO',1);
INSERT INTO RANKING_VOTOS ( "RANKING", "VOTOS" ) VALUES(6,126);
INSERT INTO VOTO ( "ID", "NOTA", "TIPO_VOTO", "RESTAURANTE_ID" ) VALUES(127,1,'DEMORA',1);
INSERT INTO RANKING_VOTOS ( "RANKING", "VOTOS" ) VALUES(6,127);
INSERT INTO VOTO ( "ID", "NOTA", "TIPO_VOTO", "RESTAURANTE_ID" ) VALUES(128,5,'SABOR',1);
INSERT INTO RANKING_VOTOS ( "RANKING", "VOTOS" ) VALUES(6,128);
INSERT INTO VOTO ( "ID", "NOTA", "TIPO_VOTO", "RESTAURANTE_ID" ) VALUES(129,4,'PRECO',1);
INSERT INTO RANKING_VOTOS ( "RANKING", "VOTOS" ) VALUES(6,129);
INSERT INTO VOTO ( "ID", "NOTA", "TIPO_VOTO", "RESTAURANTE_ID" ) VALUES(130,2,'LOCALIZACAO',1);
INSERT INTO RANKING_VOTOS ( "RANKING", "VOTOS" ) VALUES(6,130);
INSERT INTO VOTO ( "ID", "NOTA", "TIPO_VOTO", "RESTAURANTE_ID" ) VALUES(131,1,'ATENDIMENTO',2);
INSERT INTO RANKING_VOTOS ( "RANKING", "VOTOS" ) VALUES(6,131);
INSERT INTO VOTO ( "ID", "NOTA", "TIPO_VOTO", "RESTAURANTE_ID" ) VALUES(132,4,'DEMORA',2);
INSERT INTO RANKING_VOTOS ( "RANKING", "VOTOS" ) VALUES(6,132);
INSERT INTO VOTO ( "ID", "NOTA", "TIPO_VOTO", "RESTAURANTE_ID" ) VALUES(133,2,'SABOR',2);
INSERT INTO RANKING_VOTOS ( "RANKING", "VOTOS" ) VALUES(6,133);
INSERT INTO VOTO ( "ID", "NOTA", "TIPO_VOTO", "RESTAURANTE_ID" ) VALUES(134,4,'PRECO',2);
INSERT INTO RANKING_VOTOS ( "RANKING", "VOTOS" ) VALUES(6,134);
INSERT INTO VOTO ( "ID", "NOTA", "TIPO_VOTO", "RESTAURANTE_ID" ) VALUES(135,1,'LOCALIZACAO',2);
INSERT INTO RANKING_VOTOS ( "RANKING", "VOTOS" ) VALUES(6,135);
INSERT INTO VOTO ( "ID", "NOTA", "TIPO_VOTO", "RESTAURANTE_ID" ) VALUES(136,5,'ATENDIMENTO',3);
INSERT INTO RANKING_VOTOS ( "RANKING", "VOTOS" ) VALUES(6,136);
INSERT INTO VOTO ( "ID", "NOTA", "TIPO_VOTO", "RESTAURANTE_ID" ) VALUES(137,4,'DEMORA',3);
INSERT INTO RANKING_VOTOS ( "RANKING", "VOTOS" ) VALUES(6,137);
INSERT INTO VOTO ( "ID", "NOTA", "TIPO_VOTO", "RESTAURANTE_ID" ) VALUES(138,3,'SABOR',3);
INSERT INTO RANKING_VOTOS ( "RANKING", "VOTOS" ) VALUES(6,138);
INSERT INTO VOTO ( "ID", "NOTA", "TIPO_VOTO", "RESTAURANTE_ID" ) VALUES(139,2,'PRECO',3);
INSERT INTO RANKING_VOTOS ( "RANKING", "VOTOS" ) VALUES(6,139);
INSERT INTO VOTO ( "ID", "NOTA", "TIPO_VOTO", "RESTAURANTE_ID" ) VALUES(140,1,'LOCALIZACAO',3);
INSERT INTO RANKING_VOTOS ( "RANKING", "VOTOS" ) VALUES(6,140);
INSERT INTO VOTO ( "ID", "NOTA", "TIPO_VOTO", "RESTAURANTE_ID" ) VALUES(141,1,'ATENDIMENTO',4);
INSERT INTO RANKING_VOTOS ( "RANKING", "VOTOS" ) VALUES(6,141);
INSERT INTO VOTO ( "ID", "NOTA", "TIPO_VOTO", "RESTAURANTE_ID" ) VALUES(142,2,'DEMORA',4);
INSERT INTO RANKING_VOTOS ( "RANKING", "VOTOS" ) VALUES(6,142);
INSERT INTO VOTO ( "ID", "NOTA", "TIPO_VOTO", "RESTAURANTE_ID" ) VALUES(143,5,'SABOR',4);
INSERT INTO RANKING_VOTOS ( "RANKING", "VOTOS" ) VALUES(6,143);
INSERT INTO VOTO ( "ID", "NOTA", "TIPO_VOTO", "RESTAURANTE_ID" ) VALUES(144,2,'PRECO',4);
INSERT INTO RANKING_VOTOS ( "RANKING", "VOTOS" ) VALUES(6,144);
INSERT INTO VOTO ( "ID", "NOTA", "TIPO_VOTO", "RESTAURANTE_ID" ) VALUES(145,4,'LOCALIZACAO',4);
INSERT INTO RANKING_VOTOS ( "RANKING", "VOTOS" ) VALUES(6,145);
INSERT INTO VOTO ( "ID", "NOTA", "TIPO_VOTO", "RESTAURANTE_ID" ) VALUES(146,5,'ATENDIMENTO',5);
INSERT INTO RANKING_VOTOS ( "RANKING", "VOTOS" ) VALUES(6,146);
INSERT INTO VOTO ( "ID", "NOTA", "TIPO_VOTO", "RESTAURANTE_ID" ) VALUES(147,3,'DEMORA',5);
INSERT INTO RANKING_VOTOS ( "RANKING", "VOTOS" ) VALUES(6,147);
INSERT INTO VOTO ( "ID", "NOTA", "TIPO_VOTO", "RESTAURANTE_ID" ) VALUES(148,1,'SABOR',5);
INSERT INTO RANKING_VOTOS ( "RANKING", "VOTOS" ) VALUES(6,148);
INSERT INTO VOTO ( "ID", "NOTA", "TIPO_VOTO", "RESTAURANTE_ID" ) VALUES(149,2,'PRECO',5);
INSERT INTO RANKING_VOTOS ( "RANKING", "VOTOS" ) VALUES(6,149);
INSERT INTO VOTO ( "ID", "NOTA", "TIPO_VOTO", "RESTAURANTE_ID" ) VALUES(150,3,'LOCALIZACAO',5);
INSERT INTO RANKING_VOTOS ( "RANKING", "VOTOS" ) VALUES(6,150);
INSERT INTO PESSOA ( "ID", "NOME" ) VALUES(7, 'Lory Rowe');
INSERT INTO USUARIO ( "ID", "PESSOA_ID" ) VALUES('hypnagogic@email.com',7);
INSERT INTO RANKING ( "ID", "USUARIO_ID" ) VALUES (7,'hypnagogic@email.com');
INSERT INTO VOTO ( "ID", "NOTA", "TIPO_VOTO", "RESTAURANTE_ID" ) VALUES(151,1,'ATENDIMENTO',1);
INSERT INTO RANKING_VOTOS ( "RANKING", "VOTOS" ) VALUES(7,151);
INSERT INTO VOTO ( "ID", "NOTA", "TIPO_VOTO", "RESTAURANTE_ID" ) VALUES(152,2,'DEMORA',1);
INSERT INTO RANKING_VOTOS ( "RANKING", "VOTOS" ) VALUES(7,152);
INSERT INTO VOTO ( "ID", "NOTA", "TIPO_VOTO", "RESTAURANTE_ID" ) VALUES(153,4,'SABOR',1);
INSERT INTO RANKING_VOTOS ( "RANKING", "VOTOS" ) VALUES(7,153);
INSERT INTO VOTO ( "ID", "NOTA", "TIPO_VOTO", "RESTAURANTE_ID" ) VALUES(154,5,'PRECO',1);
INSERT INTO RANKING_VOTOS ( "RANKING", "VOTOS" ) VALUES(7,154);
INSERT INTO VOTO ( "ID", "NOTA", "TIPO_VOTO", "RESTAURANTE_ID" ) VALUES(155,1,'LOCALIZACAO',1);
INSERT INTO RANKING_VOTOS ( "RANKING", "VOTOS" ) VALUES(7,155);
INSERT INTO VOTO ( "ID", "NOTA", "TIPO_VOTO", "RESTAURANTE_ID" ) VALUES(156,4,'ATENDIMENTO',2);
INSERT INTO RANKING_VOTOS ( "RANKING", "VOTOS" ) VALUES(7,156);
INSERT INTO VOTO ( "ID", "NOTA", "TIPO_VOTO", "RESTAURANTE_ID" ) VALUES(157,3,'DEMORA',2);
INSERT INTO RANKING_VOTOS ( "RANKING", "VOTOS" ) VALUES(7,157);
INSERT INTO VOTO ( "ID", "NOTA", "TIPO_VOTO", "RESTAURANTE_ID" ) VALUES(158,5,'SABOR',2);
INSERT INTO RANKING_VOTOS ( "RANKING", "VOTOS" ) VALUES(7,158);
INSERT INTO VOTO ( "ID", "NOTA", "TIPO_VOTO", "RESTAURANTE_ID" ) VALUES(159,3,'PRECO',2);
INSERT INTO RANKING_VOTOS ( "RANKING", "VOTOS" ) VALUES(7,159);
INSERT INTO VOTO ( "ID", "NOTA", "TIPO_VOTO", "RESTAURANTE_ID" ) VALUES(160,4,'LOCALIZACAO',2);
INSERT INTO RANKING_VOTOS ( "RANKING", "VOTOS" ) VALUES(7,160);
INSERT INTO VOTO ( "ID", "NOTA", "TIPO_VOTO", "RESTAURANTE_ID" ) VALUES(161,5,'ATENDIMENTO',3);
INSERT INTO RANKING_VOTOS ( "RANKING", "VOTOS" ) VALUES(7,161);
INSERT INTO VOTO ( "ID", "NOTA", "TIPO_VOTO", "RESTAURANTE_ID" ) VALUES(162,1,'DEMORA',3);
INSERT INTO RANKING_VOTOS ( "RANKING", "VOTOS" ) VALUES(7,162);
INSERT INTO VOTO ( "ID", "NOTA", "TIPO_VOTO", "RESTAURANTE_ID" ) VALUES(163,1,'SABOR',3);
INSERT INTO RANKING_VOTOS ( "RANKING", "VOTOS" ) VALUES(7,163);
INSERT INTO VOTO ( "ID", "NOTA", "TIPO_VOTO", "RESTAURANTE_ID" ) VALUES(164,3,'PRECO',3);
INSERT INTO RANKING_VOTOS ( "RANKING", "VOTOS" ) VALUES(7,164);
INSERT INTO VOTO ( "ID", "NOTA", "TIPO_VOTO", "RESTAURANTE_ID" ) VALUES(165,4,'LOCALIZACAO',3);
INSERT INTO RANKING_VOTOS ( "RANKING", "VOTOS" ) VALUES(7,165);
INSERT INTO VOTO ( "ID", "NOTA", "TIPO_VOTO", "RESTAURANTE_ID" ) VALUES(166,4,'ATENDIMENTO',4);
INSERT INTO RANKING_VOTOS ( "RANKING", "VOTOS" ) VALUES(7,166);
INSERT INTO VOTO ( "ID", "NOTA", "TIPO_VOTO", "RESTAURANTE_ID" ) VALUES(167,2,'DEMORA',4);
INSERT INTO RANKING_VOTOS ( "RANKING", "VOTOS" ) VALUES(7,167);
INSERT INTO VOTO ( "ID", "NOTA", "TIPO_VOTO", "RESTAURANTE_ID" ) VALUES(168,5,'SABOR',4);
INSERT INTO RANKING_VOTOS ( "RANKING", "VOTOS" ) VALUES(7,168);
INSERT INTO VOTO ( "ID", "NOTA", "TIPO_VOTO", "RESTAURANTE_ID" ) VALUES(169,5,'PRECO',4);
INSERT INTO RANKING_VOTOS ( "RANKING", "VOTOS" ) VALUES(7,169);
INSERT INTO VOTO ( "ID", "NOTA", "TIPO_VOTO", "RESTAURANTE_ID" ) VALUES(170,1,'LOCALIZACAO',4);
INSERT INTO RANKING_VOTOS ( "RANKING", "VOTOS" ) VALUES(7,170);
INSERT INTO VOTO ( "ID", "NOTA", "TIPO_VOTO", "RESTAURANTE_ID" ) VALUES(171,2,'ATENDIMENTO',5);
INSERT INTO RANKING_VOTOS ( "RANKING", "VOTOS" ) VALUES(7,171);
INSERT INTO VOTO ( "ID", "NOTA", "TIPO_VOTO", "RESTAURANTE_ID" ) VALUES(172,2,'DEMORA',5);
INSERT INTO RANKING_VOTOS ( "RANKING", "VOTOS" ) VALUES(7,172);
INSERT INTO VOTO ( "ID", "NOTA", "TIPO_VOTO", "RESTAURANTE_ID" ) VALUES(173,1,'SABOR',5);
INSERT INTO RANKING_VOTOS ( "RANKING", "VOTOS" ) VALUES(7,173);
INSERT INTO VOTO ( "ID", "NOTA", "TIPO_VOTO", "RESTAURANTE_ID" ) VALUES(174,3,'PRECO',5);
INSERT INTO RANKING_VOTOS ( "RANKING", "VOTOS" ) VALUES(7,174);
INSERT INTO VOTO ( "ID", "NOTA", "TIPO_VOTO", "RESTAURANTE_ID" ) VALUES(175,1,'LOCALIZACAO',5);
INSERT INTO RANKING_VOTOS ( "RANKING", "VOTOS" ) VALUES(7,175);
INSERT INTO PESSOA ( "ID", "NOME" ) VALUES(8, 'Enda Ryan');
INSERT INTO USUARIO ( "ID", "PESSOA_ID" ) VALUES('talentless@email.com',8);
INSERT INTO RANKING ( "ID", "USUARIO_ID" ) VALUES (8,'talentless@email.com');
INSERT INTO VOTO ( "ID", "NOTA", "TIPO_VOTO", "RESTAURANTE_ID" ) VALUES(176,3,'ATENDIMENTO',1);
INSERT INTO RANKING_VOTOS ( "RANKING", "VOTOS" ) VALUES(8,176);
INSERT INTO VOTO ( "ID", "NOTA", "TIPO_VOTO", "RESTAURANTE_ID" ) VALUES(177,4,'DEMORA',1);
INSERT INTO RANKING_VOTOS ( "RANKING", "VOTOS" ) VALUES(8,177);
INSERT INTO VOTO ( "ID", "NOTA", "TIPO_VOTO", "RESTAURANTE_ID" ) VALUES(178,1,'SABOR',1);
INSERT INTO RANKING_VOTOS ( "RANKING", "VOTOS" ) VALUES(8,178);
INSERT INTO VOTO ( "ID", "NOTA", "TIPO_VOTO", "RESTAURANTE_ID" ) VALUES(179,3,'PRECO',1);
INSERT INTO RANKING_VOTOS ( "RANKING", "VOTOS" ) VALUES(8,179);
INSERT INTO VOTO ( "ID", "NOTA", "TIPO_VOTO", "RESTAURANTE_ID" ) VALUES(180,4,'LOCALIZACAO',1);
INSERT INTO RANKING_VOTOS ( "RANKING", "VOTOS" ) VALUES(8,180);
INSERT INTO VOTO ( "ID", "NOTA", "TIPO_VOTO", "RESTAURANTE_ID" ) VALUES(181,4,'ATENDIMENTO',2);
INSERT INTO RANKING_VOTOS ( "RANKING", "VOTOS" ) VALUES(8,181);
INSERT INTO VOTO ( "ID", "NOTA", "TIPO_VOTO", "RESTAURANTE_ID" ) VALUES(182,1,'DEMORA',2);
INSERT INTO RANKING_VOTOS ( "RANKING", "VOTOS" ) VALUES(8,182);
INSERT INTO VOTO ( "ID", "NOTA", "TIPO_VOTO", "RESTAURANTE_ID" ) VALUES(183,5,'SABOR',2);
INSERT INTO RANKING_VOTOS ( "RANKING", "VOTOS" ) VALUES(8,183);
INSERT INTO VOTO ( "ID", "NOTA", "TIPO_VOTO", "RESTAURANTE_ID" ) VALUES(184,4,'PRECO',2);
INSERT INTO RANKING_VOTOS ( "RANKING", "VOTOS" ) VALUES(8,184);
INSERT INTO VOTO ( "ID", "NOTA", "TIPO_VOTO", "RESTAURANTE_ID" ) VALUES(185,1,'LOCALIZACAO',2);
INSERT INTO RANKING_VOTOS ( "RANKING", "VOTOS" ) VALUES(8,185);
INSERT INTO VOTO ( "ID", "NOTA", "TIPO_VOTO", "RESTAURANTE_ID" ) VALUES(186,3,'ATENDIMENTO',3);
INSERT INTO RANKING_VOTOS ( "RANKING", "VOTOS" ) VALUES(8,186);
INSERT INTO VOTO ( "ID", "NOTA", "TIPO_VOTO", "RESTAURANTE_ID" ) VALUES(187,5,'DEMORA',3);
INSERT INTO RANKING_VOTOS ( "RANKING", "VOTOS" ) VALUES(8,187);
INSERT INTO VOTO ( "ID", "NOTA", "TIPO_VOTO", "RESTAURANTE_ID" ) VALUES(188,4,'SABOR',3);
INSERT INTO RANKING_VOTOS ( "RANKING", "VOTOS" ) VALUES(8,188);
INSERT INTO VOTO ( "ID", "NOTA", "TIPO_VOTO", "RESTAURANTE_ID" ) VALUES(189,3,'PRECO',3);
INSERT INTO RANKING_VOTOS ( "RANKING", "VOTOS" ) VALUES(8,189);
INSERT INTO VOTO ( "ID", "NOTA", "TIPO_VOTO", "RESTAURANTE_ID" ) VALUES(190,3,'LOCALIZACAO',3);
INSERT INTO RANKING_VOTOS ( "RANKING", "VOTOS" ) VALUES(8,190);
INSERT INTO VOTO ( "ID", "NOTA", "TIPO_VOTO", "RESTAURANTE_ID" ) VALUES(191,1,'ATENDIMENTO',4);
INSERT INTO RANKING_VOTOS ( "RANKING", "VOTOS" ) VALUES(8,191);
INSERT INTO VOTO ( "ID", "NOTA", "TIPO_VOTO", "RESTAURANTE_ID" ) VALUES(192,5,'DEMORA',4);
INSERT INTO RANKING_VOTOS ( "RANKING", "VOTOS" ) VALUES(8,192);
INSERT INTO VOTO ( "ID", "NOTA", "TIPO_VOTO", "RESTAURANTE_ID" ) VALUES(193,5,'SABOR',4);
INSERT INTO RANKING_VOTOS ( "RANKING", "VOTOS" ) VALUES(8,193);
INSERT INTO VOTO ( "ID", "NOTA", "TIPO_VOTO", "RESTAURANTE_ID" ) VALUES(194,3,'PRECO',4);
INSERT INTO RANKING_VOTOS ( "RANKING", "VOTOS" ) VALUES(8,194);
INSERT INTO VOTO ( "ID", "NOTA", "TIPO_VOTO", "RESTAURANTE_ID" ) VALUES(195,5,'LOCALIZACAO',4);
INSERT INTO RANKING_VOTOS ( "RANKING", "VOTOS" ) VALUES(8,195);
INSERT INTO VOTO ( "ID", "NOTA", "TIPO_VOTO", "RESTAURANTE_ID" ) VALUES(196,1,'ATENDIMENTO',5);
INSERT INTO RANKING_VOTOS ( "RANKING", "VOTOS" ) VALUES(8,196);
INSERT INTO VOTO ( "ID", "NOTA", "TIPO_VOTO", "RESTAURANTE_ID" ) VALUES(197,2,'DEMORA',5);
INSERT INTO RANKING_VOTOS ( "RANKING", "VOTOS" ) VALUES(8,197);
INSERT INTO VOTO ( "ID", "NOTA", "TIPO_VOTO", "RESTAURANTE_ID" ) VALUES(198,3,'SABOR',5);
INSERT INTO RANKING_VOTOS ( "RANKING", "VOTOS" ) VALUES(8,198);
INSERT INTO VOTO ( "ID", "NOTA", "TIPO_VOTO", "RESTAURANTE_ID" ) VALUES(199,2,'PRECO',5);
INSERT INTO RANKING_VOTOS ( "RANKING", "VOTOS" ) VALUES(8,199);
INSERT INTO VOTO ( "ID", "NOTA", "TIPO_VOTO", "RESTAURANTE_ID" ) VALUES(200,3,'LOCALIZACAO',5);
INSERT INTO RANKING_VOTOS ( "RANKING", "VOTOS" ) VALUES(8,200);
INSERT INTO PESSOA ( "ID", "NOME" ) VALUES(9, 'Hong Bode');
INSERT INTO USUARIO ( "ID", "PESSOA_ID" ) VALUES('pedophilic@email.com',9);
INSERT INTO RANKING ( "ID", "USUARIO_ID" ) VALUES (9,'pedophilic@email.com');
INSERT INTO VOTO ( "ID", "NOTA", "TIPO_VOTO", "RESTAURANTE_ID" ) VALUES(201,3,'ATENDIMENTO',1);
INSERT INTO RANKING_VOTOS ( "RANKING", "VOTOS" ) VALUES(9,201);
INSERT INTO VOTO ( "ID", "NOTA", "TIPO_VOTO", "RESTAURANTE_ID" ) VALUES(202,1,'DEMORA',1);
INSERT INTO RANKING_VOTOS ( "RANKING", "VOTOS" ) VALUES(9,202);
INSERT INTO VOTO ( "ID", "NOTA", "TIPO_VOTO", "RESTAURANTE_ID" ) VALUES(203,3,'SABOR',1);
INSERT INTO RANKING_VOTOS ( "RANKING", "VOTOS" ) VALUES(9,203);
INSERT INTO VOTO ( "ID", "NOTA", "TIPO_VOTO", "RESTAURANTE_ID" ) VALUES(204,4,'PRECO',1);
INSERT INTO RANKING_VOTOS ( "RANKING", "VOTOS" ) VALUES(9,204);
INSERT INTO VOTO ( "ID", "NOTA", "TIPO_VOTO", "RESTAURANTE_ID" ) VALUES(205,4,'LOCALIZACAO',1);
INSERT INTO RANKING_VOTOS ( "RANKING", "VOTOS" ) VALUES(9,205);
INSERT INTO VOTO ( "ID", "NOTA", "TIPO_VOTO", "RESTAURANTE_ID" ) VALUES(206,4,'ATENDIMENTO',2);
INSERT INTO RANKING_VOTOS ( "RANKING", "VOTOS" ) VALUES(9,206);
INSERT INTO VOTO ( "ID", "NOTA", "TIPO_VOTO", "RESTAURANTE_ID" ) VALUES(207,3,'DEMORA',2);
INSERT INTO RANKING_VOTOS ( "RANKING", "VOTOS" ) VALUES(9,207);
INSERT INTO VOTO ( "ID", "NOTA", "TIPO_VOTO", "RESTAURANTE_ID" ) VALUES(208,2,'SABOR',2);
INSERT INTO RANKING_VOTOS ( "RANKING", "VOTOS" ) VALUES(9,208);
INSERT INTO VOTO ( "ID", "NOTA", "TIPO_VOTO", "RESTAURANTE_ID" ) VALUES(209,2,'PRECO',2);
INSERT INTO RANKING_VOTOS ( "RANKING", "VOTOS" ) VALUES(9,209);
INSERT INTO VOTO ( "ID", "NOTA", "TIPO_VOTO", "RESTAURANTE_ID" ) VALUES(210,3,'LOCALIZACAO',2);
INSERT INTO RANKING_VOTOS ( "RANKING", "VOTOS" ) VALUES(9,210);
INSERT INTO VOTO ( "ID", "NOTA", "TIPO_VOTO", "RESTAURANTE_ID" ) VALUES(211,1,'ATENDIMENTO',3);
INSERT INTO RANKING_VOTOS ( "RANKING", "VOTOS" ) VALUES(9,211);
INSERT INTO VOTO ( "ID", "NOTA", "TIPO_VOTO", "RESTAURANTE_ID" ) VALUES(212,4,'DEMORA',3);
INSERT INTO RANKING_VOTOS ( "RANKING", "VOTOS" ) VALUES(9,212);
INSERT INTO VOTO ( "ID", "NOTA", "TIPO_VOTO", "RESTAURANTE_ID" ) VALUES(213,2,'SABOR',3);
INSERT INTO RANKING_VOTOS ( "RANKING", "VOTOS" ) VALUES(9,213);
INSERT INTO VOTO ( "ID", "NOTA", "TIPO_VOTO", "RESTAURANTE_ID" ) VALUES(214,2,'PRECO',3);
INSERT INTO RANKING_VOTOS ( "RANKING", "VOTOS" ) VALUES(9,214);
INSERT INTO VOTO ( "ID", "NOTA", "TIPO_VOTO", "RESTAURANTE_ID" ) VALUES(215,3,'LOCALIZACAO',3);
INSERT INTO RANKING_VOTOS ( "RANKING", "VOTOS" ) VALUES(9,215);
INSERT INTO VOTO ( "ID", "NOTA", "TIPO_VOTO", "RESTAURANTE_ID" ) VALUES(216,4,'ATENDIMENTO',4);
INSERT INTO RANKING_VOTOS ( "RANKING", "VOTOS" ) VALUES(9,216);
INSERT INTO VOTO ( "ID", "NOTA", "TIPO_VOTO", "RESTAURANTE_ID" ) VALUES(217,2,'DEMORA',4);
INSERT INTO RANKING_VOTOS ( "RANKING", "VOTOS" ) VALUES(9,217);
INSERT INTO VOTO ( "ID", "NOTA", "TIPO_VOTO", "RESTAURANTE_ID" ) VALUES(218,3,'SABOR',4);
INSERT INTO RANKING_VOTOS ( "RANKING", "VOTOS" ) VALUES(9,218);
INSERT INTO VOTO ( "ID", "NOTA", "TIPO_VOTO", "RESTAURANTE_ID" ) VALUES(219,5,'PRECO',4);
INSERT INTO RANKING_VOTOS ( "RANKING", "VOTOS" ) VALUES(9,219);
INSERT INTO VOTO ( "ID", "NOTA", "TIPO_VOTO", "RESTAURANTE_ID" ) VALUES(220,5,'LOCALIZACAO',4);
INSERT INTO RANKING_VOTOS ( "RANKING", "VOTOS" ) VALUES(9,220);
INSERT INTO VOTO ( "ID", "NOTA", "TIPO_VOTO", "RESTAURANTE_ID" ) VALUES(221,1,'ATENDIMENTO',5);
INSERT INTO RANKING_VOTOS ( "RANKING", "VOTOS" ) VALUES(9,221);
INSERT INTO VOTO ( "ID", "NOTA", "TIPO_VOTO", "RESTAURANTE_ID" ) VALUES(222,3,'DEMORA',5);
INSERT INTO RANKING_VOTOS ( "RANKING", "VOTOS" ) VALUES(9,222);
INSERT INTO VOTO ( "ID", "NOTA", "TIPO_VOTO", "RESTAURANTE_ID" ) VALUES(223,2,'SABOR',5);
INSERT INTO RANKING_VOTOS ( "RANKING", "VOTOS" ) VALUES(9,223);
INSERT INTO VOTO ( "ID", "NOTA", "TIPO_VOTO", "RESTAURANTE_ID" ) VALUES(224,5,'PRECO',5);
INSERT INTO RANKING_VOTOS ( "RANKING", "VOTOS" ) VALUES(9,224);
INSERT INTO VOTO ( "ID", "NOTA", "TIPO_VOTO", "RESTAURANTE_ID" ) VALUES(225,2,'LOCALIZACAO',5);
INSERT INTO RANKING_VOTOS ( "RANKING", "VOTOS" ) VALUES(9,225);
INSERT INTO PESSOA ( "ID", "NOME" ) VALUES(10, 'Bree Roob');
INSERT INTO USUARIO ( "ID", "PESSOA_ID" ) VALUES('lighterage@email.com',10);
INSERT INTO RANKING ( "ID", "USUARIO_ID" ) VALUES (10,'lighterage@email.com');
INSERT INTO VOTO ( "ID", "NOTA", "TIPO_VOTO", "RESTAURANTE_ID" ) VALUES(226,5,'ATENDIMENTO',1);
INSERT INTO RANKING_VOTOS ( "RANKING", "VOTOS" ) VALUES(10,226);
INSERT INTO VOTO ( "ID", "NOTA", "TIPO_VOTO", "RESTAURANTE_ID" ) VALUES(227,1,'DEMORA',1);
INSERT INTO RANKING_VOTOS ( "RANKING", "VOTOS" ) VALUES(10,227);
INSERT INTO VOTO ( "ID", "NOTA", "TIPO_VOTO", "RESTAURANTE_ID" ) VALUES(228,2,'SABOR',1);
INSERT INTO RANKING_VOTOS ( "RANKING", "VOTOS" ) VALUES(10,228);
INSERT INTO VOTO ( "ID", "NOTA", "TIPO_VOTO", "RESTAURANTE_ID" ) VALUES(229,2,'PRECO',1);
INSERT INTO RANKING_VOTOS ( "RANKING", "VOTOS" ) VALUES(10,229);
INSERT INTO VOTO ( "ID", "NOTA", "TIPO_VOTO", "RESTAURANTE_ID" ) VALUES(230,5,'LOCALIZACAO',1);
INSERT INTO RANKING_VOTOS ( "RANKING", "VOTOS" ) VALUES(10,230);
INSERT INTO VOTO ( "ID", "NOTA", "TIPO_VOTO", "RESTAURANTE_ID" ) VALUES(231,1,'ATENDIMENTO',2);
INSERT INTO RANKING_VOTOS ( "RANKING", "VOTOS" ) VALUES(10,231);
INSERT INTO VOTO ( "ID", "NOTA", "TIPO_VOTO", "RESTAURANTE_ID" ) VALUES(232,4,'DEMORA',2);
INSERT INTO RANKING_VOTOS ( "RANKING", "VOTOS" ) VALUES(10,232);
INSERT INTO VOTO ( "ID", "NOTA", "TIPO_VOTO", "RESTAURANTE_ID" ) VALUES(233,5,'SABOR',2);
INSERT INTO RANKING_VOTOS ( "RANKING", "VOTOS" ) VALUES(10,233);
INSERT INTO VOTO ( "ID", "NOTA", "TIPO_VOTO", "RESTAURANTE_ID" ) VALUES(234,2,'PRECO',2);
INSERT INTO RANKING_VOTOS ( "RANKING", "VOTOS" ) VALUES(10,234);
INSERT INTO VOTO ( "ID", "NOTA", "TIPO_VOTO", "RESTAURANTE_ID" ) VALUES(235,4,'LOCALIZACAO',2);
INSERT INTO RANKING_VOTOS ( "RANKING", "VOTOS" ) VALUES(10,235);
INSERT INTO VOTO ( "ID", "NOTA", "TIPO_VOTO", "RESTAURANTE_ID" ) VALUES(236,5,'ATENDIMENTO',3);
INSERT INTO RANKING_VOTOS ( "RANKING", "VOTOS" ) VALUES(10,236);
INSERT INTO VOTO ( "ID", "NOTA", "TIPO_VOTO", "RESTAURANTE_ID" ) VALUES(237,5,'DEMORA',3);
INSERT INTO RANKING_VOTOS ( "RANKING", "VOTOS" ) VALUES(10,237);
INSERT INTO VOTO ( "ID", "NOTA", "TIPO_VOTO", "RESTAURANTE_ID" ) VALUES(238,4,'SABOR',3);
INSERT INTO RANKING_VOTOS ( "RANKING", "VOTOS" ) VALUES(10,238);
INSERT INTO VOTO ( "ID", "NOTA", "TIPO_VOTO", "RESTAURANTE_ID" ) VALUES(239,2,'PRECO',3);
INSERT INTO RANKING_VOTOS ( "RANKING", "VOTOS" ) VALUES(10,239);
INSERT INTO VOTO ( "ID", "NOTA", "TIPO_VOTO", "RESTAURANTE_ID" ) VALUES(240,3,'LOCALIZACAO',3);
INSERT INTO RANKING_VOTOS ( "RANKING", "VOTOS" ) VALUES(10,240);
INSERT INTO VOTO ( "ID", "NOTA", "TIPO_VOTO", "RESTAURANTE_ID" ) VALUES(241,3,'ATENDIMENTO',4);
INSERT INTO RANKING_VOTOS ( "RANKING", "VOTOS" ) VALUES(10,241);
INSERT INTO VOTO ( "ID", "NOTA", "TIPO_VOTO", "RESTAURANTE_ID" ) VALUES(242,4,'DEMORA',4);
INSERT INTO RANKING_VOTOS ( "RANKING", "VOTOS" ) VALUES(10,242);
INSERT INTO VOTO ( "ID", "NOTA", "TIPO_VOTO", "RESTAURANTE_ID" ) VALUES(243,1,'SABOR',4);
INSERT INTO RANKING_VOTOS ( "RANKING", "VOTOS" ) VALUES(10,243);
INSERT INTO VOTO ( "ID", "NOTA", "TIPO_VOTO", "RESTAURANTE_ID" ) VALUES(244,4,'PRECO',4);
INSERT INTO RANKING_VOTOS ( "RANKING", "VOTOS" ) VALUES(10,244);
INSERT INTO VOTO ( "ID", "NOTA", "TIPO_VOTO", "RESTAURANTE_ID" ) VALUES(245,5,'LOCALIZACAO',4);
INSERT INTO RANKING_VOTOS ( "RANKING", "VOTOS" ) VALUES(10,245);
INSERT INTO VOTO ( "ID", "NOTA", "TIPO_VOTO", "RESTAURANTE_ID" ) VALUES(246,2,'ATENDIMENTO',5);
INSERT INTO RANKING_VOTOS ( "RANKING", "VOTOS" ) VALUES(10,246);
INSERT INTO VOTO ( "ID", "NOTA", "TIPO_VOTO", "RESTAURANTE_ID" ) VALUES(247,5,'DEMORA',5);
INSERT INTO RANKING_VOTOS ( "RANKING", "VOTOS" ) VALUES(10,247);
INSERT INTO VOTO ( "ID", "NOTA", "TIPO_VOTO", "RESTAURANTE_ID" ) VALUES(248,3,'SABOR',5);
INSERT INTO RANKING_VOTOS ( "RANKING", "VOTOS" ) VALUES(10,248);
INSERT INTO VOTO ( "ID", "NOTA", "TIPO_VOTO", "RESTAURANTE_ID" ) VALUES(249,3,'PRECO',5);
INSERT INTO RANKING_VOTOS ( "RANKING", "VOTOS" ) VALUES(10,249);
INSERT INTO VOTO ( "ID", "NOTA", "TIPO_VOTO", "RESTAURANTE_ID" ) VALUES(250,2,'LOCALIZACAO',5);
INSERT INTO RANKING_VOTOS ( "RANKING", "VOTOS" ) VALUES(10,250);